<?xml version="1.0" encoding="UTF-8"?>
<words>
  <entry>
    <word>د ګودر غاړه</word>
    <int>
      <pron>(دَ+ګُو+دُ+رْ+—)</pron>
      <gram>[اس-مذ-ج— ړے]</gram>
      <poem>كۀ دې زما ديدن ياديږي&lt;br/&gt;د ګودر غاړه اجاره واخله مئينه&lt;br/&gt;(ټپه)</poem>
      <meanings>
        <meaning>د ګودر د بهاندو اوبو په خوا كښې وچه زمكه.</meaning>
      </meanings>
    </int>
  </entry>
</words>
