<?xml version="1.0" encoding="UTF-8"?>
<words>
  <entry>
    <word>روړه</word>
    <int>
      <pron>(رو+ړَ)</pron>
      <gram>[ق.اِس.مؤ]</gram>
      <poem/>
      <meanings>
        <meaning>راړه. يو قسم ګډه وډه ډوډۍ . ګډ ګاډلے.</meaning>
      </meanings>
    </int>
  </entry>
<entry><word>روړۍ</word><int><pron>(رو+ړَ+ ۍ)</pron><gram>[پ. ه. روړي. اِس. مؤ]</gram><poem/><meanings><meaning>د ټکېدلي کاڼو ټکړې يا ټوټې چې سړک يا د فرش په پخولو کښې لاندې اچوي او ټکوي ئې. هغه واړه واړه مات کړي شوي کاڼي چې سړکونه پرې پخوي.</meaning></meanings></int><int><pron>(رو+ ړ+ ئی)</pron><gram>[اِس.مؤ]</gram><poem/><meanings><meaning/><meaning>روړے. دسپي ژړا۔ د سپي مسلسل اواز.</meaning><meaning>واړۀ واړۀ مات شوي۔ کاڼي يا خښتې.</meaning></meanings></int></entry><entry><word>روړے</word><int><pron>(رو+ړے)</pron><gram>[پ.اِس.ج]</gram><poem></poem><meanings><meaning>د سپي ژړا اوږدې اوږدې چغې ايستل.</meaning></meanings></int></entry></words>
