<?xml version="1.0" encoding="UTF-8"?>
<words>
  <entry>
    <word>رايې عامه</word>
    <int>
      <pron>(را+يې+—)</pron>
      <gram>[عف تر-اس-مو]</gram>
      <poem/>
      <meanings>
        <meaning>د عامو خلقو رايې- د ټول اولس رايې- د ټول قام رايې يا خيال.</meaning>
      </meanings>
    </int>
  </entry>
<entry><word>رايستلے</word><int><pron>(را+ي+س+ت+لَے)</pron><gram>[پ.مف.مذ.وا.ج:رايستلي.مؤ:رايستلې]</gram><poem/><meanings><meaning/><meaning>راويستلے. رابهر کړے. راښکاره کړے.</meaning></meanings></int></entry><entry><word>رايستنه</word><int><pron>(را + ي + س + ت + نَه)</pron><gram>[پ.حمص]</gram><poem/><meanings><meaning>. رايستۀ. راويستنه. رابهر ته کوونه. راښکاره کوونه. په ډاګه کوونه.</meaning></meanings></int></entry><entry><word>رايستونکے</word><int><pron>(را+ ي + س + تو + ن + کَے)</pron><gram>[پ.فاع.مذ. وا. ج: رايستونکي. مؤ: رايستونکې]</gram><poem/><meanings><meaning>. راويستونکے. رابهر کوونکے. راښکاره کوونکے.  راميدان ته کوونکے.</meaning></meanings></int></entry><entry><word>رايسته</word><int><pron>(را+ ي + س + ته)</pron><gram>[پ.حمص].</gram><poem/><meanings><meaning>و ______ رايستنه.</meaning></meanings></int><int><pron>(را + ي + س + تَه).</pron><gram>[پ.ص]</gram><poem/><meanings><meaning>را هيسته. رادېخوا. رانزدې.</meaning></meanings></int></entry><entry><word>رايل</word><int><pron>(را+ي+ س+تَه)</pron><gram>[اَنګ.ص]</gram><poem/><meanings><meaning>شاهي. بادشاهي. شاهانه.</meaning></meanings></int></entry><entry><word>رايېدل</word><int><pron>(را+ېې+ د+ ل)</pron><gram>[اَف:پ (قاموس).مص]</gram><poem></poem><meanings><meaning>د خر هڼېندل. د خر نړېدل.
 د خر خرتېدل. دَخر اواز راويستل.</meaning></meanings></int></entry></words>
