<?xml version="1.0" encoding="UTF-8"?>
<words>
  <entry>
    <word>روز</word>
    <int>
      <pron>(رو+ز)</pron>
      <gram>[فا به اسم.]</gram>
      <poem/>
      <meanings>
        <meaning>عموماً د فارسۍ مرکبا تو کښې راځي.و_____ ورځ يا ورځ</meaning>
        <meaning>مزدوري. د ورځې اجرت.</meaning>
      </meanings>
    </int>
  </entry>
<entry><word>روزانه</word><int><pron>(رو + زا + نَه)</pron><gram>[فا.مؤ]</gram><poem></poem><meanings><meaning></meaning><meaning>هره ورځ. روزمره. همزوره.</meaning><meaning>د هرې ورځې معاوضه. مزدوري۔</meaning></meanings></int></entry></words>
