<?xml version="1.0" encoding="UTF-8"?>
<words>
  <entry>
    <word>رژېدل</word>
    <int>
      <pron>(ر+ژ+ې+د+ل)</pron>
      <gram>[پ.مص لا]</gram>
      <poem/>
      <meanings>
        <meaning>په ګوتو دانې بيلېدل. دوړېدل. راپرېوتل.
 چې په صبح شګفته په شام رژي
څۀ امېد دے د ګلونو په ګلزار رحمٰن بابا</meaning>
      </meanings>
    </int>
  </entry>
<entry><word>رژېدلے</word><int><pron>(ر+ژ ې+د+ لَے)</pron><gram>[پ.مف.مذ.وا.ج: رژېدلي. مؤ: رژېدلې]</gram><poem/><meanings><meaning>. دوړېدلے. راپرېوتلے. په ګوتو دانې بيلې کړې.</meaning></meanings></int></entry><entry><word>رژېدنګ</word><int><pron>(رَ+ژ +ې+دَ+ن+ګ)[اَف: پ (قاموس).</pron><gram>[اَف: پ (قاموس).حمص]</gram><poem/><meanings><meaning>حمص] رژېدنه.</meaning></meanings></int></entry><entry><word>رژېدنه</word><int><pron>(ر+ ژ +ې+ د + نَه)</pron><gram>[پ.حمص]</gram><poem/><meanings><meaning>رژېدنګ. رژېدۀ. دوړېدنه. راپرېوتنه. دونو پاڼې راغور ځېدنه. په ګوتو دانې بيلېدنه.</meaning></meanings></int></entry><entry><word>رژېدونکے</word><int><pron>(ر+ژ+ې+دو+ن+کَے)</pron><gram>[پ.مپ.مذ.وا.ج:رژېدونکي.مؤ:         رژېدونکې]</gram><poem/><meanings><meaning>دوړېدونکے. راپرېوتونکے. د ونې پاڼې راغورځېدونکے.</meaning></meanings></int></entry><entry><word>رژېده</word><int><pron>(ر+ ژ +ې + ده)</pron><gram>[پ.حمص]</gram><poem></poem><meanings><meaning>و ______ رژېدنه.</meaning></meanings></int></entry></words>
