<?xml version="1.0" encoding="UTF-8"?>
<words>
  <entry>
    <word>را پورې غاړه</word>
    <int>
      <pron>(را+پو+رې—)</pron>
      <gram>[پ تر-اس-مؤ-ج:رې]</gram>
      <poem/>
      <meanings>
        <meaning>د سيند سړك وغېره را په دې طرف- (يعنې د متكلم طرف ته).</meaning>
      </meanings>
    </int>
  </entry>
<entry><word>را اچول</word><int><pron></pron><gram>(اص)</gram><poem></poem><meanings><meaning></meaning><meaning>څوک خپل خوا ته راغورځول ، څۀ څيز خپل لور ته راګذارول</meaning><meaning>څوک راپرزول ، زمکې ته راګذارول په ډاګه ويشتل</meaning><meaning>د يو لوښي نه بل ته څۀ څيز تويول يا اچول</meaning></meanings></int></entry></words>
