<?xml version="1.0" encoding="UTF-8"?>
<words>
  <entry>
    <word>رنګ الوتل</word>
    <int>
      <pron></pron>
      <gram>(اص)</gram>
      <poem></poem>
      <meanings>
        <meaning>لُغ : رنګ پيکه کېدل يا ختمېدل ، اص : د يرې يا تعجب په موقع د څهرې رنګ بدلېدل ، اک بک پاتې کېدل ، اريان دريان کېدل ، وارخطا کېدل ، زيړه ګونه تښتېدل يا تلل</meaning>
      </meanings>
    </int>
  </entry>
</words>
