<?xml version="1.0" encoding="UTF-8"?>
<words>
  <entry>
    <word>راپ</word>
    <int>
      <pron>(را+ پ)</pron>
      <gram>[اَف: پ (قاموس). اِس مذ]</gram>
      <poem/>
      <meanings>
        <meaning>يو بوټے چې د هنج په شان بوي لري او زيړ ګل لري. د ګډ په غوښه ئې دوړوي چې سخانه شي اوښه بوي ترينه راخېژي.</meaning>
      </meanings>
    </int>
  </entry>
<entry><word>راپاڅول</word><int><pron>(را+پا+څ+ و + ل).</pron><gram>[مص مت]</gram><poem/><meanings><meaning/><meaning>د خوبه رابېدارول. راويښول.</meaning><meaning>څوک څۀ معاملې يا قصې ته تيارول.</meaning><meaning>راولاړول.</meaning></meanings></int></entry><entry><word>راپاڅونه</word><int><pron>(را+پا+څ+و+نه).</pron><gram>[پ. حمص]</gram><poem/><meanings><meaning/><meaning>د خوب نه رابېدارونه. راويښېدنه</meaning><meaning>څوک څۀ معاملې يا قصې ته تيارونه.</meaning><meaning>راولاړونه.</meaning></meanings></int></entry><entry><word>راپاڅوونکے</word><int><pron>(را+پا+ت+سه+وو+ن+کے).</pron><gram>[پ.فاع. مذ.وا. ج: راپاڅوونکي. مؤ: راپاڅوونکې]</gram><poem/><meanings><meaning/><meaning>د خوب نه رابېدار کوونکے. ويښوونکے.</meaning><meaning>څوک د څۀ معاملې د پاره تياروونکے.</meaning><meaning>راولاړوونکے.</meaning></meanings></int></entry><entry><word>راپاڅېدل</word><int><pron>(را+پا+څې+د+ل)</pron><gram>[پ.مصلا].</gram><poem></poem><meanings><meaning></meaning><meaning>د خوب نه رابېدارېدل. ويښېدل.</meaning><meaning>راولاړېدل.</meaning><meaning>څۀ معاملې يا جګړې د پاره راوچتېدل.</meaning></meanings></int></entry></words>
