<?xml version="1.0" encoding="UTF-8"?>
<words>
  <entry>
    <word>رښتونڤ عشق</word>
    <int>
      <pron>(ر+خ+(شْ)+تُو+نے+—)</pron>
      <gram/>
      <poem/>
      <meanings>
        <meaning/>
      </meanings>
    </int>
  </entry>
<entry><word>رښتينڤ عشق</word><int><pron>(رِ+خْ (ش)+تي+نے+—)</pron><gram>[عپ تر-اس-مذ]</gram><poem></poem><meanings><meaning>رښتينه مينه- هغه مينه چې څه شهواني اثر پكښې نۀ وي.</meaning><meaning>د خدائے پاك مينه.</meaning></meanings></int></entry></words>
