<?xml version="1.0" encoding="UTF-8"?>
<words>
  <entry>
    <word>رژولے</word>
    <int>
      <pron>(ر+ژ+و+لَے)</pron>
      <gram>[پ.مف.مذ.وا.ج: رژولي. مؤ: رژولې]</gram>
      <poem/>
      <meanings>
        <meaning>دوړولے. د ونو نه پاڼې راغورځولے. په ګوتو دانې بيلې کړې شوې.
رژون</meaning>
      </meanings>
    </int>
  </entry>
<entry><word>رژون</word><int><pron>(ر+ژو+ن)</pron><gram>[پ.اِس.مذ]</gram><poem/><meanings><meaning>رژېدل. دوړېدل. دَونونه پاڼې راغورځېدل. رېژون. 
 په سمه که په غرۀ وي د بهار خاصه ګلونه
آخر به ئې رژن وي د ګلونو له درخته خوشحال</meaning></meanings></int></entry><entry><word>رژونه</word><int><pron>(ر+ژ+ و+ نَه)</pron><gram>[پ.حمص]</gram><poem/><meanings><meaning>په ګوتو دانې بيلونه. دوړونه.</meaning></meanings></int><int><pron>(ر+ژ+و+ نَه)</pron><gram>[پ.حمص]</gram><poem></poem><meanings><meaning>رژونګ. په ګوتو دانې بيلونه. دوړونه. دونو  نه پڼې غورځونه.</meaning></meanings></int></entry><entry><word>رژوونکے</word><int><pron>(ر+ژ+ وو+ن+کَے)</pron><gram>[پ.فاع.مذ.وا.ج: رژوونکي. مؤ: رژوونکې]</gram><poem/><meanings><meaning>په ګوتو دانې بيلوونکے. دوړوونکے. د ونو نه پاڼې راغورځوونکے.</meaning></meanings></int></entry></words>
