<?xml version="1.0" encoding="UTF-8"?>
<words>
  <entry>
    <word>زادګي</word>
    <int>
      <pron>(زا+د+ګي)</pron>
      <gram>[ف تر.]</gram>
      <poem/>
      <meanings>
        <meaning>پېداوښت. په مرکباتو کښې استعماليږي۔ لکه شاهزادګۍ. حرامزادګۍ.</meaning>
      </meanings>
    </int>
  </entry>
<entry><word>زاده</word><int><pron>(زا+د+ه)</pron><gram>[فا.لا حقه مذکر]</gram><poem/><meanings><meaning>پېدا شوے. زېږېدلے.عموماً په مرکباتو کښې استعماليږي. لکه شاهزاده . خان زاده. حرام زاده.</meaning></meanings></int></entry><entry><word>زادي</word><int><pron>(زا+دي)</pron><gram>[فا.ص.مؤ]</gram><poem></poem><meanings><meaning>په مرکباتو کښې په طور د لاحقې استعماليږي. لکه: شاهزادي. نوابزادي وغېره.</meaning></meanings></int></entry></words>
