<?xml version="1.0" encoding="UTF-8"?>
<words>
  <entry>
    <word>زبېښلے</word>
    <int>
      <pron>(ز+بي+خ/ ش+لَے)</pron>
      <gram>[پ.مف.مذ.ج: زبېښلی. مؤ: زبېښلے]</gram>
      <poem/>
      <meanings>
        <meaning>چوپلے. رودلے. زبېللے.</meaning>
      </meanings>
    </int>
  </entry>
<entry><word>زبېښند</word><int><pron>(ز+بي+خ/ش+ ن+د)</pron><gram>[ق.اِس.مذ.مؤ: زبېښنده.ج مؤ: زبېښندې]</gram><poem/><meanings><meaning>جاذب. څټونکے. څکوونکے. سيچټ.</meaning></meanings></int></entry><entry><word>زبېښندوکے</word><int><pron>(ز+بي+خ/ش+ن+دو+کَے)</pron><gram>[ق.اِس.مذ.ج: زبېښندوکي]</gram><poem/><meanings><meaning>څوښۍ. چوسني.</meaning></meanings></int></entry><entry><word>زبېښنګ</word><int><pron>(ز+بي+خ/ ش+ن+ګ)</pron><gram/><poem/><meanings><meaning>[ق.حمص]و. زبېښنه۔</meaning></meanings></int></entry><entry><word>زبېښنه</word><int><pron>(ز+بے+خ/ ش+نَه)</pron><gram/><poem/><meanings><meaning>[پ.حمص]چوپنه. دودنه. زبېلنه. زبېښنګ. زبېلنګ۔</meaning></meanings></int></entry><entry><word>زبېښونکے</word><int><pron>(ز+بي+ خو/ شو+ن+ کے)</pron><gram>[پ.اِس فاع. مذ.ج: زبېښونکي. مؤ: زبېښونکې]</gram><poem/><meanings><meaning>چوپونکے. رودونکے. جاذب. زبلونکے.</meaning></meanings></int></entry><entry><word>زبېلل</word><int><pron>(ز+بي+ل+ل)</pron><gram>[ق.مص مت]</gram><poem/><meanings><meaning>(و ______ زبېښل)</meaning></meanings></int></entry><entry><word>زبېلنه</word><int><pron>(ز+بې+ل+نَه)</pron><gram>[ق.حمص]</gram><poem/><meanings><meaning>و ______ زبېښنه.</meaning></meanings></int></entry><entry><word>زبېلونکے</word><int><pron>(ز+بې+ لو+ ن+کے)</pron><gram>[ق.فاع.مذ.ج: زبېلونکي. مؤ: بېلونکې]</gram><poem/><meanings><meaning>(و ______ زبېښونکے)</meaning></meanings></int></entry><entry><word>زبېنګے</word><int><pron>(ز+ې+ ګَے)</pron><gram>[ق.اِس.مذ.ج: زبېنګي]</gram><poem></poem><meanings><meaning>خشنګ. شوخ. ترهېدونکے. لاس نۀ منونکے.</meaning></meanings></int></entry></words>
