<?xml version="1.0" encoding="UTF-8"?>
<words>
  <entry>
    <word>زاړۀ اډوکي</word>
    <int>
      <pron/>
      <gram>(اص)</gram>
      <poem/>
      <meanings>
        <meaning>مشران ، بزرګان ، پلار نيکۀ ، بوډاګان ، سپين ډکي ، د پلار نيکۀ اډوکي ، د پلار نيکۀ جائيداد</meaning>
      </meanings>
    </int>
  </entry>
<entry><word>زاړۀ اډوکي خرڅول</word><int><pron/><gram>(اص)</gram><poem/><meanings><meaning/><meaning>د پلار نيکۀ نه پاتې شوے جائيداد خرڅول د پلار نيکۀ جائيداد بربادول ، خانداني يا موروثي جائيداد بربادول</meaning><meaning>زړې اشنايۍ هېرول ، زړو سترګو ته نۀ کتل</meaning><meaning>د پلار نيکۀ په يارانه پسې راتلل ، د پلرونو نيکونو د اشنايۍ په وجه د چا نه کار اخستل</meaning></meanings></int></entry><entry><word>زاړۀ اډوکي رايستل</word><int><pron></pron><gram>(اص)</gram><poem></poem><meanings><meaning></meaning><meaning>زړې خبرې رابرڅېره کول ، تېرې هېرې خبرې بيا راسپړدل ، زَړه دښمني تازه کول</meaning><meaning>مشرانو ته سپکې وئيل ، پلار نيکۀ ته زيړې يا کنځلې کول ، پلار نيکۀ راسپړدل</meaning></meanings></int></entry></words>
