<?xml version="1.0" encoding="UTF-8"?>
<words>
  <entry>
    <word>زپېدل</word>
    <int>
      <pron>(ز+ پې+ د+ ل)</pron>
      <gram>[پ.مص مت]</gram>
      <poem/>
      <meanings>
        <meaning>ازارېدل. تکليف رسېدل.</meaning>
      </meanings>
    </int>
  </entry>
<entry><word>زپېدلے</word><int><pron></pron><gram>[پ.مف.مذ.ج:زپېدلي.مؤ:زپېدلې]</gram><poem></poem><meanings><meaning>(ز+پې+د+لَے)ازارېدلے. کړېدلے.
بېلتون د ستا په ما څۀ اوکړو ګُلې
ډېر زپېدلے تور بورا شومه زۀ   صادق الله اورکزے</meaning></meanings></int></entry></words>
