<?xml version="1.0" encoding="UTF-8"?>
<words>
  <entry>
    <word>زار</word>
    <int>
      <pron>(زا+ ر)</pron>
      <gram>[پ.مذ]</gram>
      <poem/>
      <meanings>
        <meaning>جار۔ قربان.</meaning>
      </meanings>
    </int>
  <int><pron>(زا+ر)</pron><gram>[پ. اس.مذ]</gram><poem></poem><meanings><meaning>پريشاني. مصيبت. تکليف۔</meaning><meaning>ژړا۔ فرياد۔ کوکه</meaning><meaning>ګله. شکايت.
        سخ د هغه چا دې چې په در کښې ئې قــبول شـــي</meaning></meanings></int></entry>
</words>
