<?xml version="1.0" encoding="UTF-8"?>
<words>
  <entry>
    <word>زپ</word>
    <int>
      <pron>(ز+پ)</pron>
      <gram>[پ.ص]</gram>
      <poem></poem>
      <meanings>
        <meaning>عموماً د "زوړ" سره استعمالېږي لکه: زوړ زپ. په معني د ډېر زيات زوړ. بد حاله. کمزورے.
دا مې بخت دے چې وصال ئې له ما وشو
ځوان کړي کله اٰشنائي له زاړۀ زپ  خوشحال</meaning>
      </meanings>
    </int>
  </entry>
</words>
