<?xml version="1.0" encoding="UTF-8"?>
<words>
  <entry>
    <word>زپل</word>
    <int>
      <pron>(زَ+پ+ل)</pron>
      <gram>[پ.مص مت]</gram>
      <poem/>
      <meanings>
        <meaning>تکليف رسول. ازارول. کړول. زبل.</meaning>
      </meanings>
    </int>
  </entry>
<entry><word>زپلتوب</word><int><pron>(زپل+تو+ب)</pron><gram>[پ.اِس.مذ]</gram><poem/><meanings><meaning>د زپلو يعني د اذيت رسولو کار يا حالت.</meaning></meanings></int></entry><entry><word>زپلے</word><int><pron>(زَ+پ+لَے)</pron><gram>[پ.مف.مذ.ج: زپلي. مؤ: زپلې]</gram><poem></poem><meanings><meaning>زبلے. ازارېدلے. په تکليف شوے.
بېلتانۀ مو ساه صورت ښائسته خل مل کړ
د ملکو سوال، د ګور تنګۍ زپليو  حافظ</meaning></meanings></int></entry></words>
