<?xml version="1.0" encoding="UTF-8"?>
<words>
  <entry>
    <word>زړۀ اچول</word>
    <int>
      <pron/>
      <gram>(اص)</gram>
      <poem/>
      <meanings>
        <meaning/>
        <meaning>ويرېدل ، په زړۀ کښې ويره راتلل</meaning>
        <meaning>مايوسه کېدل ، نامېده کېدل ، زړۀ بائيلل</meaning>
        <meaning>په مسافرۍ کښې کور کلے رايادېدل</meaning>
      </meanings>
    </int>
  </entry>
<entry><word>زړۀ ته اچول</word><int><pron/><gram>(اص)</gram><poem/><meanings><meaning/><meaning>په څۀ خبره خفګان کول ،زړۀ خفه کول ،</meaning><meaning>د چا دپاره په زړۀ کښې بغض کينه لرل زړۀ ته غوټه اچول</meaning></meanings></int></entry><entry><word>زړۀ کښې اچول</word><int><pron/><gram>(اص)</gram><poem/><meanings><meaning/><meaning>څۀ خبره ياد ساتل ، يوه خبره باندې يقين ساتل</meaning><meaning>د حد نه زياته مينه لرل ، يادونه زړۀ کښې ساتل</meaning><meaning>زړۀ کښې پټول ، زړۀ کښې ځايول ، زړۀ کښې ګرځول</meaning></meanings></int></entry><entry><word>زړۀ اواګير کېدل</word><int><pron></pron><gram>(اص)</gram><poem></poem><meanings><meaning></meaning><meaning>زړۀ پاڅېدل ، زړۀ اوچتېدل ، زړۀ چګېدل</meaning><meaning>د زړۀ اوا خوړل زړۀ مينېدل</meaning></meanings></int></entry></words>
