<?xml version="1.0" encoding="UTF-8"?>
<words>
  <entry>
    <word>سعودي عرب</word>
    <int>
      <pron>(سَ+عُو+دِي+—)</pron>
      <gram>[اس-مع]</gram>
      <poem></poem>
      <meanings>
        <meaning>په عربستان كښې يو لوئے مملكت چې مملكت چې مكه معظمه، مدينه منوره، جده، طائف او رياض وغېره ښهرونه پكښې دي- د دې ملك بنياد د سطان عبدالعزيز ابن سعود اېښے ؤ- ځكه دا نوم پرې كېښودے شۀ.</meaning>
      </meanings>
    </int>
  </entry>
</words>
