<?xml version="1.0" encoding="UTF-8"?>
<words>
  <entry>
    <word>سوړ اسوېلــےکښل</word>
    <int>
      <pron></pron>
      <gram>(اف مح)</gram>
      <poem>کله کله تانه ربه د وړو په شان ګېلې&lt;br/&gt;کله تود ژوندے اُميد کل سوے اسوېلې         (غني خان)</poem>
      <meanings>
        <meaning>اص: ډېر غمجنېدل زيات افسوس کول ، ارماني کېدل</meaning>
        <meaning>سوے، د زړۀ د سُوخته راختلے اسوېلے د ډېر غم په حالت کښې اسوېلے راکښل د ګيلې مانې اسوېلے</meaning>
        <meaning>لُغ : سړه ساه راکښل</meaning>
      </meanings>
    </int>
  </entry>
</words>
