<?xml version="1.0" encoding="UTF-8"?>
<words>
  <entry>
    <word>سور اور</word>
    <int>
      <pron/>
      <gram/>
      <poem/>
      <meanings>
        <meaning>اص : زيات تکليف،ډېرمصيبت،زياته سختي</meaning>
        <meaning>لُغ  بل اور</meaning>
      </meanings>
    </int>
  </entry>
<entry><word>سور اور په خولۀ کښې وړل</word><int><pron/><gram/><poem/><meanings><meaning>اص : ډېر تکړه کېدل ، بې حده زيات تېزېدل</meaning><meaning>لُغ بل اور ته په خولۀ کښې د يو ځاے    نه بل ځاے ته وړل</meaning></meanings></int></entry><entry><word>سور اور قبلول</word><int><pron/><gram/><poem/><meanings><meaning>(اص) زيات تکليف او کړان ته غاړه کښېښودل ، په خپله مرضۍ ځان په تکليف او عذاب کښې ګېرول</meaning></meanings></int></entry><entry><word>سور اور کښې لاس ورمنډل</word><int><pron/><gram>(اص)</gram><poem/><meanings><meaning/><meaning>هېڅ بې هېڅه ځان ته لانجه پېدا کول ، خوا مخواه ځان په اور ګډول</meaning><meaning>ډېر بې تابه کېدل</meaning></meanings></int></entry><entry><word>سوراهاړ</word><int><pron></pron><gram></gram><poem></poem><meanings><meaning>(اص) سخته ګرمي، سوُونکے نمر</meaning></meanings></int></entry></words>
