<?xml version="1.0" encoding="UTF-8"?>
<words>
  <entry>
    <word>سترګې اړول</word>
    <int>
      <pron></pron>
      <gram>(اص)</gram>
      <poem></poem>
      <meanings>
        <meaning></meaning>
        <meaning>يو خوا بل خوا کتل ، لور په لور کتل</meaning>
        <meaning>دوست يا پېژندګلو نه ځان ژغورل ،احسان فراموشي لا پروائي کول ،بې وفائي کول ، نيت بدلېدل ، د چا نه ځان ننګاره کول ، بې پروائي ، سترګې پټول ،</meaning>
        <meaning>د چا د ليدو په خواهش کښې اخوا دېخوا کتل ، چا ته انتظار کول ، په تلو تلو کښې شاته کتل</meaning>
        <meaning>مدد غوښتل ، کومک غوښتل</meaning>
      </meanings>
    </int>
  </entry>
</words>
