<?xml version="1.0" encoding="UTF-8"?>
<words>
  <entry>
    <word>سر اچول</word>
    <int>
      <pron/>
      <gram>(اص)</gram>
      <poem/>
      <meanings>
        <meaning/>
        <meaning>خوښول ، د خوښې ښکاره کول ، په ډول سر خوځول</meaning>
        <meaning>په ګډا کښې سر يو خوا بل خوا اړول را اړول</meaning>
        <meaning>د چاربيتې يا سندرې اولنۍ مصرعه اړول</meaning>
      </meanings>
    </int>
  </entry>
<entry><word>سر اړول</word><int><pron></pron><gram>(اص)</gram><poem></poem><meanings><meaning></meaning><meaning>وېښتۀ ږمنځ کول ، سر ژمنځول ، سرڅڼې کول ،</meaning><meaning>د چاربېتې يا سندرې شروع کول او بيا د نورو ملګرو د اول مصرعې تکرار کول</meaning><meaning>په چا بدل اړول ، په دښمنۍ کښې د چا نه د قتل پور اخستل</meaning><meaning>سر تاوول ، سرکشي کول</meaning></meanings></int></entry></words>
