<?xml version="1.0" encoding="UTF-8"?>
<words>
  <entry>
    <word>ستا پړڤ او زما غاړه</word>
    <int>
      <pron></pron>
      <gram></gram>
      <poem></poem>
      <meanings>
        <meaning>عموماً د خپلې صفايۍ د ښكاره كولو دپاره ويلے شي. چې كه زۀ مجرم ثابت شوم- نو تۀ پړے زما په غاړه كښې واچوه- او كومه سزا چې راكول غواړې زما به هېڅ عذر نۀ وي.</meaning>
      </meanings>
    </int>
  </entry>
</words>
