<?xml version="1.0" encoding="UTF-8"?>
<words>
  <entry>
    <word>شوه ګر</word>
    <int>
      <pron>(—+ګَ+رْ)</pron>
      <gram>[عف تر-صف-مذ-مؤ:ه]</gram>
      <poem>د معشوقې د صفت په طور استعماليږي&lt;br/&gt;دلنوازه، سرفرازه، عشوه سازه، لعبت بازه&lt;br/&gt;(خوشحال)</poem>
      <meanings>
        <meaning>نازخرې كوونكے كېځ مكېځ كوونكے.</meaning>
      </meanings>
    </int>
  </entry>
</words>
