<?xml version="1.0" encoding="UTF-8"?>
<words>
  <entry>
    <word>شر اچول</word>
    <int>
      <pron/>
      <gram>(اص)</gram>
      <poem/>
      <meanings>
        <meaning>فساد جوړول ، جګړه جوړول ، خبره ورانول ، د وراني دپاره خبره کول ، خبره وراني ته نيول يا اړول ،شېطاني کول</meaning>
      </meanings>
    </int>
  </entry>
<entry><word>شر صواب</word><int><pron/><gram/><poem/><meanings><meaning>(اص) درست کار کوونکي، د ښې رايې خاوندان، ښۀ خلک</meaning></meanings></int></entry></words>
