<?xml version="1.0" encoding="UTF-8"?>
<words>
  <entry>
    <word>شمه</word>
    <int>
      <pron>(شَ+م)</pron>
      <gram>[اس ۔ مو، ج ۔ شمې]</gram>
      <poem/>
      <meanings>
        <meaning>توره خېمه چې د بزو د تور ژعوني نه جوړه شوې وي ۔</meaning>
      </meanings>
    </int>
  <int><pron>(شِ+م+مَ)</pron><gram>[ع ۔ مو، ج ۔ شّمې]</gram><poem/><meanings><meaning/><meaning>لږ شان ۔ پوټے شان ۔ يو پوټسکے</meaning><meaning>عادت ۔ رسم ۔</meaning><meaning>لږه شان خوش بوي۔
شمېره</meaning></meanings></int><int><pron>(شَ+مَ)</pron><gram>[اس ۔ مو ۔ ج ۔ شمې]</gram><poem></poem><meanings><meaning>د ”شمع“ پښتو تلفظ ۔ (و۔۔۔۔۔۔ شمع)</meaning></meanings></int></entry>
</words>
