<?xml version="1.0" encoding="UTF-8"?>
<words>
  <entry>
    <word>شدّاد</word>
    <int>
      <pron>(شَ+د+دا+د)</pron>
      <gram>[اس مع]</gram>
      <poem></poem>
      <meanings>
        <meaning>د يو پخواني قام ”عاد“ د يو زورور بادشاه نوم ۔ دۀ د ”باغِ ارم“ (دام جنت) په نوم يو عظيم الشان باغ جوړ کړے وۀ خو په دې باغ کې ئې دخلېدل نصيب نۀ شول ۔ وائي چې د خدايئ دعوىٰ ئې کړے وه
ده مکاره پت ئې نشته له هېڅ ياره
پهيارۍ ئې پښېماني دعاد شداد وشي  (حافظ)</meaning>
      </meanings>
    </int>
  </entry>
</words>
