<?xml version="1.0" encoding="UTF-8"?>
<words>
  <entry>
    <word>شّد</word>
    <int>
      <pron>(شَ+د)  123 کلکونه ۔ مضبوطونه ۔ 123 تشديد ۔ په يو لفظ کښې چې يو لفظ دوه ځله راشي  نو دواړه په يو کښې مدغم کول ۔ 123 د تشديد علامت يعني ( ّ) ۔ـــــــــ او مّد:۔ (اَ+و+مَ+د) (ع ۔ تف) 123 پوره زور او قوت سره ۔  سختي او تندۍ سره ۔ 123 شان و شوکت ۔ عزت او ابرو ۔  ـــــــــ:۔        (ش+د)</pron>
      <gram>[ع ۔ اس ۔ مذ]</gram>
      <poem></poem>
      <meanings>
        <meaning>(د شدن نه د ماضې فعل دے) وشه ۔ اوشه ۔ (شوے دے ۔ تېر شه)۔</meaning>
      </meanings>
    </int>
  </entry>
</words>
