<?xml version="1.0" encoding="UTF-8"?>
<words>
  <entry>
    <word>شموليت</word>
    <int>
      <pron>(شُ+مُو+ل+لي+يَ+ت)</pron>
      <gram>[ع ۔ اس ۔ مذ، ج ۔ ونه]</gram>
      <poem></poem>
      <meanings>
        <meaning>شاملېدنه ۔ په څۀ کار يا ټولي وغېره کښې شاملېدنه ۔ ورګډېدنه۔
 کول:۔شاملېدل۔ شامل کېدل ۔ ورګډېدل ۔ شريکېدل۔</meaning>
      </meanings>
    </int>
  </entry>
</words>
