<?xml version="1.0" encoding="UTF-8"?>
<words>
  <entry>
    <word>شمالي عرض</word>
    <int>
      <pron>(شِ+ما+لِي+—)</pron>
      <gram>[عف تر-اس]</gram>
      <poem/>
      <meanings>
        <meaning>هغه عرض بلد- كوم چې د استوا د خط نه قطب طرف ته وي. (د دې خطونو شماره د استوا د خط نه شروع كېږي).</meaning>
      </meanings>
    </int>
  </entry>
<entry><word>شما</word><int><pron>(شُ+ما)</pron><gram>[ف]</gram><poem/><meanings><meaning>تاسو ۔ 
زۀ به هېڅکله له عشقه نه وا نۀ وړم
پندګويانو خپل پندو ساتۍ شما  (خوشحال)</meaning></meanings></int></entry><entry><word>شماتت</word><int><pron>(شَ+ما+تَ+­ت)</pron><gram>(ع ۔ اس ۔ مذ، ج ۔ ونه)</gram><poem/><meanings><meaning>د چا په نقصان يا تاوان وغېره خوشحالېدنه ۔ چا پورې خندا کوونه ۔
په دا هسې پاکيزه اوبو سلسالو
شماتت ئې د کشمير په شالا مار شي  (خوشحال)</meaning></meanings></int></entry><entry><word>شماخه</word><int><pron>(شَ+ما+خَ)</pron><gram>[اس ۔ مو ۔ ج ۔ خې]</gram><poem/><meanings><meaning/><meaning>يو قسم واښۀ وي ۔</meaning><meaning>يو قسم غله ده چې شولو سره پېدا کېږي ۔ شمخه ۔</meaning></meanings></int></entry><entry><word>شماخۍ</word><int><pron>(ش+ما+خَ+ۍ)</pron><gram>[ق، اس ۔ مو]</gram><poem/><meanings><meaning>د چايو د سر پېروے۔</meaning></meanings></int></entry><entry><word>شمارل</word><int><pron>(ش+ما+ر)</pron><gram>[ف ۔ اس ۔ مذ ، ج ۔ ونه]</gram><poem></poem><meanings><meaning>شمېر ۔ تعداد معلوموونه ۔ (د فارسۍ تلفظ شُمار (د شين پېښ سره) دے۔  پښتو کښې دا سُکون وئيلے شي ۔ خو په نظم کښې ځينې وخت  شُمار هم راځي)۔</meaning></meanings></int></entry></words>
