<?xml version="1.0" encoding="UTF-8"?>
<words>
  <entry>
    <word>شودان</word>
    <int>
      <pron>(شَو+دا+ن)</pron>
      <gram>[اق، اس، مذ، ج ۔ ونه]</gram>
      <poem/>
      <meanings>
        <meaning>لوېږنده (کنتر) ۔ سلے(جدران)۔</meaning>
      </meanings>
    </int>
  </entry>
<entry><word>شودانه</word><int><pron>(شو+دا+نَ)</pron><gram>[ق، اس ۔ مو، ج ۔ نې]</gram><poem/><meanings><meaning>د ماشومانو نرم تندے ۔ شوانه ۔</meaning></meanings></int></entry><entry><word>شودپۍ</word><int><pron>(شو+د+پَ+ۍ)</pron><gram>[ق ۔ اس ۔مو]</gram><poem/><meanings><meaning/><meaning>يوه برګه ۔ مرغۍ ۔</meaning><meaning>يو قسم واښۀ چې پۍ شان ترې راووځي ۔</meaning></meanings></int></entry><entry><word>شودر</word><int><pron>(شُو+د+ر)</pron><gram>[ه ۔ اس ۔ ج ۔ ان ۔ مو ۔ ه]</gram><poem/><meanings><meaning/><meaning>د هندوانو په څلور قسمه ذاتونو کښې د ټولو نه د کمې او پرېوتې درجې خلق چې د اوچتو درجو هندوان ورته ډېر سپک ګوري ۔ تر دې چې ورسره د بدن جنګېدل (لاس لګول) هم يوه لويه ګناه ګڼي ۔</meaning><meaning>کم ذاته خلق ۔ چوړيان۔ بنګيان وغېره ۔</meaning></meanings></int></entry><entry><word>شودپوئي</word><int><pron>(شو+دو+پ+وَ+ئ)</pron><gram>[اق، پ تر ۔ اس ۔ مو]</gram><poem/><meanings><meaning>يو قسم سپين نرم کاڼے ۔ سپينه تېږه ۔</meaning></meanings></int></entry><entry><word>شوده</word><int><pron>(شو+دَ)</pron><gram>[اس ۔ مذ، ج ۔ ګان]</gram><poem/><meanings><meaning/><meaning>کم عقل ۔ ناپوهه ۔</meaning><meaning>بدمعاش ۔ لُوچه ۔ (ظفر) ۔</meaning></meanings></int></entry><entry><word>شوده مار</word><int><pron>(شو+دَ+ما+ر)</pron><gram>[پ تر، اس ۔ مذ، ج ۔ ان]</gram><poem></poem><meanings><meaning>د مارانو يو قسم چې نرے او سپين وي ۔ (ب ق) ۔</meaning></meanings></int></entry></words>
