<?xml version="1.0" encoding="UTF-8"?>
<words>
  <entry>
    <word>شېرګله</word>
    <int>
      <pron>(شې+ر+ګُ+لَ)</pron>
      <gram>[اس ۔ مو]</gram>
      <poem/>
      <meanings>
        <meaning>د پښتنو يوه قبيله ده چې د اکاخېلو يوه څانګه ده او اکا خېل د افريدو لويه قبيله ده بيا مدا خېل او سلطان خېل د شمېر ګله څانګې دي ۔</meaning>
      </meanings>
    </int>
  </entry>
<entry><word>شېرن</word><int><pron>(شې+ر+ن)</pron><gram>[فا ، اِس ، مذ]</gram><poem></poem><meanings><meaning>ديد :۔ (دِيْ+دْ)</meaning><meaning>نظر۔</meaning><meaning>ننداره، دېدن ديدار۔</meaning><meaning>نشانه، نخښه</meaning></meanings></int></entry></words>
