<?xml version="1.0" encoding="UTF-8"?>
<words>
  <entry>
    <word>شا</word>
    <int>
      <pron>( شا)</pron>
      <gram>(اس ۔ مو ، ج ۔ شاګانې/شاوے)</gram>
      <poem></poem>
      <meanings>
        <meaning></meaning>
        <meaning>د بني آدم د وجود هغه برخه چې د مرۍ نه واخله تر کناټو پورې وي ۔ د سينې او ګېډې نه  بل طرف ته ۔ پُشت (اردو:پیٹھ) ۔</meaning>
        <meaning>د ځناور د وجود هغه برخه چې عموماً د هغه د سينې او ګېډې نه بره طرف ته وي ۔</meaning>
        <meaning>هغه لورے کوم چې د بني ادم شا(پشت) طرف ته وي)</meaning>
      </meanings>
    </int>
  </entry>
</words>
