<?xml version="1.0" encoding="UTF-8"?>
<words>
  <entry>
    <word>شېخے</word>
    <int>
      <pron>(شَې+خَے)</pron>
      <gram>[ق ۔ اس ۔ مذ]</gram>
      <poem/>
      <meanings>
        <meaning>د ګډو د يو مرض نوم دے ۔</meaning>
      </meanings>
    </int>
  <int><pron>(شې+خَے/خَ+ئ)</pron><gram>[اس ۔ مع]</gram><poem/><meanings><meaning>د پښتنو يوه قبيله ده چې د ګراريو څانګه ده او ګراري، شمي خېل، چلي خېل، منزئي، علي زئي محسود دي ۔</meaning></meanings></int></entry>
<entry><word>شېخڤ</word><int><pron></pron><gram>[اس ۔ مع]</gram><poem></poem><meanings><meaning>(ددغه)  د پښتنو يوه قبيله ده چې د اناتي يو ښاخ دے ۔ او بډئي زخاخېل ، افريدي دي ۔ د شېخې دوه څانګې دي ۔ محب خېل او سب خېل بيا د محب خېل څانګې دا دي  ۔ رحيم خېل ، اختيار خېل او احمد بېګ خېل ، او د سب خېل څانګې دا دي ۔ کټيا ميرخېل ، فتح خېل ، او صاحت خېل ۔</meaning></meanings></int></entry></words>
