<?xml version="1.0" encoding="UTF-8"?>
<words>
  <entry>
    <word>صبوح</word>
    <int>
      <pron>(صَ+بو+ح)</pron>
      <gram>[ع ۔ اس]</gram>
      <poem/>
      <meanings>
        <meaning>د سحر د شرابو وخت ۔ سحر ۔</meaning>
      </meanings>
    </int>
  </entry>
<entry><word>صبوحي</word><int><pron>(صَ+بُو+حي)</pron><gram>[اس ۔ مو]</gram><poem/><meanings><meaning>د سحر شراب ۔ د سحر په وخت شراب څښکل ۔</meaning></meanings></int></entry><entry><word>صبور</word><int><pron>(صَ+بو+ر)</pron><gram>[ع ۔ صف مذ، مو ۔ ه]</gram><poem/><meanings><meaning>ډېر زيات صبر کوونکے ۔ ډېر زغم کوونکے ۔ ډېر بردبار ۔
طبيبان وائي صبر دې دارو وي
خداے زمونږ فرقه پېدا کړه ناصبوره  (رحمان بابا)</meaning></meanings></int></entry><entry><word>صبوري</word><int><pron>(صُ+بوُ+ري)</pron><gram>[ع ۔ اس ۔ مو]</gram><poem></poem><meanings><meaning></meaning><meaning>صبر کونه ۔</meaning><meaning>په کار کښې تادي يا جلتي نه کوونه۔</meaning><meaning>تحمل ۔ زغم ۔ برداشت ۔
يا په زړه کښې مهر ځاے وې د بتانو</meaning></meanings></int></entry></words>
