<?xml version="1.0" encoding="UTF-8"?>
<words>
  <entry>
    <word>صبر</word>
    <int>
      <pron>(صَ+ب/بِ+ر)</pron>
      <gram>[ع ۔ اس ۔ مذ]</gram>
      <poem/>
      <meanings>
        <meaning>د يو دارو نوم دے ۔ مصبر ۔ چې ډېر تريخ وي۔ زنانه چې ماشوم د تي نه خلاصوي نو دا په تي ولګوي د ماشوم چې خولۀ ترخه شي نو ترې صبر شي۔
صحابه</meaning>
      </meanings>
    </int>
  </entry>
<entry><word>صبرېدل</word><int><pron>(صَ+ب+رې+د+ل)</pron><gram>[مص لا]</gram><poem></poem><meanings><meaning></meaning><meaning>برداشت کېدل ۔ زغم کېدل</meaning><meaning>ژغورل ۔</meaning></meanings></int></entry></words>
