<?xml version="1.0" encoding="UTF-8"?>
<words>
  <entry>
    <word>صبغ</word>
    <int>
      <pron>(صَ+ب+غ)</pron>
      <gram>[ع ۔ فع]</gram>
      <poem/>
      <meanings>
        <meaning>رنګونه ۔ رنګ ورکونه ۔</meaning>
      </meanings>
    </int>
  </entry>
<entry><word>صبغه</word><int><pron>(صِ+ب+غَ) (ع ۔ مو) رنګ ۔ لون ۔ـــــــــ الله:۔        (تُ+ل)لا+ه)</pron><gram>[ع تر ۔ اس مذ]</gram><poem></poem><meanings><meaning>د الله پاک رنګ ۔ مراد د الله پاک دين ۔</meaning></meanings></int></entry></words>
