<?xml version="1.0" encoding="UTF-8"?>
<words>
  <entry>
    <word>صوري علت</word>
    <int>
      <pron>(صُ+وَ+ري+—)</pron>
      <gram>[عف تر-اس-مذ]</gram>
      <poem/>
      <meanings>
        <meaning>هغه صورت كوم چې د يو څيز د جوړېدلو نه پس جوړ شي. (صوريه علت هم ورته وايي).</meaning>
      </meanings>
    </int>
  </entry>
<entry><word>صوري عالم</word><int><pron>(صُ+وَ+ري+—)</pron><gram></gram><poem></poem><meanings><meaning>هغه عالم چې صورت لري. محسوس كېدونكې دنيا- د شهادت عالم.</meaning></meanings></int></entry></words>
