<?xml version="1.0" encoding="UTF-8"?>
<words>
  <entry>
    <word>عطف</word>
    <int>
      <pron>(عَ+طْ+ف)</pron>
      <gram>[ع-اس-مذ-جد:ونه]</gram>
      <poem/>
      <meanings>
        <meaning>ګرزونه- راتاوونه.</meaning>
        <meaning>مېل- توجه- مهرباني.</meaning>
        <meaning>(قواعد) يوځائے كونه- خبره خبرې ته ورګرځونه- (كومه خبره يا جمله چې ورو ګرزولې شي- هغې ته معطوف وايي- او چې دكومې خبرې طرف ته وګرځولے شي هغه معطوف عليه بللې شي). هغه حرف چې دوه كلمې يا جملې يوبل ته ګرځوي- يا يوځائے كوي. او-نو-نور- يا وغېره.</meaning>
      </meanings>
    </int>
  </entry>
<entry><word>عطفه كېدل</word><int><pron/><gram/><poem/><meanings><meaning>ملاوېدل- يوځائے كېدل.</meaning></meanings></int></entry><entry><word>عطفول</word><int><pron>(عَ+طْ+فَ+ؤ+لْ)</pron><gram>[مص]</gram><poem></poem><meanings><meaning>ورګرځول- ملاوول- يوځائے كول.</meaning></meanings></int></entry></words>
