<?xml version="1.0" encoding="UTF-8"?>
<words>
  <entry>
    <word>عزرائيل</word>
    <int>
      <pron>(عَ+زْ+را+ئي+لْ)</pron>
      <gram>[اس مع]</gram>
      <poem></poem>
      <meanings>
        <meaning>د هغې فرښتې نوم چې روحونه قبض كوي. دمرګ فرښته- ملك الموت. (اصلاً دا د ((عزر)) (بنده) او د ((ايل)) (خدائے) مركب دے- يعنې د خدائے بنده.</meaning>
      </meanings>
    </int>
  </entry>
</words>
