<?xml version="1.0" encoding="UTF-8"?>
<words>
  <entry>
    <word>عرش</word>
    <int>
      <pron>(عَ+رْ+شْ)</pron>
      <gram>[ع-اس-مذ-ج:ونه]</gram>
      <poem/>
      <meanings>
        <meaning>چت- سقف.</meaning>
        <meaning>تخت.</meaning>
        <meaning>د خدائے پاك تخت. (هركله چې خدائے پاك وجود نۀ لري ځكه د هغه د ناستې دپاره د تخت ياد كرسۍ وغېره ضرورت هم نشته. ځكه دې نه مراد ډېر زيات لوړوالے يا اوچت والے دے. چرته چې زمونږ ادارك او پوهه نشي رسېدے. ځنې وايي، چې دا نهم اسمان دے. ځنې يې اتم اسمان ګڼي. او وايي چې د سرو ياقوتو نه جوړ شوے دے).</meaning>
      </meanings>
    </int>
  </entry>
<entry><word>عرش اعظم</word><int><pron/><gram/><poem>آسمانونه په دا شمار په كوم حساب دي&lt;br/&gt;چې قايم عرش اعظم ستا په حطيم دے&lt;br/&gt;(سعيد خټك)</poem><meanings><meaning>د ټولونه لوئے عرض- مراد ترې د خدائے پاك تخت دے.</meaning></meanings></int></entry><entry><word>عرش اكبر</word><int><pron>(—+اَ+كْ+بَ+رْ)</pron><gram>[عف تر-اس-مذ]</gram><poem/><meanings><meaning>لوئے تخت- مجازاً د بني آدم زړۀ.</meaning></meanings></int></entry><entry><word>عرش الله</word><int><pron/><gram/><poem>قلب د مؤمن ګوره عقلب په عرش الله دے&lt;br/&gt;زار د آزار جويو، چې د زړۀ په بازار بلوسي&lt;br/&gt;(حافظ)</poem><meanings><meaning>د الله پاك عرش- مراد ترې د مؤمن زړۀ دے.</meaning></meanings></int></entry><entry><word>عرش معلى</word><int><pron>(—+مُ+عَ+لْ+لا)</pron><gram>[ع تر-اس-مع]</gram><poem/><meanings><meaning>اوچت لوئے تخت مراد ترې د خدائے پاك تخت دے.</meaning></meanings></int></entry><entry><word>عرشه</word><int><pron>(عَ+رْ+شَ)</pron><gram>[عف تر-اس-مؤ-ج:عرشې]</gram><poem></poem><meanings><meaning>د سمندر د جهاز د ټولونه پورتنۍ حصه- چې د تختو وغېره ؤنه جوړ يو لوئے تخت يا ويړ مېدان وي. دا په جهاز كښې د سفر دپاره د ټولونه كمه او ارزانه درجه وي.</meaning><meaning>د منبر په پوړو كښې د ټولو نه برنۍ پوړۍ.</meaning></meanings></int></entry></words>
