<?xml version="1.0" encoding="UTF-8"?>
<words>
  <entry>
    <word>عبس</word>
    <int>
      <pron>(عَ+بَ+سْ)</pron>
      <gram>[صف]</gram>
      <poem>ته يې شناخت علم ادب لره پېدا كړې&lt;br/&gt;نه چې ګرزه بېهوده چارې عبس كړه&lt;br/&gt;(خوشحال)</poem>
      <meanings>
        <meaning>د عبث وران شكل، چې عام استعمال يې نشته. صحيح املا يې عبث ده.</meaning>
      </meanings>
    </int>
  <int><pron>(عَ+بْ+/ بَ+سْ)</pron><gram>[ع-اس]</gram><poem></poem><meanings><meaning>تر يو مخ يا تندے- عبوس.</meaning></meanings></int></entry>
</words>
