<?xml version="1.0" encoding="UTF-8"?>
<words>
  <entry>
    <word>عاد</word>
    <int>
      <pron>(عا+دْ)</pron>
      <gram>[اس مع]</gram>
      <poem>په باد ورك چې قوم د عاد شۀ
هود نګاه د خدائے په داد شۀ
(حافظ)</poem>
      <meanings>
        <meaning>د يو پخواني قوم نوم چې د عاد بن سام بن نوح د نسل نۀ وو. ډېر زورور لوړ، ډنګ خلق وو- خو ډېر متكبره او نافرمانه وو- حضرت هود عليه السلام ددوي د هدايت دپاره مقرر شوے وو. خو دوي د هغه نصحيت ونه مانۀ آخر هلاك كړے شول- قرآن پاك كښې يې ذكذر راغلے دے.</meaning>
      </meanings>
    </int>
  <int><pron>(عا+دْ)</pron><gram>[ع-اس-مذ]</gram><poem/><meanings><meaning>هغه عدد كوم چې په يو بل عدد باندې پوره پوره تقسيم شي.</meaning></meanings></int></entry>
<entry><word>عادي</word><int><pron>(عا+دِي)</pron><gram>[صف]</gram><poem/><meanings><meaning>عادت شوے- آموخته- اُوږد- (ق)  لېوے (كاكړ).</meaning><meaning>د ((عاد)) قوم سره متعلق د ((عاد)) خلقو ته منسوب.</meaning></meanings></int></entry><entry><word>عاد شداد</word><int><pron/><gram/><poem>ده مكاره پت يې نشته له هېڅ ياره&lt;br/&gt;په يارۍ يې پښېماني د عاد شداد شي&lt;br/&gt;(حافظ)</poem><meanings><meaning>(شداد د عاد د قوم يو مشهور بادشاه تېر شوے دے. هغۀ د جنت په نمونه يو باغ جوړ كړے وو او د خدايۍ دعوىٰ يې كړې وه.</meaning></meanings></int></entry><entry><word>عاد اعظم</word><int><pron>(— اَ+عْ+ظَ+مْ)</pron><gram>[ع تر-اس-مذ]</gram><poem/><meanings><meaning>هغه د لوئے نه لوئے عدد كوم چې د نورو دوؤ يا د دوؤ نه زياتو عددونو باندې پوره پوره تقسيم شي.</meaning></meanings></int><int><pron>(عا+دْ+اَ+عْ+ظَ+مْ)</pron><gram>[ع تر- اس-مذ]</gram><poem/><meanings><meaning>هغه د لوئے نه لوئے عدد كوم چې نورو دوو يا د دوو نه زياتو عددونو باندې پوره پوره تقسيم شي.</meaning></meanings></int></entry><entry><word>عادي كول</word><int><pron/><gram/><poem/><meanings><meaning>څه كار يا عمل د چا په خوۍ كښې شاملول- د څۀ كار يا د عمل په بيا بيا كولو آموخته كول- بلدول- عادت كول.</meaning></meanings></int></entry><entry><word>عادي كېدل</word><int><pron/><gram/><poem/><meanings><meaning>عادت كېدل- آموخته كېدل- اوږدكېدل.</meaning><meaning>د څۀ كار يا د عمل د بيا بيا كولو خوئ نيول.</meaning></meanings></int></entry><entry><word>عادل زى</word><int><pron>(عا+دُ+لْ+زَ+ى)</pron><gram>[اس مع]</gram><poem/><meanings><meaning>د سارنګزئيو څانګه ده- (سارنګزي (هارون خېل)(سناټيا)  كاكړ دي.</meaning></meanings></int></entry><entry><word>عادل خېل</word><int><pron>(عا+دِ+لْ+خېل)</pron><gram>[اس مع]</gram><poem/><meanings><meaning>د بړي خېلو څانګه ده- بړي خېل (د ګلشاهي (برني شمن خېل) محسود دي.</meaning></meanings></int></entry><entry><word>عادلي خېل</word><int><pron>(عا+د+لِي+خېل)</pron><gram>[اس-مع]</gram><poem/><meanings><meaning>د مرغت خېلو څانګه ده. (مرغت خېل- بسي خېل- كمال خېل- صاحب جان اكاخېل) افريدي دي.</meaning></meanings></int></entry><entry><word>عادلانه</word><int><pron>(عا+دِ+لا+نَ)</pron><gram>[عف تر- صف]</gram><poem/><meanings><meaning>د عدل مطابق- د انصاف سره سم- منصفانه.</meaning><meaning>په منځومانه طريقه- په درميانه طريقه.</meaning></meanings></int></entry><entry><word>عادل</word><int><pron>(عا+دِ+لْ)</pron><gram>[ع-صف-اس-مذ-ج: عادلان-مؤ: عادله]</gram><poem>د ظالم تن به په تاب د آفتاب سوزي&lt;br/&gt;عادلان به لاندې وي د عرض ترظله&lt;br/&gt;(حافظ)</poem><meanings><meaning>عدل كؤونكے- انصاف كؤونكے- منصف.</meaning><meaning>هغه سړے چې ګواهي يې معتبره وي.</meaning></meanings></int></entry><entry><word>عادت بودل</word><int><pron/><gram/><poem/><meanings><meaning>خوۍ خصلت بودل- معمول بودل. لكه: دروغ وئېل د هغۀ عادت دے.</meaning><meaning>آموخته بودل لكه: دا سپے دلته عادت دے.</meaning></meanings></int></entry><entry><word>عادت تلل</word><int><pron/><gram/><poem>علت لاړ شي عادت نۀ ځي له سړي نه&lt;br/&gt;خدائې دې نۀ كاندي په بده چار عادت څوك&lt;br/&gt;(رحمٰن بابا)</poem><meanings><meaning>(عادت نۀ پاتې كېدل- خوۍ خصلت بدلېدل. هرڅه برو (ځي)</meaning><meaning>عادت نه برو (ځي) (متل)</meaning></meanings></int></entry><entry><word>عادت خرابول</word><int><pron/><gram/><poem/><meanings><meaning>په خرابو چارو عادتول- بدو خبرو ته اړول.</meaning><meaning>د څۀ خبرې يا د كار عادت په چا كښې پېدا كول.</meaning></meanings></int></entry><entry><word>عادت زده كول</word><int><pron/><gram/><poem/><meanings><meaning>(څۀ نوې خوۍ اختيارول- په څۀ نوي كار عادت كېدل- د بل چانه د څۀ عمل عادت اخېستل.</meaning></meanings></int></entry><entry><word>عادت كول</word><int><pron/><gram/><poem/><meanings><meaning>عادت وركول- په څۀ كار يا عمل آموخته كول.</meaning><meaning>د خپل عادت د خوۍ مطابق څۀ كار كول.</meaning></meanings></int></entry><entry><word>عادت كېدل</word><int><pron/><gram/><poem/><meanings><meaning>په څۀ نوي كار آموخته كېدل. څه نوے څيز په خوۍ خصلت كښې شاملېدل.</meaning></meanings></int></entry><entry><word>عادت ګرځول</word><int><pron/><gram/><poem/><meanings><meaning>په څۀ كار خپل ځان عادتول- څه كار يا عمل خپل خوۍ خصلت كښې شاملول- په كوم كار وغېره با قاعده عمل كول.</meaning></meanings></int></entry><entry><word>عادت لرل</word><int><pron/><gram/><poem/><meanings><meaning>خوۍ لرل- خصلت لرل- اوږد ((بودل)).</meaning></meanings></int></entry><entry><word>عادت ماتول</word><int><pron/><gram/><poem/><meanings><meaning>د خپل عادت نه خلاف كار كول-</meaning><meaning>خپل زوړ عادت يا خوۍ پرېښودل.</meaning></meanings></int></entry><entry><word>عادت نيول</word><int><pron/><gram>(مص تر)</gram><poem>په خندا به لب كشا غنچه د مراد كړم&lt;br/&gt;كه ژړا عادت په وخت د سحر نۀ يم&lt;br/&gt;(حافظ)</poem><meanings><meaning>عادت جوړول- معمول ګرځول- عادي كېدل- عادت اخېستل.</meaning></meanings></int></entry><entry><word>عادت وركول</word><int><pron/><gram/><poem/><meanings><meaning>(و________ عادي كول)</meaning></meanings></int></entry><entry><word>عادةً</word><int><pron>(عا+دَ+تَ+نْ)</pron><gram>[ع-تف]</gram><poem/><meanings><meaning>د عادت مطابق- د عادت يا د خوي خصلت په وجه.</meaning></meanings></int></entry><entry><word>عادات</word><int><pron>(عا+دا+تْ)</pron><gram>[ع-اس-ج]</gram><poem/><meanings><meaning>د ((عادت))  جمع ده- عادتونه- خصلتونه- غوني- خويونه.</meaning></meanings></int></entry><entry><word>عادت</word><int><pron>(عا+دَ+تْ)</pron><gram>[ع-اس-مذ-ج- عادتونه]</gram><poem>ما هغه سړے شمارلے دے په وركو!&lt;br/&gt;چې په خوۍ كښې بې وفا عادت په سپكو&lt;br/&gt;(خوشحال)</poem><meanings><meaning>خوۍ- خصلت- طبيعت- غونے.</meaning><meaning>رسم- روج- قاعده- لار.</meaning></meanings></int></entry><entry><word>عادتي</word><int><pron>(عا+دَ+تِي)</pron><gram>[عف تر- صفت]</gram><poem/><meanings><meaning>عادي- هغه كس چې په څۀ كار يا عمل عادت شوے وي.</meaning><meaning>د عادت سره متعلق- عادت ته منسوب.</meaning></meanings></int></entry><entry><word>عادتي توبه</word><int><pron>(عا+دَ+تِي+تو+بَ)</pron><gram>[عف تر-اس- مو-ج: توبې]</gram><poem>په عادتي توبه به خلاص له ګناهونو نۀ شې&lt;br/&gt;څو نصوحا غوندې صحي توبه سوګند ونۀ كړي&lt;br/&gt;(حافظ)</poem><meanings><meaning>هغه توبه چې هسې عادةً كولشي يعنې پخه نۀ وي او بيا بيا ماتولې شي.</meaning></meanings></int></entry></words>
