<?xml version="1.0" encoding="UTF-8"?>
<words>
  <entry>
    <word>عفى</word>
    <int>
      <pron>(عَ+فِ+ىَ)</pron>
      <gram>[ع-فعل]</gram>
      <poem></poem>
      <meanings>
        <meaning>عربي جمله ده- معاف دې كړي يا معاف دې كړے شي. عموماً عربۍ جمله ((عفى الله عنه)) كښې استعمالېږي- چې عموماً خلق په خطونو وغېره كښې د عاجزۍ په توګه خپل نوم سره ليكي. مختصراً ((عفى عنه)) هم ليكلے كېږي.</meaning>
      </meanings>
    </int>
  </entry>
</words>
