<?xml version="1.0" encoding="UTF-8"?>
<words>
  <entry>
    <word>عزل</word>
    <int>
      <pron>(عَ+زْ+لْ)</pron>
      <gram>[ع-اس-مذ]</gram>
      <poem>ما به نۀ كاندي تور زاغ معزول له باغه&lt;br/&gt;كه ذوالفضل مې په عزل مشير نۀ شي&lt;br/&gt;(حافظ)</poem>
      <meanings>
        <meaning>معطل كېدنه- موقوف كېدنه- برطرفي- د نوكرۍ نه اېستلې كېدنه.</meaning>
        <meaning>بېكاري- معطلي.</meaning>
      </meanings>
    </int>
  </entry>
<entry><word>عزل كول</word><int><pron/><gram/><poem/><meanings><meaning>موقوف كول- اټالول- معزوله كول- برطرفه كول.</meaning></meanings></int></entry><entry><word>عزل و نصب</word><int><pron>(—+(و)+نَ+صْ+بْ)</pron><gram>[عف تر-اس]</gram><poem/><meanings><meaning>موقوفي او بيا بحال كونه د نوكرۍ وغېره نه ايستنه او بيا په ځائے لګول- تنزل او ترقي- بدلونه را بدلونه.</meaning></meanings></int></entry><entry><word>عزلت</word><int><pron>(عُ+زْ+لْ+تْ)</pron><gram>[ع-اس-مذ-ج:ونه]</gram><poem></poem><meanings><meaning>ګوښې كښېناستنه- ګوشه نشيني.</meaning><meaning>د عبادت دپاره خلوت اختيارونه. اعتكاف.</meaning></meanings></int></entry></words>
