<?xml version="1.0" encoding="UTF-8"?>
<words>
  <entry>
    <word>عفو</word>
    <int>
      <pron>(عَ+فْ+وْ)</pron>
      <gram>[ع-اس-مو-ج:ګانې]</gram>
      <poem/>
      <meanings>
        <meaning>معافي- بخښنه- معاف كونه</meaning>
      </meanings>
    </int>
  </entry>
<entry><word>عفو غواړم</word><int><pron>(—+غ+وا+ړ+مْ)</pron><gram/><poem/><meanings><meaning>معافي غواړم- بخښنه غواړم. د چانه چې څه غلطي وشي- يا چاته ترې څۀ تكليف ورسي- نو دا جمله استعماليږي- (دا اصلاً د انګرېزۍ د ((ايكسكيوزمي)) نقل دے.</meaning></meanings></int></entry><entry><word>عفو غوښتل- غواړل</word><int><pron/><gram/><poem/><meanings><meaning>معافي غوښتل- بخښنه غوښتل- د غلطۍ يا د ګناه د معاف كولو خواست كول.</meaning></meanings></int></entry><entry><word>عفو كول</word><int><pron/><gram/><poem/><meanings><meaning>معاف كول- بخښل- غلطي يا خطا معاف كول.</meaning></meanings></int></entry><entry><word>عفونت</word><int><pron>(عُ+فُو+نَ+تْ)</pron><gram>[ع-اس-مذ-ج:ونه]</gram><poem/><meanings><meaning>د څه څيز سخاكېدنه-</meaning><meaning>بدبويي- بدبوۍ.</meaning></meanings></int></entry><entry><word>عفوني</word><int><pron>(عَ+فُو+نِي)</pron><gram>[عف تر-صف]</gram><poem></poem><meanings><meaning>هغه څيز چې د خرابېدو په وجه بدبوۍ پكښې پېدا شوې وي- خراب شوے- سخاشوے- بدبويه شوے. (انګ- انفېكټډ)</meaning></meanings></int></entry></words>
