<?xml version="1.0" encoding="UTF-8"?>
<words>
  <entry>
    <word>عاصي</word>
    <int>
      <pron>(عا+صِي)</pron>
      <gram>[ع-اس-صف-مذ-ج: عاصيان]</gram>
      <poem>زۀ عاجز بنده عاصي يم&lt;br/&gt;پرده پوښ مې يې ستاره&lt;br/&gt;(خوشحال)</poem>
      <meanings>
        <meaning>ګناه كار- نافرمانه- مجرم- ايالي- ګرم.</meaning>
        <meaning>باغي- بغاوت كوونكے.</meaning>
        <meaning>ځنې خلق د خپلې عاجزۍ يا د انكسار څرګندولو دپاره خپل نوم سره د عاصي لفظ ليكي.</meaning>
      </meanings>
    </int>
  </entry>
<entry><word>عاصمه</word><int><pron>(عا+صِ+مَ)</pron><gram>[ع-اس-مؤ]</gram><poem/><meanings><meaning>په اوله معنٰى كښې يعنې بچ كوونكے- محفوظ ساتونكے وغېره كښې فشار په (ص) دے.</meaning><meaning>د ”عاصم“ مؤنث دے. (و--- عاصم)</meaning><meaning>او په دويمه معنٰى يعنې پاك لمنه ښځه كښې فشار په (م) دے په هم دې تلفظ كښې د زنانه ؤ په نومونو كښې راځي.</meaning><meaning>د مدينې منورې لقب.</meaning></meanings></int></entry><entry><word>عاصم</word><int><pron>(عا+صِ+مْ)</pron><gram>[ع-صف-مذ-ج: عاصمه]</gram><poem></poem><meanings><meaning>بازلرونكے- بچ كوونكے- محفوظ ساتونكے- ساتندويه.</meaning><meaning>پاك- د ګناهونو نه بچ- معصوم.</meaning><meaning>د نارينه ؤ په نومونو كښې راځي.</meaning></meanings></int><int><pron>(عا+صِ+مْ)</pron><gram>[اس-مع]</gram><poem></poem><meanings><meaning>د قرآن پاك په اوو قاريانو كښې د يو قاري نوم- په كوفه كښې به يې د قرآن درس وركاوۀ- امام ابوحنيفه هم ددۀ شاګرد وو. په پاك و هند كښې عموماً د دوي قرآت مروج دے.</meaning></meanings></int></entry></words>
