<?xml version="1.0" encoding="UTF-8"?>
<words>
  <entry>
    <word>عِكرِمه</word>
    <int>
      <pron>(عِ+كْ+رِ+مَ)</pron>
      <gram>[اس-مع]</gram>
      <poem>عكرمه كه تېښته ډېره له نبيؐ كړه&lt;br/&gt;د كرم قائد راښكلو مصطفٰى ته!&lt;br/&gt;(حافظ)</poem>
      <meanings>
        <meaning>د مشهور اوبو جهل زوئے ؤ- د مكې د فتحې په ورځ تښتېدلے ؤ- خو بيا وروستو بېرته راغے- ايمان يې راوړو او بيا يې د اسلام دپاره ډېر لوئے خدمات وكړل.</meaning>
      </meanings>
    </int>
  </entry>
</words>
