<?xml version="1.0" encoding="UTF-8"?>
<words>
  <entry>
    <word>عزيز</word>
    <int>
      <pron>(عَ+زي+زْ)</pron>
      <gram>[ع-اس-صف-مذ-ج:ان-(مؤ):ه]</gram>
      <poem>عنكبوت غوندې اسير په نري تاريم&lt;br/&gt;عزيز عمر مې تېريږي په خوارۍ كښې&lt;br/&gt;(حافظ)</poem>
      <meanings>
        <meaning>خوږ خوښ- د مينې –محبوب- د خوښې. (اصلاً د دې لفظ معنٰى زورور- غالب ده خو په پښتو كښې په دې معنٰى كښې كم كوزلېدے شي).</meaning>
        <meaning>خپل- رشته دار.</meaning>
      </meanings>
    </int>
  </entry>
<entry><word>عزيز ساتل</word><int><pron/><gram/><poem>صورت كه ډېر عزيز ساتې مرګ به يې خوار كه آخر&lt;br/&gt;چې تر قيامته خاك اسير بندي د ګور پاتې شي&lt;br/&gt;(حافظ)</poem><meanings><meaning>مينه ورسره كول- محبوب ساتل.</meaning></meanings></int></entry><entry><word>عزيز كېدل</word><int><pron/><gram/><poem/><meanings><meaning>قدرمن كېدل- عزت موندل.</meaning></meanings></int></entry><entry><word>عزيزګلوي</word><int><pron>(—+ګَ+لْ+وي)</pron><gram>[عپ تر-اس-مو]</gram><poem/><meanings><meaning>عزيزولي- رشته داري- خپلولي.</meaning></meanings></int></entry><entry><word>عزيزلرل</word><int><pron/><gram/><poem>آب تر لعلو د لاله ګلونو ډېر دي&lt;br/&gt;بخت دې دا چې څوك عزيز كاندي څوك خوار&lt;br/&gt;(رحمان بابا)</poem><meanings><meaning>خوږلرل- دروند لرل- ډېره زياته مينه چا سره لرل- ډېر خوښول- ګران لرل.</meaning></meanings></int></entry><entry><word>عزيزولي</word><int><pron>(—+وَ+لِي)</pron><gram>[عپ تر-اس-مو]</gram><poem/><meanings><meaning>رشته داري- خپلولي.</meaning></meanings></int></entry><entry><word>عزيزخېل</word><int><pron>(عَ+زِي+زْ+خېل)</pron><gram>[اس-مع]</gram><poem/><meanings><meaning>د باش خېلو وړه څانګه ده. باش خېل- شراكي- ګلئ- آدم خېل افريدي دي.</meaning></meanings></int><int><pron>(عَ+زِي+زْ+خېل)</pron><gram>[اس-مع]</gram><poem/><meanings><meaning>د علي شېرڅانګه ده. علي شېر- ګدايي زي- الياس زي- بنيروال دي.</meaning></meanings></int><int><pron/><gram/><poem/><meanings><meaning>ماموزيو څانګه ده. ماموزي- مشټي د اوركزيو همسايه قبيله ده.</meaning></meanings></int><int><pron/><gram/><poem/><meanings><meaning>د كروخېلو څانګه ده. كروخېل-ملي خېل-سالازي-الياس زي بنيروال دي.</meaning></meanings></int><int><pron/><gram/><poem/><meanings><meaning>د اكازئيو څانګه ده. اكازي-عيسٰى زي يوسف زي دي.</meaning></meanings></int><int><pron/><gram/><poem/><meanings><meaning>د علي شېرو وړه څانګه ده. علي شېر بابرخېل- كيمل خېل- ارمزخېل (لپاه) افرديدي دي.</meaning></meanings></int><int><pron/><gram/><poem/><meanings><meaning>د شادي خېلو څانګه ده. شادي خېل- بورا خېل- مهمت خېل- اتمان زي- دروېش خېل وزير دي.</meaning></meanings></int><int><pron/><gram/><poem/><meanings><meaning>د شموزئيو څانګه ده. شموزي- خوازه زي- اكوزي يوسفزي دي.</meaning></meanings></int><int><pron></pron><gram></gram><poem></poem><meanings><meaning>د دريي خېلو څانګه ده. دري خېل- قمبرخېل افريدي دي.</meaning></meanings></int></entry><entry><word>عزيز خېل</word><int><pron>(عَ+زِي+زْ+خېل)</pron><gram>[اس –مع]</gram><poem/><meanings><meaning>د نظرخېلو څانګه ده. (نظرخېل- اېمل خېل- بهلولزي محسود دي.(مُنذرخېل د عزيز خېلو څانګه ده).</meaning></meanings></int><int><pron/><gram/><poem/><meanings><meaning>د ملاخېلو څانګه ده. چې د اوركزيو همسايه قبله ده.</meaning></meanings></int></entry><entry><word>عزيمت</word><int><pron>(عَ+زِي+مَ+تْ)</pron><gram>[ع-اس-مذ-ج:ونه]</gram><poem/><meanings><meaning>عزم- اراده- مقصد- نيت- انګڅه- هوډ- تكل.</meaning></meanings></int></entry></words>
