<?xml version="1.0" encoding="UTF-8"?>
<words>
  <entry>
    <word>عاطفت</word>
    <int>
      <pron>(عا+طِ+فَ+تْ)</pron>
      <gram>[ع-اس-مذ-ج: عاطفتونه/عواطف]</gram>
      <poem/>
      <meanings>
        <meaning>مهربانه- شفقت- لورنه- عذيت.</meaning>
      </meanings>
    </int>
  </entry>
<entry><word>عاطف</word><int><pron>(عا+طِ+فْ)</pron><gram>[ع-اس-صف-ج: عاطفان-(مؤ: عاطفه)]</gram><poem/><meanings><meaning>مهربانه- مهرباني كوونكے- شفقت كوونكے- شفيق- خېرخواه.</meaning><meaning>ټيټېدونكے- ښكته كېدونكے- د چا طرف ته ټيټېدونكے.</meaning></meanings></int></entry><entry><word>عاطر</word><int><pron>(عا+طِ+رْ)</pron><gram>[ع-صف-مذ-مؤ: عاطره]</gram><poem/><meanings><meaning>(مجازاً) پاكيزه- سُتره- نفيس- نيك- نيك نيته- سخي. (عموماً خاطره سره راځي يعنې خاطر- عاطر)</meaning><meaning>عطرواله- خوشبواله- خوشبويه.</meaning></meanings></int></entry><entry><word>عاطفه</word><int><pron>(عا+طِ+فَ)</pron><gram>[ع- صف- مؤ-ج: عاطفې]</gram><poem/><meanings><meaning>د (عاطف) تانيث دے. و_______ عاطف</meaning><meaning>(قواعد) يوځائے كوونكے- ملاوؤنكے- خصوصاً هغه ”واؤ“ كوم چې دوه لفظونه يا دوه جملې يوځائے كوي- د عطف واو.</meaning><meaning>ټيټېدونكے.</meaning></meanings></int></entry><entry><word>عاطل</word><int><pron>(عا+طِ+لْ)</pron><gram>[ع-اس فا-ج: عاطلان- مؤ: عاطله]</gram><poem></poem><meanings><meaning>سست- كاهل- په كار كښې معطلي كوونكے- بېكاره- بېهوده.</meaning><meaning>بېوقوف- احمق.</meaning></meanings></int></entry></words>
