<?xml version="1.0" encoding="UTF-8"?>
<words>
  <entry>
    <word>عېن</word>
    <int>
      <pron>(عَې+نْ)</pron>
      <gram>[ع-اس-مذ-ج:ونه-عيون]</gram>
      <poem>ظاهر نن له تا جدا يم&lt;br/&gt;عين ماته برابر يې&lt;br/&gt;(خوشحال)&lt;br/&gt;واړه لواړ سرونه نغري د دردمنو&lt;br/&gt;د مرزي تر خولې بتر دے د عشق عېن&lt;br/&gt;(خ)</poem>
      <meanings>
        <meaning>چينه- د اوبو چينه.</meaning>
        <meaning>د هرڅيز ذات- د هر څيز ځان يا نفس.</meaning>
        <meaning>بالكل تيك- بېخي.</meaning>
        <meaning>د عربۍ (فارسۍ اردو وغېره ژبو) د يو توري غږ نوم ((عين)) (ع).</meaning>
        <meaning>په عربۍ كښې د ((عين)) ګڼې معنې دي. د لغت ځنو عالمانو خو اتۀ څلوېښت معنې يې ليكلي دي. بلكې ځنو د دې نه هم ورزياتې كړي دي- خو په پښتو كښې يې دغه ټولې معنې نۀ استعمالېږي)</meaning>
        <meaning>سترګه.</meaning>
      </meanings>
    </int>
  </entry>
<entry><word>عېن په وخت</word><int><pron>(—+پَ+وَ+خْ+تْ)</pron><gram>[عپ تر-تف]</gram><poem/><meanings><meaning>په ټيك وخت- عن په موقع.</meaning></meanings></int></entry><entry><word>عېن اليقين</word><int><pron>(—+(نُ+لْ)+ىَ+قي+نْ)</pron><gram>[ع-تر-اس-مذ]</gram><poem/><meanings><meaning>د يقين يوه خاصه درجه ده، چې د څۀ څيز ماهيت او كېفيت په خپلو سترګو د  كتلو نه پس په يقين سره معلومونه. په خپلو سترګو ليدلو نه پس يقين راتلل. (د يقين نورې دوه درجې ((علم اليقين)) او ((حق اليقين)) دي.</meaning></meanings></int></entry><entry><word>عېن جيم</word><int><pron/><gram/><poem/><meanings><meaning>د ((عاليقدر جلالتماب)) مخفف يعنې د الفاظو د سر توري دي. (ع-ج) چې په افغانستان كښې يو اعزازي لقب دے.</meaning></meanings></int></entry><entry><word>عېن شين</word><int><pron>(عې+نْ+شِي+نْ)</pron><gram>[مخفف]</gram><poem/><meanings><meaning>د ((عالي)) او ((شان)) د لفظونو د سر توري دي- يعنې د عالي شان مخفف دے- دا په افغانستان كښې يو اعزازي لقب دے.</meaning></meanings></int></entry><entry><word>عېن صاد</word><int><pron>(عَې+نْ+صْ+وا+دْ)</pron><gram>[مخفف]</gram><poem/><meanings><meaning>د عالي قدر- صداقت مآب د الفاظو د سرتوري دي- د ديو د مخفف په طور په ليك كښې راځي. دا الفاظ د افغانستان په حكومت د ځنو لويو افسرانو او امراؤ لقب ؤ- په ليك كښې ((ع-ص)) ليكلے كېدۀ.</meaning></meanings></int></entry><entry><word>عېن عېن</word><int><pron>(عَې+نْ+عَې+نْ)</pron><gram>[لقب]</gram><poem/><meanings><meaning>د ((عاليجاه)) عزت همراه د لفظونو د سرتوري- د مخفف په طور استعماليږي. په افغانستان كښې د يو يو عهده دارانو يو لقب چې د عزت دپاره د هغوي نوم سره ليكلے كېږي. دا عموماً مخففاً (ع-ع) ليكلے كېږي.</meaning></meanings></int></entry><entry><word>عېن عېن شېن</word><int><pron>(عَې+نْ+عَې+نْ+شِي+نْ)</pron><gram>[لقب]</gram><poem/><meanings><meaning>په افغانستان كښې د نائب سالار القاب چې د هغه نوم سره ليكلے كېږي. دا عموماً مخففاً د ع-ع-ش په شكل كښې ليكلے كېږي.</meaning></meanings></int></entry><entry><word>عېنك</word><int><pron>(عَې+نَ+كْ)</pron><gram>[عف تر-اس-مذ-ج:ونه]</gram><poem/><meanings><meaning>د سترګو شيشې چشمې.</meaning></meanings></int></entry><entry><word>عېنك لګول</word><int><pron/><gram/><poem/><meanings><meaning>په سترګو باندې د نظر د كمزورتيا له كبله چشمې لګول.</meaning></meanings></int></entry><entry><word>عېنهِ</word><int><pron>(عَې+نِ+هِي)</pron><gram>[ع-تف]</gram><poem/><meanings><meaning>د (بعېنهِ) مخفف دے. يعنې هوبهو بېخي دغه شان.</meaning></meanings></int></entry><entry><word>عېني</word><int><pron>(عَې+نِي)</pron><gram>[عف تر-صف]</gram><poem/><meanings><meaning>سترګو سره متعلق- سترګو ته منسوب. د سترګو لېدلے- چشم ديد.</meaning></meanings></int></entry><entry><word>عېني حقيقت</word><int><pron/><gram/><poem/><meanings><meaning>هغه حقيقت چې په سترګو لېدلے وي.</meaning></meanings></int></entry><entry><word>عېني شاهد</word><int><pron>(—+شا+هِ+دْ)</pron><gram/><poem/><meanings><meaning/></meanings></int></entry><entry><word>عېني ګواه</word><int><pron>(—+ګَ+وا+ه)</pron><gram>[عپ تر-اس]</gram><poem/><meanings><meaning>هغه ګواه چاچې كوم كار يا معامله په خپلو سترګو ليدلي وي- چشم ديد ګواه.</meaning></meanings></int></entry><entry><word>عېنې</word><int><pron>(عَې+نې)</pron><gram/><poem/><meanings><meaning>باكل- هوبهو- صحيح- درست.</meaning></meanings></int></entry><entry><word>عېنې حقيقت</word><int><pron>(—+حَ+قي+قَ+تْ)</pron><gram/><poem/><meanings><meaning>بالكل حقيقت- بېخي رښتيا- عېن حقيقت.</meaning></meanings></int></entry><entry><word>عېنيات</word><int><pron>(عَې+نِي+يا+تْ)</pron><gram>[عف تر-اس-ج]</gram><poem/><meanings><meaning>د سترګو سره متعلق علم.</meaning></meanings></int></entry><entry><word>عېنيت</word><int><pron>(عَې+نِي+ىَ+تْ)</pron><gram>[عف تر-اس-مذ]</gram><poem/><meanings><meaning>عېن سره متعلق- بالكل درستي- بېخي صحت.</meaning></meanings></int></entry><entry><word>عېنېن</word><int><pron>(عَې+نې+نْ)</pron><gram>[ع-اس]</gram><poem>د زيبا جمال يې ډېر دے زېب و زين&lt;br/&gt;ولې زړونه د عالم وړي په عېنېن&lt;br/&gt;(خوشحال)</poem><meanings><meaning>د ((عېن)) تثنيه ده. دوه سترګې يا دوه چشمې يا چينې.</meaning></meanings></int></entry></words>
