<?xml version="1.0" encoding="UTF-8"?>
<words>
  <entry>
    <word>عر عر</word>
    <int>
      <pron>(عَ+رْ+عَ+رْ)</pron>
      <gram>[ع-اس-مذ]</gram>
      <poem>دا څه قد او څه قامت دے&lt;br/&gt;چې هم ګل دے هم عرعر&lt;br/&gt;(رحمان بابا)</poem>
      <meanings>
        <meaning>غرئيزه سروه- د چيړونه.</meaning>
        <meaning>دا ونه ډېره نېغه او لوړه وي. ځكه شاعران يې د معشوقې قد سره تشبيهه وركوي- لكه قدعر عره.</meaning>
      </meanings>
    </int>
  </entry>
</words>
