<?xml version="1.0" encoding="UTF-8"?>
<words>
  <entry>
    <word>عدم</word>
    <int>
      <pron>(عَ+دَ+مْ)</pron>
      <gram>[ع-اس-مذ]</gram>
      <poem>ب بهر چې هغه نور شۀ&lt;br/&gt;د عدم تر كومي دور شۀ&lt;br/&gt;(حافظ)</poem>
      <meanings>
        <meaning>نيشت والے- نېست ((بودنه)) نيشتيا- ناموجودګي- وجود نۀ لرنه.</meaning>
        <meaning>هغه زمانه چې د څه څيز وجود نه ؤ.</meaning>
      </meanings>
    </int>
  </entry>
<entry><word>عدم ته تلل</word><int><pron></pron><gram></gram><poem></poem><meanings><meaning>مجازاً مړ كېدل- خومے كېدل.</meaning></meanings></int></entry></words>
