<?xml version="1.0" encoding="UTF-8"?>
<words>
  <entry>
    <word>عدن</word>
    <int>
      <pron>(عَ+دَ+نْ)</pron>
      <gram>[ع-اس-مذ]</gram>
      <poem/>
      <meanings>
        <meaning>عدن په یمن کې یو ښار دی</meaning>
        <meaning>پاتې كېدل- چرته قيام كول- تل پاتې كېدل.</meaning>
        <meaning>د بهشت باغونه چرته چې به بني آدم تل ترتله اوسي.</meaning>
      </meanings>
    </int>
  <int><pron>(عَ+دُ+نْ)</pron><gram>[اس-مذ]</gram><poem/><meanings><meaning>د جنت باغ- وئيلے شي چې حضرت آدم عليه السلام او حوا بي بي اول اول هلته اوسېدل، بيا له دغه باغه زمكې ته راكوز كړے شول، ځكه چې هغوئ د شېطان په لمسه د هغې بوټي مېوه خوړلې ده د كومې نه چې خدائے پاك منع كړي وو.</meaning></meanings></int><int><pron>(عَ+دِ+نْ)</pron><gram>[اس-مع]</gram><poem/><meanings><meaning>د عربو سهيل په قبله ګوټ كښې يو مشهوره ښاريه او لوئے بندر- چې د بحيرۀ عرب او د بحيرۀ قلزم ترمنځه واقع دے، ځكه ډېر اهميت لري.</meaning></meanings></int></entry>
<entry><word>عدنان</word><int><pron>(عَ+دْ+نا+نْ)</pron><gram>[اس-مع]</gram><poem></poem><meanings><meaning>دحضرت اسماعيل عليه السلام په اولاد كښې د يو سړي نوم دے. د حضور پاك صلى الله عليه وسلم شجره دغې عدنان ته رسي.</meaning></meanings></int></entry></words>
