<?xml version="1.0" encoding="UTF-8"?>
<words>
  <entry>
    <word>عالي تبار</word>
    <int>
      <pron>(—+تَ+با+رْ)</pron>
      <gram>[عف تر-صف-مذ-مؤ: عالي تباره]</gram>
      <poem/>
      <meanings>
        <meaning>د لوې كورنۍ وګړے- د عزت او تعظيم يو مركب دے، چې د لويو استادانو د بزرګانو دپاره استعماليږي.</meaning>
      </meanings>
    </int>
  </entry>
<entry><word>عالي تعليمات</word><int><pron>(— +تَ+(عْ)+لِيْ+ما+تْ)</pron><gram/><poem/><meanings><meaning>اوچت تعليمات- اعلٰى تعليم.</meaning></meanings></int></entry><entry><word>عالي جاه</word><int><pron/><gram/><poem>معتقد يې عاليجاه دے&lt;br/&gt;مخالف يې خاكستر&lt;br/&gt;(حافظ)</poem><meanings><meaning>(د لوړې مرتبې يا مقام خاوند.</meaning></meanings></int></entry><entry><word>عالي جاهي</word><int><pron>(— +جا+هِيْ)</pron><gram>[عف تر-اس-مؤ]</gram><poem>كه عالم وَته دلخواهه بادشاهي شوه&lt;br/&gt;عاشقي و ماته عالي جاهي شوه&lt;br/&gt;(خوشحال)</poem><meanings><meaning>لوړه مرتبه- د اوچتې مرتبې ځائے.</meaning></meanings></int></entry><entry><word>عالي مرتبت</word><int><pron>(— +مَ+رْ+تَ+بَ+تْ)</pron><gram>[ع تر- صف]</gram><poem/><meanings><meaning>د لوړې مرتبې يا مقام خاوند- د حكومت مشرانو او افسرانو وغېره ته دخطاب په موقع ويلې شي. يا په خطونو درخواستونو كښې ورته ليكلې شي.</meaning></meanings></int></entry><entry><word>عالي حضرت</word><int><pron>(— +حَ+ضْ+رَ+تْ)</pron><gram/><poem/><meanings><meaning>و_______ عالي جناب...)</meaning></meanings></int></entry><entry><word>عالي خاندان</word><int><pron>(— +خا+نَ+دا+نْ)</pron><gram/><poem/><meanings><meaning>و_________ عالي تبار)</meaning></meanings></int></entry><entry><word>عالي درګاه</word><int><pron>(— +دَ+رْ+ګا+(ه)</pron><gram/><poem/><meanings><meaning>و_______ عالي تبار)</meaning></meanings></int></entry><entry><word>عالي دماغ</word><int><pron>(— +د+م+غْ)</pron><gram>[عف تر-صف- مذ-مؤ: دماغه]</gram><poem/><meanings><meaning>لوړ دماغ لرونكے- د اوچتو خيالاتو خاوند- د لوړ عقل فكر خاوند- روښانه فكرواله.</meaning></meanings></int></entry><entry><word>عالي شان</word><int><pron>(— +شا+نْ)</pron><gram>[عف تر- صف- مذ-مؤ: شانه]</gram><poem>آدميان به خوار خسته وي&lt;br/&gt;ته يې شفيع شه عالي شانه</poem><meanings><meaning>شاندار- لوئے- ډېر ښكلے يا لوړ (عمارت وغېره). د افغانستان يو اعزازي لقب.</meaning><meaning>د لوړ شان خاوند- لوئے شان شوكت واله- د لوې مرتبې.</meaning></meanings></int></entry><entry><word>عالي شان و شجاعت همراه</word><int><pron>(— +شا+(نو) شَ+جَا+عَ+تْ+هَـ+مْ+را+ه)</pron><gram/><poem/><meanings><meaning>(لقب) – د افغانستان يو د عزت الفاظ چې د خاصو لويو افسرانو د نوم سره استعماليدۀ- عموماً د اختصار په طور ع-ش- ليكلے كېږي. (د فرقه مشر لقب).</meaning></meanings></int></entry><entry><word>عالي ظرف</word><int><pron>(— +ظَ+رْ+فْ)</pron><gram>[عف تر-صف مذ- مؤ: ظرفه]</gram><poem/><meanings><meaning>د لوئے لوښي خاوند- مجازاً د لوې سټې خاوند- لوئے زړے- لوئے زغم واله.</meaning></meanings></int></entry><entry><word>عالي ظرفي</word><int><pron>(— +ظَ+رْ+فِيْ)</pron><gram>[عف تر-اس-مو]</gram><poem/><meanings><meaning>د لوئے لوښي خاوند توب- لويه سينه لرنه- لويه حوصله او زغم لرنه- ارت زړوالے.</meaning></meanings></int></entry><entry><word>عالي فطرت</word><int><pron>(—+فِ+طْ+رَ+تْ)</pron><gram>[عف تر- صف مذ- مؤ:ه]</gram><poem>چې په اصل كښې شجاع عالي فطرت وي&lt;br/&gt;د هغۀ په زړۀ كښې حب پرېوزي د ښكار&lt;br/&gt;(خوشحال)</poem><meanings><meaning>د لوړ فطرت خاوند- د لوړو عادتونو خاوند- د ښو عادتونو څښتن.</meaning></meanings></int></entry><entry><word>عالي قدر</word><int><pron>(— +قَ+دَ+رْ)</pron><gram>[عف تر- صف- مذ، مؤ: قدره]</gram><poem/><meanings><meaning>د لوړ قدر خاوند- لوئے قدر واله- لوئے مرتبې يا عزت واله.</meaning></meanings></int></entry><entry><word>عالي مكتب</word><int><pron>(— +مَ+كْ+تَ+بْ)</pron><gram>[عف تر- اس-مذ-ج: مكتبونه]</gram><poem/><meanings><meaning>لوړه مدرسه- د اوچتې درجې مدرسه- هائې سكول.</meaning></meanings></int></entry><entry><word>عالي نسب</word><int><pron/><gram/><poem>خېرالخلق نبي عرب دے&lt;br/&gt;قرېشي عالي نسب دے&lt;br/&gt;(حافظ)</poem><meanings><meaning>د اوچت نسب او خاندان نه.</meaning></meanings></int></entry><entry><word>عالي همت</word><int><pron>(— +هِـ+مْ+مَ+تْ)</pron><gram>[عف تر- صف-مذ-مؤ:همته]</gram><poem/><meanings><meaning>د لوئے همت څښتن- لوړ همت واله- د لوې حوصلې خاوند- ډېر زړۀ ور.</meaning><meaning>سخي- فياض.</meaning></meanings></int></entry><entry><word>عالي همتي</word><int><pron>(— +هـِ+مْ+مَ+تِي)</pron><gram>[عف تر- اس-مؤ]</gram><poem/><meanings><meaning>لوړ همت- لويه سينه لرنه- لوے زړتوب- لويه حوصله لرنه.</meaning><meaning>سخاوت.</meaning></meanings></int></entry><entry><word>عالم</word><int><pron>(عا+لَ+مْ)</pron><gram>[ع-اس-مذ-ج: عالمونه]</gram><poem>عاقلانو پورې زړۀ تړلے نۀ دے&lt;br/&gt;د دنيا عالم به واړه شي راهي&lt;br/&gt;(خواجه محمد)</poem><meanings><meaning>جهان-دنيا- نړۍ.</meaning><meaning>خلق- وګړي- مخلوقات.</meaning><meaning>حال- كېفيت- رنګ- احوال.</meaning><meaning>طور طريقه- طرز- روش.</meaning></meanings></int><int><pron>(عا+لِ+مْ)</pron><gram>[ع-اس-صف-مذ-ج: عالمان-(مؤك عالمه)]</gram><poem/><meanings><meaning>علم لرونكے- دعلم خاوند- د پوهې څښتن- پوهان.</meaning><meaning>ديني علم لرونكے- مُلا.</meaning><meaning>خبرداره- خبرلرونكے.</meaning></meanings></int></entry><entry><word>عالمانه</word><int><pron>(عا+ل+ما+نَ)</pron><gram>[عف تر- صف]</gram><poem/><meanings><meaning>د عالمانو په رنګ- د علم د خاوندانو په شان. هغه تقرير يا ليك وغېره چې علم سره تړون او مناسبت لري.</meaning></meanings></int></entry><entry><word>عالمونه</word><int><pron>(عا+لَ+مُو+نَ)</pron><gram>[عپ تر-اس-ج]</gram><poem/><meanings><meaning>د عالم جمع ده- ډېر زيات خلق. لكه: هلته عالمونه جمع شوي وو.</meaning></meanings></int></entry><entry><word>عالمي</word><int><pron>(عا+لَ+مِي)</pron><gram>[عف تر-صف]</gram><poem/><meanings><meaning>عالم سره تعلق لرونكے- دنياوي.</meaning><meaning>درستې نړۍ سره تعلق لرونكے. د درستې دنيا- لكه عالمي مېله.</meaning><meaning>ددنيا اوسېدونكي.</meaning></meanings></int></entry><entry><word>عالمګير</word><int><pron>(عا+لَ+مْ+ګي+ر)</pron><gram>[اس مع]</gram><poem/><meanings><meaning>د مغل بادشاه اورنګ زېب نوم (1619- 1707) چې د ځنو سياسي وجوهاتو له كبله يې خپل پلار شاهجهان بادشاه په بند كښې واچاوه او په تخت يې قبضه وكړله. د دكن نه تر تركستانه پورې ملكونه يې فتح كړي وو. د ملك په لحاظ سره په مغلو كښې د ټولونه لوئ بادشاه وو. ډېر نېك پاكبازه او د شرعې پابند بادشاه وو. د اكبر بادشاه خلاف دۀ هغه ناجائز رعايتونه كوم چې اكبربادشاه هندوانو له وركړي وو- واپس واخېستل خو بيا يې هم هندوانو سره سلوك ډېر ښۀ وو. ډېرو مندرونو له يې رقمونه مقرر كړي وو. خو د دۀ مخالفينو ددۀ خلاف د مذهبي تعصب ګنده پروپېګنډه شروع كړله، چې د دۀ نه پس د مغلو د سلطنت د زوال يو باعث وګرځېده. خو د دې زوال اصل سبب د دۀ د جانشينانو نالايقي وه په دكن كښې مړ شۀ او هم هلته ښخ دے. د پښتو نوميالے شاعر خوشحال خان خټك دۀ د پېښور ګورنر د مخالفو رپورټونو په وجه په بند كښې اچولے وو. دغه وجه وه چې ددې لوړ شاعر وروستنے كلام ددۀ د هجو او غندنې نه ډك دے.</meaning></meanings></int></entry><entry><word>عالم آرا</word><int><pron>(— آ+را)</pron><gram>[عف تر-صف]</gram><poem/><meanings><meaning>دنيا آراسته كوونكے- جهان ښائسته كوونكے.</meaning><meaning>د زنانه ؤ په نومونو كښې راځي.</meaning></meanings></int></entry><entry><word>عالي</word><int><pron>(عا+لِي)</pron><gram>[صف]</gram><poem/><meanings><meaning>اوچت- لوړ- هسك- بالا.</meaning><meaning>لوئے- عظيم- ممتاز.</meaning><meaning>لوړه مرتبه.</meaning><meaning>د تعظيم وړ- لكه: مزاج عالي</meaning><meaning>د تعظيم او عزت دپاره نورو الفاظو سره د لقب وغېره په طور استعماليږي.</meaning></meanings></int></entry><entry><word>عاليازي</word><int><pron>(عا+لِي+زَ+ي)</pron><gram>[اس مع]</gram><poem/><meanings><meaning>د ناصرو څانګه ده- علزي دي.</meaning></meanings></int></entry><entry><word>عاليه</word><int><pron>(عا+لِي+ىَ)</pron><gram>[ع-صف-مو]</gram><poem/><meanings><meaning>د عالي تانيث دے. و_______ عالي)  د زنانه ؤ د نوم په طور استعماليږي.</meaning></meanings></int></entry><entry><word>عاليه خېل</word><int><pron>(عا+لِي+ىَ+خېل)</pron><gram>[اس-مع]</gram><poem/><meanings><meaning>د كرناخېلو څانګه ده. (كرناخېل(ملك دين خېل) افريدي دي.</meaning></meanings></int><int><pron>(عا+لِي+ىَ+خېل)</pron><gram>[اس-مع]</gram><poem/><meanings><meaning>د سيمكئيو وړه څانګه ده (سيمكي خلّى خېل( برني شمن خېل) محسود دي.</meaning></meanings></int></entry><entry><word>عالم كېدل</word><int><pron/><gram/><poem/><meanings><meaning>د علم څښتن كېدل- د زده كړې او تعليم نه پس د علم خاوند كېدل.</meaning></meanings></int></entry><entry><word>عالم ګير</word><int><pron>(— ګي+رْ)</pron><gram>[عف تر- صف]</gram><poem>د يوسف (ع)  حُسن كه هرڅو عالمګير شۀ&lt;br/&gt;ملاحت يې جمال ستا له نمكدان شي&lt;br/&gt;(سعيد خټك)</poem><meanings><meaning>په درسته دنيا كښې خور شوے- درستې دنيا سره تعلق لرونكے لكه: عالمګير جنګ.</meaning><meaning>د دوو مغلي بادشاهانو نوم. (و___________ عالمګير)</meaning><meaning>جهان نيوونكے- دنيا فتح كوونكے.</meaning></meanings></int></entry><entry><word>عالم ګير جنګ</word><int><pron>(— جَ+نْ+ګْ)</pron><gram>[اس مع]</gram><poem/><meanings><meaning>هغه جنګ چې د دنيا (تقريباً) ټول قومونه او ملكونه پكښې شامل شوي وو- دويم لوئې جنګ.</meaning></meanings></int></entry><entry><word>عالم ګيريت</word><int><pron>(— ګِي+رِي+ىَ+تْ)</pron><gram>[عف تر-اس-مذ]</gram><poem/><meanings><meaning>درستې دنيا سره تړون يا تعلق.</meaning></meanings></int></entry><entry><word>عالم نما</word><int><pron>(— نُ+ما)</pron><gram>[عف تر-صف]</gram><poem/><meanings><meaning>ددنيا ښووُنكے.</meaning></meanings></int></entry><entry><word>عالم بېګ خېل</word><int><pron>(عا+لْ+مْ+بې+كْ+خېل)</pron><gram>[اس مع]</gram><poem/><meanings><meaning>د ناصرو څانګه ده- غلزي دي.</meaning></meanings></int></entry><entry><word>عالم خان خېل</word><int><pron>(عا+لْ+مْ+خا+نْ+خېل)</pron><gram>[اس مع]</gram><poem/><meanings><meaning>د مچي خېلو څانګه ده. (مچي خېل- شمتو خېل- پلي خېل- منزي- علي زي)  محسود دي.</meaning></meanings></int><int><pron/><gram/><poem/><meanings><meaning>(د دغه) د ناصر خېلو څانګه ده. (ناصر خېل (حيدر خېل- تبرزاد) دوړ دي.</meaning></meanings></int><int><pron/><gram/><poem/><meanings><meaning>(ددغه) (اس-مع) دياخېلو څانګه. يا خېل (ناصل) غلزي دي.</meaning></meanings></int><int><pron/><gram/><poem/><meanings><meaning>(ددغه) (اس مع) د علي زئيو څانګه ده. (علي زي- درپه خېل- ملي زاد)  دوړ دي.</meaning></meanings></int></entry><entry><word>عالم خېل</word><int><pron>(عا+لَ+مْ+خېل)</pron><gram>[اس مع]</gram><poem/><meanings><meaning>د كاڼير زئيو څانګه ده. (كاڼي زي- كټاګرام (تتا) بېټني دي.</meaning></meanings></int><int><pron>(عا+لُ+مْ+خېل)</pron><gram>[اس مع]</gram><poem/><meanings><meaning>د فېروزخېلو وړه څانګه ده. (فېروز خېل- تور سپر- ګلۍ (آدم خېل)  افريدي دي.</meaning></meanings></int></entry><entry><word>عالم زے</word><int><pron>(عا+لْ+مْ+زَے)</pron><gram>[اس مع]</gram><poem/><meanings><meaning>د خروټو څانګه ده. غلزي دي.</meaning></meanings></int></entry><entry><word>عالم شېركور</word><int><pron>(عا+لُ+مْ+شې+رْ+كو+رْ)</pron><gram>[اس مع]</gram><poem/><meanings><meaning>د علي خېلو څانګه ده. (علي خېل- اشوخېل(آدم خېل) افريدي دي.</meaning></meanings></int></entry><entry><word>عالم الفيل</word><int><pron>(— +مُ+لْ)فِي+لْ)</pron><gram>[ع-تر-اس-مذ]</gram><poem></poem><meanings><meaning>د هاتي كال- هغه كال ترې مراد دے چې ابرهه نومې يو سردار د يمن له خوا مكې ته را روان شوے وو، چې خان كعبه ورانه كړي، چې مكې ته نزدې را ورسيد، نو الله پاك پرې توتاګركي وګمارل دا مرغۍ د زرګونو په شمېر كښې راغلې او واړۀ واړۀ كاڼي يې پرې ور وورول او په دې باندې يې ابرهه سره د خپله لښكره برباد كړو. عربو به د وخت حساب د دغې مشهور كال نه كاوه.</meaning></meanings></int></entry></words>
