<?xml version="1.0" encoding="UTF-8"?>
<words>
  <entry>
    <word>عورت</word>
    <int>
      <pron>(عَو+رَ+تْ)</pron>
      <gram>[ع-اس-مو]</gram>
      <poem/>
      <meanings>
        <meaning>د بني آدم د بدن هغه حصه چې ښكاره كول يې شرم ګڼلے شي. پټ اندام- د ستر ځائے- ښځه.</meaning>
      </meanings>
    </int>
  </entry>
<entry><word>عورته</word><int><pron>(عَو+رَ+تْ)</pron><gram>[عپ تر-اس-مو-ج:تې]</gram><poem></poem><meanings><meaning>ښځه- ماندينه- ماينه.</meaning></meanings></int></entry></words>
