<?xml version="1.0" encoding="UTF-8"?>
<words>
  <entry>
    <word>عازم</word>
    <int>
      <pron>(عا+زِ+مْ)</pron>
      <gram>[ع-اس-صف-مذ-ج: عازمان-(مؤ: عازمه)]</gram>
      <poem/>
      <meanings>
        <meaning>عزم كوونكے- قصد يا اراده كؤونكے- نيت كؤونكے- روانېدونكے- (په سفر وغېره)</meaning>
      </meanings>
    </int>
  </entry>
<entry><word>عازم كېدل</word><int><pron></pron><gram></gram><poem></poem><meanings><meaning>يوځائے ته (په سفر) روانېدل- چرته (د څۀ مقصد دپاره) ارده كول- عزم كول لكه: عازمِ جنګ تلل.</meaning><meaning>(يا سفر) كېدل.</meaning></meanings></int></entry></words>
