<?xml version="1.0" encoding="UTF-8"?>
<words>
  <entry>
    <word>عرض</word>
    <int>
      <pron>(عَ+رْ+ضْ)</pron>
      <gram>[ع-اس-مذ-ج:ونه]</gram>
      <poem>عشق يې درست له عناصرو سره ګډ كړ&lt;br/&gt;هسې نه چې تش برسېره دے عرض&lt;br/&gt;(خواجه محمد)</poem>
      <meanings>
        <meaning>د ((جوهر)) نقيض دے. هغه چې په خپل ذات قايم نۀ وي. په بل بانداړه لري. لكه ((رنګ)) چې په كپړه-كاغذ وغېره اړه لري.</meaning>
        <meaning>هغه ناجوړتيا كومه چې د بلې كومې ناجوړتيا له كبله ولګي. لكه د تبې په وجه سرخوږے- د كوم دړد په وجه تبه وغېره.</meaning>
      </meanings>
    </int>
  <int><pron>(عَ+رْ+ضْ)</pron><gram>[ع-اس-مذ-ج:ونه-اعراض]</gram><poem/><meanings><meaning>هر هغه څېز چې واقع شي- حادثه- عارضه- بيماري.</meaning></meanings></int><int><pron>(عَ+رْ+ضْ)</pron><gram>[ع-اس-مذ]</gram><poem/><meanings><meaning>ناموس- آبرو- پت- ست (قندهار) شهرت- نوم. (كم كوز استعمالېږي).</meaning></meanings></int><int><pron>(عَ+رْ+ض)</pron><gram>[ع-اس-مذ-ج:ونه]</gram><poem/><meanings><meaning>پلن والے- سور- خوروالے</meaning><meaning>بيان- اظهار- التماس.</meaning></meanings></int><int><pron>(عَ+رْ+ض)</pron><gram>[ع-اس-مذ]</gram><poem/><meanings><meaning>دعرض بلد په معنٰى كښې راځي. و_________ عرض بلد.</meaning></meanings></int></entry>
<entry><word>عرض او طول</word><int><pron>(—+(ضو)+طو+لْ)</pron><gram>[عف تر-اس]</gram><poem/><meanings><meaning>پلن والے او اوږدوالے. (عموماً طول و عرض وئيلے شي).</meaning></meanings></int></entry><entry><word>عرض بلد</word><int><pron>(—+بَ+لْ+دْ)</pron><gram>[عف تر-اس-مذ-ج:ونه]</gram><poem/><meanings><meaning>هغه يوسل او اتيا فرضي خطونه (180) چې د زمكې نه چارچاپيره د خط استوا سره متوازي راښكلي شوي دي. د دې (فرضي) خطونو او د طول بلد (فرضي) خطونو په مدد سره د زمكې په مخ د يو شهر يا ديو مقام صحيح ځائے معلومولے شي.</meaning></meanings></int></entry><entry><word>عرض بېګې</word><int><pron>(—+بې+ګي)</pron><gram>[عف تر-اس-مذ]</gram><poem/><meanings><meaning>د پخوانو بادشاهانو او حاكمانو په دربارونو كښې يوه عهده دار- د چا كار چې د خلقو عرضيانې او درخواستونه بادشاه ته وړاندې كول وو.</meaning></meanings></int></entry><entry><word>عرض كول</word><int><pron/><gram/><poem/><meanings><meaning>بيانول- عاجزۍ سره يا ادب سره وئيل- التماس كول.</meaning></meanings></int></entry><entry><word>عرض ګو</word><int><pron>(—+ګو)</pron><gram>[عف تر-صف-اس-ج:يان]</gram><poem>عرض ګويم ربه ستا و درګاه پاك ته&lt;br/&gt;پړ مې مكړې و دې دهر كينه ناك ته&lt;br/&gt;(حافظ)</poem><meanings><meaning>عرض كوونكے درخواست كوونكے.</meaning></meanings></int></entry><entry><word>عرض لرل</word><int><pron/><gram/><poem/><meanings><meaning>درخواست لرل- التماس لرل- (عموماً يو ((عرض لرل)) وئيلے شي.</meaning></meanings></int></entry><entry><word>عرضاً</word><int><pron>(عَ+رْ+ضاً)</pron><gram>[ع-تف]</gram><poem/><meanings><meaning>د پلن والي په لحاظ سره- پلن والي سره تعلق لرونكے.</meaning><meaning>واقعاً- اتفاقاً.</meaning><meaning>د درخواست په طور- د عرض كولو په طور.</meaning></meanings></int></entry><entry><word>عرضه</word><int><pron>(عَ+رَ+ضَ)</pron><gram>[عف تر-اس-مؤ]</gram><poem/><meanings><meaning>ښكاره- څرګند.</meaning><meaning>غاؤ.</meaning><meaning>غاؤكول.</meaning></meanings></int></entry><entry><word>عرضه كول</word><int><pron/><gram/><poem>په دار وار زما سلام ورته عرضه كړه&lt;br/&gt;ورسره زما د لوريه څو تسليمه&lt;br/&gt;(خوشحال)</poem><meanings><meaning>عرض كول- وړاندې كول.</meaning></meanings></int></entry><entry><word>عرض كېدل</word><int><pron/><gram/><poem/><meanings><meaning>ښكاره كېدل- څرګندېدل- وړاندې كېدل- پېش كېدل.</meaning><meaning>غاؤكېدل.</meaning></meanings></int></entry><entry><word>عرضي</word><int><pron>(عَ+رْ+ضِي)</pron><gram>[عپ تر-اس-مو]</gram><poem/><meanings><meaning>درخواست- په ادب يا عاجزۍ سره ليكلے شوے التماس.</meaning><meaning>په عدالت كښې دعوٰى.</meaning><meaning>اتفاقي.</meaning></meanings></int></entry><entry><word>عرضي اخېستل</word><int><pron/><gram/><poem/><meanings><meaning>د چا مظلوم يا د فريادي ليكلې شوې درخواست وصولول.</meaning><meaning>د نوكرۍ يا دبل څه ضرورت دپاره ليكلے شوې درخواست اخېستل.</meaning></meanings></int></entry><entry><word>عرضي كول په چا</word><int><pron/><gram/><poem/><meanings><meaning>عدالت له د چا د ظلم زياتي وغېره خلاف درخواست وركول- مقدمه دائر كول.</meaning></meanings></int></entry><entry><word>عرضي نويس</word><int><pron>(—+نَ+وي+سْ)</pron><gram>[عف تر-اس-مذ-ج:نويسان]</gram><poem/><meanings><meaning>هغه كس چې كار كسب يې د خلقو دپاره درخواستونه ليكل وي. داسې كسان عموماً په خاص اجازت په كچهرو كښې ناست وي.</meaning></meanings></int></entry><entry><word>عرضي وركول</word><int><pron></pron><gram></gram><poem></poem><meanings><meaning>درخواست وركول.</meaning></meanings></int></entry></words>
