<?xml version="1.0" encoding="UTF-8"?>
<words>
  <entry>
    <word>عصا</word>
    <int>
      <pron>(عَ+صا)</pron>
      <gram>[ع-اس-مو-ج:ګانې]</gram>
      <poem/>
      <meanings>
        <meaning>د لاس لرګے- همسا- سوټۍ- لكړه.</meaning>
      </meanings>
    </int>
  </entry>
<entry><word>عصا برادر</word><int><pron>(—+بَ+رْ+دا+رْ)</pron><gram>[عف تر-اس صف-مذ-ج:ان]</gram><poem></poem><meanings><meaning>همسا پورته كوونكے- هغه كس چې د بادشاهانو وړاندې وړاندې ځي- او د نخښې په طور يې همسا په لاس كښې وړاندې نېولې وي.</meaning></meanings></int></entry></words>
