<?xml version="1.0" encoding="UTF-8"?>
<words>
  <entry>
    <word>علي</word>
    <int>
      <pron>(عَ+لِي)</pron>
      <gram>[ع-صف]</gram>
      <poem/>
      <meanings>
        <meaning>لوړ- اوچت- رفعت واله- لوړ مقام واله</meaning>
        <meaning>د مسلمانانو په نومونو كښې ډېر راځي. (خو د دې اصل وجه د لفظ معنٰى نۀ ده بلكې د حضرت علىؓ نوم دے).</meaning>
      </meanings>
    </int>
  </entry>
<entry><word>علي بند</word><int><pron>(—+بَ+نْ+دْ)</pron><gram>[عپ تر-اس-مذ-ج:ونه]</gram><poem/><meanings><meaning>يو قسم كالے دے چې شيعه ګان يې اكثر په مټ (يا د لېچې په سر) تړي.</meaning></meanings></int></entry><entry><word>علي ږغونه</word><int><pron>(—+ژَ+غُو+نَ)</pron><gram>[ع-اس-ج]</gram><poem/><meanings><meaning>د يوې ژبې هغه آوازونه چې په پېدا كولو كښې د كومي نه واخلې تر شونډو پورې پكښې هېڅ قسم بندېز نۀ وي.(انګ:واولز) واولونه. (په پخوانو قواعدو كښې ورته د علت حروف وايي. او دا درې حرفونه (توري) يعنې آوازونه ګڼلے شي. خو اصلاً عموماً د دريو نه زيات دي.</meaning></meanings></int></entry><entry><word>علي مسجد</word><int><pron>(—+مَ+سْ+جِ+دْ)</pron><gram/><poem/><meanings><meaning>په خېبر كښې يو مشهور مقام- چې يوه قلاهم پكښې جوړه كړې شوې ده. (د ځنو خلقو په خيال حضرت علىؓ دلته راغلے ؤ- او دتله يې جومات جوړ كړے ؤ. خو دا درسته نۀ ده. دا بل كوم نېك بزرګ سره تعلق لري).</meaning></meanings></int></entry><entry><word>علي ملنګ</word><int><pron/><gram/><poem/><meanings><meaning>تش لاسے- مفلس- ډېر غرېب.</meaning></meanings></int></entry><entry><word>عليا</word><int><pron>(عُ+لْ+يا)</pron><gram>[ع-صف-مو]</gram><poem/><meanings><meaning>د ((اعلى)) تا نيث دے. ډېره لوړه- د ډېرې لويې مرتبې. (د نورو الفاظو سره راځي).</meaning></meanings></int></entry><entry><word>عليت</word><int><pron>(عِ+لْ+لِي+ىَ+تْ)</pron><gram>[اس-مذ]</gram><poem/><meanings><meaning>علت- وجه- سبب.</meaning></meanings></int></entry><entry><word>عليين مكان</word><int><pron>(—+مَ+كا+نْ)</pron><gram>[ع تر-صف]</gram><poem/><meanings><meaning>هغه كس چې د مرګ نه پس ورله خدائے پاك دغه لوړ ځائے وركړے وي.</meaning></meanings></int></entry><entry><word>علييون</word><int><pron>(عِ+لْ+لِي+يُو+نْ)</pron><gram>[ع-ص]</gram><poem></poem><meanings><meaning>اوچت- لوړ- ډېر اوچت.</meaning><meaning>د اووم اسمان نه په بره حصه- هغه ځائے چرته چې د خلقو اعمال نامې ساتلې شي.</meaning><meaning>اعمال نامې.</meaning><meaning>د آسمانونو اوسېدونكي- فرښتې.</meaning></meanings></int></entry></words>
