<?xml version="1.0" encoding="UTF-8"?>
<words>
  <entry>
    <word>عيوب</word>
    <int>
      <pron>(عُ+يُو+بْ)</pron>
      <gram>[ع-اس-جم]</gram>
      <poem/>
      <meanings>
        <meaning>د (عېب) جمع ده.</meaning>
      </meanings>
    </int>
  </entry>
<entry><word>عيوب ښودل د چا</word><int><pron/><gram/><poem/><meanings><meaning>د چا عېبوړه ښكاره كول- د چا نقصونه يا بد څرګندول.</meaning></meanings></int></entry><entry><word>عيوق</word><int><pron>(عَ+يُو+ق)</pron><gram>[ع-اس-مذ]</gram><poem>مضبوط مزے د تمكين مې ګسته شو&lt;br/&gt;پېوند ناخلي له عيوقه له كېوانه&lt;br/&gt;(حافظ)</poem><meanings><meaning>د يو روښانه ستوري نوم- چې د پرئيونو نه وړاندې راخيژي او بيا ترې وړاندې ځي.</meaning></meanings></int></entry><entry><word>عيون</word><int><pron>(عَ+يُو+نْ)</pron><gram>[ع-اس]</gram><poem/><meanings><meaning>هغه كس چې نظر باز وي- د سترګو نظر يې لګي او په نظر يې بل ته سړے نقصان رسوي- د نظره كونكے</meaning></meanings></int><int><pron>(عُ+يُو+نْ)</pron><gram>[ع-اس-ج]</gram><poem></poem><meanings><meaning>د ((عېن)) جمع ده- (و_____ عېن)</meaning></meanings></int></entry></words>
