<?xml version="1.0" encoding="UTF-8"?>
<words>
  <entry>
    <word>عدت</word>
    <int>
      <pron>(عِ+دْ+دَ+تْ)</pron>
      <gram></gram>
      <poem></poem>
      <meanings>
        <meaning>شمېر- شمار- شمارنه.</meaning>
        <meaning>(شرع) هغه خاص ميعاد- په كوم كښې دننه چې يو طلاقه شوې ښځه بله نكاح نه شي كولے- (د دې ميعاد د تېرلونه پس د هغې خوښه ده كه بله نكاح كوي او كه نۀ كوي) د طلاقې شوې ښځې عدت، دهغې درې حېضونه يا درې مياشتې دي. (په دې كښې يې نان نفقه په خاوند وي. كومه ښځه چې كونډه شوې وي (يعنې خاوند يې مړ وي) نو د هغې عدت څلور مياشتې او لس ورځې دي. او د حاملې ښځې (چې په رحم كښې يې بچے وي) دپاره عدت د بال بچ د راړولو تروخته دے. (زياتي معلومات او اختلاف وغېره د فقې كتابونو كښې وګورئ).</meaning>
      </meanings>
    </int>
  </entry>
</words>
