<?xml version="1.0" encoding="UTF-8"?>
<words>
  <entry>
    <word>عبوديت</word>
    <int>
      <pron>(عُ+بُو+دِى+ىَ+تْ)</pron>
      <gram>[ع-اس-مذ-ج— ونه]</gram>
      <poem/>
      <meanings>
        <meaning>بندګي- غلامي- بنده توب-مري توب.</meaning>
        <meaning>عبادت- اطاعت.</meaning>
      </meanings>
    </int>
  </entry>
<entry><word>عبور</word><int><pron>(عُ+بُو+رْ)</pron><gram>[ع-اس-مذ]</gram><poem>د صراط په عبور خلاص شي له ثُبُورهمؤمنان جنت له ځي چست و چالاك شي(حافظ)</poem><meanings><meaning>د علم كتابونو وغېره نه پوې وتنه- په كوم مضمون يا مسئله حاوي ((بورنه)) لكه: په عربۍ كښې پوره عبور حاصل دے.</meaning><meaning>د سړك لارې يا د خوړ درياب وغېره نه پورې وتل.</meaning></meanings></int></entry><entry><word>عبور لرل</word><int><pron/><gram/><poem/><meanings><meaning>په كومه مسئله يا مضمونه كښې پوره پوره علم لرل- ډېر ماهر (بودل)</meaning></meanings></int></entry><entry><word>عبوس</word><int><pron>(عُ+بو+سْ)</pron><gram>[ع-صف]</gram><poem/><meanings><meaning>تر يو تندے يا مخ- ترش رويې بوس بوټ. (د پښتو بوس يا بوټ الفاظ د همدې لفظ نه جوړ كړے شوي دي).</meaning></meanings></int></entry><entry><word>عبوست</word><int><pron>(عُ+بُو+سَ+تْ)</pron><gram>[ع-اس-مذ]</gram><poem></poem><meanings><meaning>بوس توب- تريو تندے نېونه- بوټ توب.</meaning></meanings></int></entry></words>
