<?xml version="1.0" encoding="UTF-8"?>
<words>
  <entry>
    <word>عبقري</word>
    <int>
      <pron>(عَ+بْ+قْ+رِيْ)</pron>
      <gram>[ع-اس]</gram>
      <poem></poem>
      <meanings>
        <meaning>عبقريت ته منسوب، چې معنٰى يې كپړا او فرش وغېره ده- كوم چې ډېر مضبوط او ښكلي دي- مجازاً قيمتي بچوڼه يا جامې او فرش وغېره.</meaning>
        <meaning>مجازاً ډېر قيمتي- نايابه- نادر.</meaning>
      </meanings>
    </int>
  </entry>
</words>
