<?xml version="1.0" encoding="UTF-8"?>
<words>
  <entry>
    <word>عصيبه</word>
    <int>
      <pron>(عَ+صَ+بِي+ىَ)</pron>
      <gram>[ع-صف-مو]</gram>
      <poem/>
      <meanings>
        <meaning>عصبي- اعصابو سره تعلق لرونكے.</meaning>
        <meaning>جماعت يا پارټۍ سره تعلق لرونكے.</meaning>
      </meanings>
    </int>
  </entry>
<entry><word>عصيان</word><int><pron>(عِ+صْ+يا+نْ)</pron><gram></gram><poem></poem><meanings><meaning>ګناهګاري- نافرماني- سركښي- ګناه (اصلاً ددې معنى د سخت يا كلك وي- هركله چې د ګناهګار سړي زړۀ سخت وي- ځكه دا لفظ په دغه معنٰى كښې مجازاً استعمالېږي.</meaning></meanings></int></entry></words>
