<?xml version="1.0" encoding="UTF-8"?>
<words>
  <entry>
    <word>عكاس</word>
    <int>
      <pron>(عَ+كَ+كا+سْ)</pron>
      <gram>[ع-اس-مذ-ج:ان]</gram>
      <poem/>
      <meanings>
        <meaning>عكس اخستونكے- يا جوړوونكے- تصوير جوړوونكے- مصور- فوټوګرافر.</meaning>
      </meanings>
    </int>
  </entry>
<entry><word>عكاس خانه</word><int><pron>(—+خا+نَ)</pron><gram>[عف تر-اس-مو-ج:نې]</gram><poem/><meanings><meaning>هغه ځائے (كوټه) چرته چې فوټوګان اخېستے شي- د فوټوګرافر سټوډيو.</meaning></meanings></int></entry><entry><word>عكاسي</word><int><pron>(عَ+كَ+كا+سِي)</pron><gram>[عف تر-اس-مو]</gram><poem/><meanings><meaning>عكس اخستنه- د عكس اخستلو كار يا پېشه- فوټوګرافي- مصوري.</meaning></meanings></int></entry><entry><word>عكاظ</word><int><pron>(عُ+كا+ظ)</pron><gram>[اس-مع-مذ]</gram><poem></poem><meanings><meaning>په عربو كښې ديو ځائے نوم چې پخوا به پكښې يو بازار يا مډهۍ لګېده- او د لرې لرې خلق به د سود دپاره دغې ځائے ته راتلل- (مريۍ وېنځې به پكښې هم خرڅېدې او شاعرانو به پكښې د خپلې شاعرۍ كمال هم ښوده).</meaning></meanings></int></entry></words>
