<?xml version="1.0" encoding="UTF-8"?>
<words>
  <entry>
    <word>عديل</word>
    <int>
      <pron>(عَ+دِي+لْ)</pron>
      <gram>[ع-صف-مذ-مؤ:ه]</gram>
      <poem/>
      <meanings>
        <meaning>ساري- برابر- يوشان- همسر- مساوي- هم وزن- هم نظير.</meaning>
        <meaning>(ع) كوم كسان چې په كجاوه كښې يو خوا بل خوا كښېني په هغو كښې هر يو دبل عديل بللے شي.</meaning>
        <meaning>عدل كوونكے- عادل- انصاف دار.</meaning>
      </meanings>
    </int>
  </entry>
<entry><word>عديم</word><int><pron>(عَ+دِي+مْ)</pron><gram>[ع-صف-مذ-مؤ:ه]</gram><poem/><meanings><meaning>معدوم- ؤرك- ناپيدا- نيشت- نابود- ناياب.</meaning></meanings></int></entry><entry><word>عديم الفرصت</word><int><pron>(—+مُ+لْ+فُ+رْ+صَ+تْ)</pron><gram>[ع تر-صف-مذ-مؤ:ه]</gram><poem/><meanings><meaning>هغه چې فرصت نۀ لري- نا اوزګاره چې هر وخت په كار كښې بوخت وي.</meaning></meanings></int></entry><entry><word>عديم المثال</word><int><pron>(—+مُ+لْ+مِ+ثا+لْ)</pron><gram>[ع تر-صف-مذ-مؤ:ه]</gram><poem/><meanings><meaning>هغه چې مثال نۀ لري- بې مثاله- بې نظيره- لا ثاني.</meaning></meanings></int></entry><entry><word>عديم الوجود</word><int><pron>(—+مُ+لْ+وُ+جُو+دْ)</pron><gram>[ع تر-صف]</gram><poem></poem><meanings><meaning>هغه چې وجود نۀ لري- ناياب- ؤرك- كمياب- نۀ پېدا كېدونكے.</meaning></meanings></int></entry></words>
