<?xml version="1.0" encoding="UTF-8"?>
<words>
  <entry>
    <word>عسكر</word>
    <int>
      <pron>(عَ+سْ+كَ+رْ)</pron>
      <gram>[ع-اس-مذ-ج:ونه-ع-(ج:عساكر)]</gram>
      <poem/>
      <meanings>
        <meaning>لښكر- فوځ.(اصلاً دا د فارسۍ د لشكر نه موب شوے دے).</meaning>
      </meanings>
    </int>
  </entry>
<entry><word>عسكري</word><int><pron>(عَ+س+كَ+رِي)</pron><gram>[عف تر-صف]</gram><poem/><meanings><meaning>عسكر يعنې لښكر سره تعلق لرونكے- لښكر ته منسوب- لښكري- فوځي.</meaning><meaning>فوځي سپاهي.</meaning></meanings></int></entry><entry><word>عسكريت</word><int><pron>(عَ+سْ+كَ+رِي+ىَ+تْ)</pron><gram>[عپ تر-اس-مذ]</gram><poem></poem><meanings><meaning>فوځ يا لښكر سره متعلق حالت.</meaning><meaning>عكسري توب- بهادري. جنګياليتوب- مېړنتوب.</meaning></meanings></int></entry></words>
