<?xml version="1.0" encoding="UTF-8"?>
<words>
  <entry>
    <word>عقده واكول</word>
    <int>
      <pron/>
      <gram/>
      <poem/>
      <meanings>
        <meaning>غوټه پرانستل- ګران حل كول.</meaning>
      </meanings>
    </int>
  </entry>
<entry><word>عقد</word><int><pron>(عُ+قْ+دْ)</pron><gram>[ع-اس-مذ-ج:ونه]</gram><poem>د دنيا ناوې په عقد كښې دين غواړي&lt;br/&gt;اے رحمانه ځان ترې ژعقده له نكاحه&lt;br/&gt;(رحمان بابا)</poem><meanings><meaning>غوټه- تړنه. عهد- لوظ كول. نكاح.</meaning></meanings></int><int><pron>(عِ+قْ+دْ)</pron><gram>[ع-اس-مذ]</gram><poem/><meanings><meaning>لړ- لړۍ- هار- امېل.</meaning></meanings></int></entry><entry><word>عقد تړل</word><int><pron/><gram/><poem/><meanings><meaning>نكاح تړل- د نكاح په بند كښې راوستل. وادۀ كول.</meaning></meanings></int></entry><entry><word>عقد كول</word><int><pron/><gram/><poem/><meanings><meaning>نكاح كول- وادۀ كول.</meaning></meanings></int></entry><entry><word>عقد كېدل</word><int><pron/><gram/><poem/><meanings><meaning>نكاح كېدل- وادۀ كېدل.</meaning></meanings></int></entry><entry><word>عقد نامه</word><int><pron>(—+نا+مَ)</pron><gram>[عف تر-اس-مو-ج:مې]</gram><poem/><meanings><meaning>نكاح نامه.</meaning></meanings></int></entry><entry><word>عقدونه</word><int><pron>(عَ+قْ+دُو+نَ)</pron><gram/><poem/><meanings><meaning>د ((عقد)) جمع ده.</meaning></meanings></int></entry><entry><word>عقده</word><int><pron>(عُ+قْ+دَ)</pron><gram>[ع-اس-مو-ج:دې]</gram><poem/><meanings><meaning>غوټه- غټه- ګره- تړ- تړنه</meaning><meaning>ګران خبره- ګرانه لانجه- ګرانه معامله (لكه كلكه غوټه چې په آسانه نشي پرانستلے كېدلے).</meaning></meanings></int></entry><entry><word>عقده حل كول</word><int><pron/><gram/><poem/><meanings><meaning>مسئله حل كول- لانجه يا معامله سرته رسول- ګرانه حال كول.</meaning></meanings></int></entry><entry><word>عقده كشايي</word><int><pron>(—+كُ+شا+يِي)</pron><gram>[عف تر-اس-مو]</gram><poem/><meanings><meaning>غوټه پرانستل- مجازاً ګران حل كول.</meaning></meanings></int></entry><entry><word>عقده كشايي كول</word><int><pron></pron><gram></gram><poem></poem><meanings><meaning>مجازاً ګران حل كول.</meaning></meanings></int></entry></words>
