<?xml version="1.0" encoding="UTF-8"?>
<words>
  <entry>
    <word>عتيق</word>
    <int>
      <pron>(عَ+تِي+قْ)</pron>
      <gram>[ع-صف]</gram>
      <poem>آزاده عالم بندي دې كه يې ګورې&lt;br/&gt;د زلفينو په زنځير يې دے عتيق&lt;br/&gt;(خوشحال)</poem>
      <meanings>
        <meaning>زړو- د زړې زمانې- پخوانې.</meaning>
        <meaning>چوڼ شوے- غوره كړے.</meaning>
        <meaning>آزاد- اصيل- عزتمند.</meaning>
      </meanings>
    </int>
  </entry>
<entry><word>عتيقه</word><int><pron>(عَ+تِي+قَ)</pron><gram>[ع-اس-مؤ:عتيقې-ج:ات]</gram><poem/><meanings><meaning>زوړ- د زړې زمانې څۀ څيز- اينټيق- (Antique).</meaning></meanings></int></entry><entry><word>عتيقه شناس</word><int><pron>(—+شِ+نا+س)</pron><gram>[عف تر-اس-صف-ج—ان-مؤ:—ه]</gram><poem/><meanings><meaning>د پخوانو زمانو د آثارو پېژندونكى- د اثار قديمه عالم.</meaning></meanings></int></entry><entry><word>عتيقه شناسي</word><int><pron>(—+شِ+نا+سِي)</pron><gram>[عف تر-اس-مو]</gram><poem></poem><meanings><meaning>د پخوانو زمانو د آثارو پېژندنه- د آثارو قديمه مهارت.</meaning></meanings></int></entry></words>
