<?xml version="1.0" encoding="UTF-8"?>
<words>
  <entry>
    <word>عواطف</word>
    <int>
      <pron>(عَ+وا+طِ+فْ)</pron>
      <gram>[ع-اس-ج]</gram>
      <poem/>
      <meanings>
        <meaning>د ((عاطفه)) جمع ده. مهربانۍ ((خپل ژور عواطف په غاړو كښې څرګندوي))</meaning>
      </meanings>
    </int>
  </entry>
<entry><word>عواقب</word><int><pron>(عَ+وا+قِ+بْ)</pron><gram>[ع-اس-ج]</gram><poem/><meanings><meaning>د ((عاقبه)) (يا عاقبت) جمع ده. عاقبه د پښې شاتنې طرف ته وايي. د هر څيز آخر يا شاته طرف. ورستو يا شته راتلونكي څيزونه- د كارونو انجامونه- خاتمې.</meaning></meanings></int></entry><entry><word>عوام</word><int><pron>(عَ+وا+مْ)</pron><gram>[ع-اس-ج]</gram><poem/><meanings><meaning>د ((عامه)) جمع ده. عام خلق. عام وګړي- عام اولس.</meaning></meanings></int></entry><entry><word>عوام فرېب</word><int><pron>(—+فَ+رې+بْ)</pron><gram>[عف-تر-صف]</gram><poem/><meanings><meaning>عامو خلقو له دوكه وركوونكے.</meaning></meanings></int></entry><entry><word>عوام فرېبي</word><int><pron>(—+فَ+رې+بِي)</pron><gram>[عف تر-اس-مو]</gram><poem/><meanings><meaning>عامو خلقو له دوكه وركول- عام ساده خلق تېرباسل.</meaning></meanings></int></entry><entry><word>عوام الناس</word><int><pron>(—+مُ-نْ+نا+سْ)</pron><gram>[ع-تر-اس-جم]</gram><poem/><meanings><meaning>عام خلق- عام اولس.</meaning></meanings></int></entry><entry><word>عوامل</word><int><pron>(عَ+وا+مِ+لْ)</pron><gram>[ع-اس-ج]</gram><poem>په خوردن او په خفتن كښې له چاپائے برابر مه شه&lt;br/&gt;د عمل په كاروبار كښې مه شۀ كم تر عوامله&lt;br/&gt;(خوشحال)</poem><meanings><meaning>د ((عامل)) جمع ده.</meaning><meaning>كارنده- كاركوونكي- حاكم.</meaning><meaning>عامل حاكم ته هم وايي.</meaning></meanings></int></entry><entry><word>عوامي</word><int><pron>(عَ+وا+مِي)</pron><gram>[عف تر-صف]</gram><poem/><meanings><meaning>عوامو سره تعلق لرونكے- عوامو تۀ منسوب- د عامو خلقو- د عام اولس.</meaning></meanings></int></entry><entry><word>عوائب</word><int><pron>(ع+وا+ئ+بْ)</pron><gram>[ع-اس-ج]</gram><poem/><meanings><meaning>د ((عيب)) جمع ده. عېبونه. (و________ عېب)</meaning></meanings></int></entry><entry><word>عوائق</word><int><pron>(عَ+وا+ئ+قْ)</pron><gram>[ع-اس-ج]</gram><poem>چې يې قطع عوايق كړل&lt;br/&gt;په اسمان كېښناست عيسٰى&lt;br/&gt;(خوشحال)</poem><meanings><meaning>د عائق- عائقه جمع ده. موانع- ايساروونكي- منع كوونكي- خنډان- اړيكې.</meaning></meanings></int></entry></words>
