<?xml version="1.0" encoding="UTF-8"?>
<words>
  <entry>
    <word>علّيين</word>
    <int>
      <pron>(عِ+لْ+لي+يي+نْ)</pron>
      <gram>[ع-اس-مذ]</gram>
      <poem></poem>
      <meanings>
        <meaning>د جنت نوم دے.</meaning>
        <meaning>د اووم آسمان نه بره مقام. (ځنې ورته اتم اسمان هم وايي) چې ښكته حصه يې سدرة المنتهٰى څخه ده. او برنے سر يې عرش سره لګېدلے دے ويلې شي چې د ښو خلقو روحونه د مرګ نه وروستو دغې ځائے ته ځي.</meaning>
        <meaning>د عليه جمع ده. لوړ- ډېر لوړ- د جنت لوړ لوړ كورونه او د هغو كړكۍ دريچې.</meaning>
      </meanings>
    </int>
  </entry>
</words>
