<?xml version="1.0" encoding="UTF-8"?>
<words>
  <entry>
    <word>عكري خېل</word>
    <int>
      <pron>(عَ+كْ+رِي+خېل)</pron>
      <gram>[اس-مع]</gram>
      <poem></poem>
      <meanings>
        <meaning>د كريم خېلو څانګه ده. (كريم خېل- جمال خېل- ملك شاهي- ولي خېل- اتمان زئ- دروېش خېل وزير دي. په بله شجره كښې دملك شاهي او دولي خېلو پ مېنځ كښې ((كابل خېل)) هم ليكي دي- يعنې ملك شاهي –كابل خېل- ولي خېل.......)</meaning>
      </meanings>
    </int>
  </entry>
</words>
