<?xml version="1.0" encoding="UTF-8"?>
<words>
  <entry>
    <word>عاف</word>
    <int>
      <pron>(عا+فْ)</pron>
      <gram>[ع-اس فا-ع-مذ-مؤ: عافه]</gram>
      <poem/>
      <meanings>
        <meaning>معاف كوونكے- بخښونكے.</meaning>
      </meanings>
    </int>
  </entry>
<entry><word>عافي</word><int><pron>(عا+فِي)</pron><gram>[ع-اس فاع]</gram><poem/><meanings><meaning>معاف كوؤنكے- بخښونكے- معافي وركوونكے.</meaning></meanings></int></entry><entry><word>عافيت</word><int><pron>(عا+فِي+ىَ+تْ)</pron><gram>[ع-اس-مذ-ج: عافيتونه]</gram><poem></poem><meanings><meaning>صحت- تندرستي.</meaning><meaning>امن- سلامتي- آرام- سلامتيا- روغتيا- خېريت.</meaning><meaning>نېكي- ښېګړه- سعادت.</meaning></meanings></int></entry></words>
