<?xml version="1.0" encoding="UTF-8"?>
<words>
  <entry>
    <word>عقرقرحا</word>
    <int>
      <pron>(عَ+قَ+رْ+قَ+رْ+حَ)</pron>
      <gram>[ع-اس-مو]</gram>
      <poem/>
      <meanings>
        <meaning>د يوې ترخې او تيزې جرړې نوم دے- چې په داروګانو كښې استعمالېږي- خصوصاً د غاښونو د چينجو يا د قوت باه دپاره.</meaning>
      </meanings>
    </int>
  </entry>
<entry><word>عقربك</word><int><pron>(عَ+قْ+رَ+بَ+كْ)</pron><gram>[عف تر-اس]</gram><poem/><meanings><meaning>لاس- دګړۍ- ستن.</meaning><meaning>كونډه- د اسپنې ټكړه چې دواړه اړخه يې راتاؤ شوي وي او پكښې د كاڼو بلاكونه نيوے شي.</meaning></meanings></int></entry><entry><word>عقرب كېدل</word><int><pron/><gram/><poem>اقربان راته عقرب شول&lt;br/&gt;رضا مند مې په تعب شول&lt;br/&gt;(خوشحال)</poem><meanings><meaning>لړل كېدل- دشمن كېدل.</meaning></meanings></int></entry><entry><word>عقرب</word><int><pron>(عَ+قْ+رَ+بْ)</pron><gram>[ع-اس-مذ-ج:ان،عقارب]</gram><poem>لكه ته چې د غصې د زهرو ډك يې&lt;br/&gt;نشته ستا په شانته زهر په عقرب كښې&lt;br/&gt;(علي خان)</poem><meanings><meaning>لړم- كژدم.</meaning><meaning>د آسمان په دولسو برجونو كښې اتم برج.</meaning><meaning>د شمسي كال اتمه مياشت. آبان- چې 24 اكتوبر نه تر 22 نومبره پورې وي.</meaning></meanings></int></entry><entry><word>عقر</word><int><pron>(عُ+قْ+رْ)</pron><gram>[ع-صف]</gram><poem></poem><meanings><meaning>شنډتوب- شنډوالے- عَقم.</meaning></meanings></int></entry></words>
