<?xml version="1.0" encoding="UTF-8"?>
<words>
  <entry>
    <word>عشق</word>
    <int>
      <pron>(عِ+شْ+ق)</pron>
      <gram>[ع-اس-مذ]</gram>
      <poem/>
      <meanings>
        <meaning>يو څيز (يا بنى ادم) سره دحد نه زياته مينه بې كچه ډېر محبت.</meaning>
      </meanings>
    </int>
  </entry>
<entry><word>عشق انګيز</word><int><pron>(—+اَ+نْ+ګې+زْ)</pron><gram>[عف تر-صف-مذ-مو:ه]</gram><poem/><meanings><meaning>عشق پېدا كوونكے- مينه رالړزوونكے.</meaning></meanings></int></entry><entry><word>عشق باز</word><int><pron>(—+با+زْ)</pron><gram>[عف تر-اس-صف-مذ-ج:ان-(مؤ):ه]</gram><poem/><meanings><meaning>عشق كوونكے- مينه كوونكے- عاشق مزاج- په هر ښائست مئيېدونكے- حُسن پرست.</meaning><meaning>تماش بين- عياش.</meaning></meanings></int></entry><entry><word>عشق بازي</word><int><pron>(—+با+زي)</pron><gram>[عف تر-اس-مو]</gram><poem/><meanings><meaning>عشق كونه- عاشقي- مئينتوب- حُسن پرستي.</meaning><meaning>تماش بيني- عياشي.</meaning></meanings></int></entry><entry><word>عشق پيچه</word><int><pron>(—+پي+چَ)</pron><gram>[عف تر-اس]</gram><poem/><meanings><meaning>يوځېلۍ لرونكے بوټے چې سرۀ يا د مختلف رنګونو ګلونه كوي- او وړې وړې پاڼې لري</meaning><meaning>يوه قسمه ځېلۍ چې په نورو ونو بوټو خېژي- او هله يې پرېږدې چې وچ يې كړي- په فارسۍ كښې ورته عشق پيچان وايي.</meaning></meanings></int></entry><entry><word>عشق كول</word><int><pron/><gram/><poem/><meanings><meaning>كوم څيز يا نبى آدم سره بې كچه زيات محبت او مينه كول. عاشق كېدل- مينېدل.</meaning></meanings></int></entry><entry><word>عشق كېدل</word><int><pron/><gram/><poem/><meanings><meaning>مينه كېدل- مينه چاسره پيدا كېدل- عاشق كېدل.</meaning></meanings></int></entry><entry><word>عشق لرل</word><int><pron/><gram/><poem/><meanings><meaning>ډېره مينه لرل- بې كچه ډېره دلچسپي لرل- لكه: دے خپل كار سره عشق لري.</meaning></meanings></int></entry><entry><word>عشقي</word><int><pron>(عِ+شْ+قِي)</pron><gram>[عف تر-صف]</gram><poem></poem><meanings><meaning>عشق سره متعلق- عشق ته منسوب.</meaning><meaning>عشق كوونكے.</meaning></meanings></int></entry></words>
