<?xml version="1.0" encoding="UTF-8"?>
<words>
  <entry>
    <word>علوم</word>
    <int>
      <pron>(عُ+لُو+مْ)</pron>
      <gram/>
      <poem/>
      <meanings>
        <meaning>د علم جمع ده. (و__________ علم).</meaning>
      </meanings>
    </int>
  </entry>
<entry><word>علوي</word><int><pron>(عَ+لَ+وِي)</pron><gram>[ع-صف]</gram><poem/><meanings><meaning>د حضرت على كرم الله وجهه اولاد- اصطلاحاً د دې نه د حضرت علىؓ هغه اولاد مراد وي- كوم چې د حضرت فاطمه رضى الله عنها د اولادونه علاوه وي.</meaning></meanings></int><int><pron>(عُ+لَ+وِي)</pron><gram>[ع-ص]</gram><poem/><meanings><meaning>لوړوالي سره تعلق لرونكے- آسماني- د آسمان سره متعلق- آسمان ته منسوب.</meaning></meanings></int></entry><entry><word>علوي عالم</word><int><pron>(—+عا+لَ+مْ)</pron><gram>[عپ-تر-اس-مذ]</gram><poem>تماشه د سماوات كړه&lt;br/&gt;وكه علوي عالم&lt;br/&gt;(حافظ)</poem><meanings><meaning>د آسمانونو دنيا- هغه عالم چې د ادراك نه بهر دے- د ستورو دنيا- د موجوداتو نه پرته يو ما ورايي عالم.</meaning></meanings></int></entry><entry><word>علويت</word><int><pron>(عُ+لْ+وِي+ىَ+تْ)</pron><gram>[اس-مذ]</gram><poem></poem><meanings><meaning>لوړوالے- وچتوالے- رفعت.</meaning></meanings></int></entry></words>
