<?xml version="1.0" encoding="UTF-8"?>
<words>
  <entry>
    <word>عاشوره</word>
    <int>
      <pron>(عا-آشُو+رَ)</pron>
      <gram>[ع-اس-مؤ-ج: عاشورې]</gram>
      <poem/>
      <meanings>
        <meaning>پښتانۀ د محرم مياشتې ته هم د عاشورې (آشورې) مياشت وايي.</meaning>
        <meaning>د محرم د مياشتې لسم تاريخ- په كوم تاريخ چې حضرت امام حسين عليه السلام د يزيد د لښكريانو د لاسه شهيد كړے شوے ؤ.</meaning>
        <meaning>د عشورې د مياشتې اولنۍ لس ورځې.</meaning>
        <meaning>شعرو شاعرۍ كښې د غم د ماتم ورځ (د اختر په مقابله كښې)- د عربۍ اصل لفظ ”عاشوراء“ دے.</meaning>
      </meanings>
    </int>
  </entry>
<entry><word>عاشوره كېدل</word><int><pron/><gram/><poem>خدائے زده څه بازي شي پېښه&lt;br/&gt;عاشوره شي كه اختر&lt;br/&gt;(رحمان بابا)</poem><meanings><meaning>غم راتلل- بده ورځ يا حالات راتلل.</meaning></meanings></int></entry><entry><word>عاشق پېتې</word><int><pron>(عا+ش+قْ+پې+تِي)</pron><gram>[عپ تر-صف]</gram><poem/><meanings><meaning>(عدام) و_____ عاشق دړۍ.</meaning></meanings></int></entry><entry><word>عاشق توب</word><int><pron>(عا+ش+قْ+تو+بْ)</pron><gram>[عپ تر-اس-مذ]</gram><poem>ټول د تن د ځان شپول د زړۀ اشوب&lt;br/&gt;يوه څۀ بده بلا ده عاشق توب&lt;br/&gt;(خوشحال)</poem><meanings><meaning>عاشقي- محبت مئينتوب- مينه لرنه- عشق.</meaning></meanings></int></entry><entry><word>عاشق دړۍ</word><int><pron>(عا+ش+قْ+دَ+ړَ+ۍ)</pron><gram>[عپ تر-صف]</gram><poem/><meanings><meaning>دروغژن عاشق- د دروغو مينه څرګندونكے.</meaning><meaning>هغه كس چې په هر چا مئنيږي.</meaning></meanings></int></entry><entry><word>عاشق كُش</word><int><pron>(عا+ش+قْ+كُ+شْ)</pron><gram>[عف تر-صف-مذ-مؤ: عاشقه كُش]</gram><poem/><meanings><meaning>د عاشق وژونكے- د عاشق قاتل- معشوقه- محبوبه.</meaning></meanings></int></entry><entry><word>عاشق كول</word><int><pron/><gram/><poem/><meanings><meaning>مئينول- د چا په زړۀ كښې مينه پېدا كول.</meaning></meanings></int></entry><entry><word>عاشق كېدل</word><int><pron/><gram/><poem/><meanings><meaning>مئينېدل- شېدا كېدل- مئين كېدل.</meaning><meaning>د څۀ څيز بې كچه ډېر خوښول- يا يې مشتاق كېدل.</meaning></meanings></int></entry><entry><word>عاشق مزاج</word><int><pron>(عا+ش+قْ+مِ+زا+جْ)</pron><gram>[عف تر-صف، مذ-مؤ: عاشق مزاجه]</gram><poem/><meanings><meaning>هغه كس چې په طبيعت كښې يې ښائسته ؤ سره مينه اغږلې شوې وي- حُسن پرست.</meaning></meanings></int></entry><entry><word>عاشق او معشوق</word><int><pron>(عا+شِ+قْ+(او) مَ+عْ+شُوْ+قْ)</pron><gram>[عف تر-اس-جم]</gram><poem/><meanings><meaning>مئين او چې په چا مئين وي- محبت كوونكے او مجبوبه.</meaning><meaning>دوه غمي چې په يوه ګوته كښې يوځائے لګېدلي وي او رنګونه يې مختلف وي.</meaning></meanings></int></entry><entry><word>عاشقي</word><int><pron>(عا+شِ+قِي)</pron><gram>[عپ تر-اس-مؤ]</gram><poem/><meanings><meaning>مينه- عشق- د عشق كار- مئينتوب- عاشقي بده بلا ده مئين مشے.</meaning></meanings></int></entry><entry><word>عاشقي كول</word><int><pron/><gram>(مص تر)</gram><poem>كه عاشقي كړې ځان سندان كړه&lt;br/&gt;پكښې پېښېږي د څټكو ګذارونه!&lt;br/&gt;(ټپه)</poem><meanings><meaning>مينتوب كول- مئينېدل.</meaning></meanings></int></entry><entry><word>عاشقه</word><int><pron>(عا+شِ+قَ)</pron><gram>[عپ تر-اس-مؤ]</gram><poem/><meanings><meaning>د (عاشق) تانيت دے. مئينه لكه: زلېخا په يوسف عليه السلام عاشقه وه.</meaning></meanings></int></entry><entry><word>عاشقانه</word><int><pron>(عا+ش+قا+نَ)</pron><gram>[عف تر-صف]</gram><poem/><meanings><meaning>د عاشقانو سره تعلق لرونكے- مئينتابه- عشقي لكه عاشقانه كلام يا شعر.</meaning></meanings></int></entry><entry><word>عاشقانه خط</word><int><pron>(— خَ+طْ)</pron><gram/><poem/><meanings/></int></entry><entry><word>عاشقانه چيټۍ</word><int><pron>(— چِي+ټَ+ۍ)</pron><gram>[عپ تر-اس]</gram><poem/><meanings><meaning>هغه خط يا چيټۍ چې يو عاشق خپلې معشوقې ته ليكلے وي او پكښې يې  دخپلې مينې خبرې ليكلې وي.</meaning></meanings></int></entry><entry><word>عاشق</word><int><pron>(عا+شِ+قْ)</pron><gram>[ع-اس صف-مذ-ج: عاشقان – عشاق-(مؤ: عاشقه)]</gram><poem/><meanings><meaning>عشق لرونكے- مئين- مينېدونكے- فرېفته- شېدا</meaning><meaning>د نارينه ؤ په نومونو كښې هم راځي.</meaning></meanings></int></entry><entry><word>عاشراً</word><int><pron>(عا+شِ+رَ+نْ)</pron><gram>[ع-تف]</gram><poem/><meanings><meaning>په لسم نمبر (دا خبره چې---).</meaning></meanings></int></entry><entry><word>عاشر</word><int><pron>(عا+شِ+رْ)</pron><gram>[ع-عدد]</gram><poem></poem><meanings><meaning>په لسو كښې يو (برخه) اخستونكے.</meaning><meaning>لسم.</meaning></meanings></int></entry></words>
