<?xml version="1.0" encoding="UTF-8"?>
<words>
  <entry>
    <word>عاق</word>
    <int>
      <pron>(عا+قْ)</pron>
      <gram>[ع-اس-صف-مذ]</gram>
      <poem>حال د خپل زوي خپل پلاروته معلوم دے
څوك به څه لره د عاق راته اوصاف كا
(خوشحال)</poem>
      <meanings>
        <meaning>د مور او پلار نافرمانه- د مور پلار نه سركښه.</meaning>
      </meanings>
    </int>
  </entry>
<entry><word>عاقبت</word><int><pron>(عا+قِ+بَ+تْ)</pron><gram>[ع-اس-مذ-ج: عاقبتونه]</gram><poem>عاقبت به مې غرمه د هجر وريت كا&lt;br/&gt;د آه چتر به تر كومه په سر نيسم&lt;br/&gt;(علي خان)</poem><meanings><meaning>آخر- انجام- آخري انجام.</meaning><meaning>آخرت- عقبٰٰى- قيامت.</meaning></meanings></int></entry><entry><word>عاقبت الامر</word><int><pron>(— (تُ+لْ) اَمْ+رْ)</pron><gram>[ع تر- تف]</gram><poem/><meanings><meaning>د يو كار آخر- د څۀ كار انجام- د څۀ كار نتيجه.</meaning></meanings></int></entry><entry><word>عاقبت اندېش</word><int><pron>( — اَ+نْ+دې+شْ)</pron><gram>[عف تر- صف مذ-مؤ: اندېشه]</gram><poem/><meanings><meaning>د انجام فكر كوؤنكے- د راتلونكي وخت دپاره فكركوؤنكے.</meaning></meanings></int></entry><entry><word>عاقبت اندېشي</word><int><pron>(— اَ+نْ+دې+شِي)</pron><gram>[عف تر-اس-مؤ]</gram><poem/><meanings><meaning>د انجام فكر كؤنه- د راتلونكي وخت فكر او زېرمه كؤنه.</meaning></meanings></int></entry><entry><word>عاقبت بين</word><int><pron>(— بِي+نْ)</pron><gram>[عف تر-صف]</gram><poem/><meanings><meaning>انجام ته كتونكے- دور اندېش.</meaning></meanings></int></entry><entry><word>عاقبت بيني</word><int><pron>(— بِي+نِي)</pron><gram>[عف تر- اس-مؤ]</gram><poem/><meanings><meaning>عاقبت يعنې انجام ته كتنه- دور اندېشي- د لرې سوچ.</meaning></meanings></int></entry><entry><word>عاقبت خرابول</word><int><pron/><gram/><poem/><meanings><meaning>آخرت خرابول- ګناه يا بد عمل كول، چې په قيامت كښې د سزا مستحق وګرځي.</meaning><meaning>انجام خرابول.</meaning></meanings></int></entry><entry><word>عاقبت خرابېدل</word><int><pron/><gram/><poem/><meanings><meaning>آخرت خرابېدل- د ګناه يا د جرم په وجه د قيامت په ورځ د عذاب مستحق ګرځېدل.</meaning><meaning>انجام خرابېدل.</meaning></meanings></int></entry><entry><word>عاقبت د پخېر شه</word><int><pron/><gram/><poem/><meanings><meaning>(جمله) د عائيه جمله ده- چې انجام د كار د ښه شه. آخره خاتمه دې په خېر شه.</meaning></meanings></int></entry><entry><word>عاقد</word><int><pron>(عا+قِ+دْ)</pron><gram>[ع-اس-فا-ج: عاقدان]</gram><poem/><meanings><meaning>عقدكوؤنكے- تړون لرونكے.</meaning><meaning>نكاح تړُونكے.</meaning></meanings></int></entry><entry><word>عاقر</word><int><pron>(عا+قِ+رْ)</pron><gram>[ع-صف مذ-مؤ: عاقره]</gram><poem/><meanings><meaning>هغه سړے يا ښځه چې بال بچ يې نۀ كېږي. شند يا شنډه (دا لفظ اصلاً د مذكر مؤنث دواړو دپاره راځي، يعنې د تانيث دپاره ورسره (ه) نه شي لګولې خو په پښتو كښې د تانيث دپاره ورسره ((ه)) لګولے شي.</meaning></meanings></int></entry><entry><word>عاق نامه</word><int><pron>(عا+قْ+نا+مَ)</pron><gram>[عف تر-اس-مؤ-ج: عاق نامې]</gram><poem/><meanings><meaning>هغه كاغذ چې پكښې د مور او پلار د طرفه نافرمانه زوئ- د جايداد نه محروم كړے شوے وي.</meaning></meanings></int></entry><entry><word>عاق كول</word><int><pron/><gram/><poem/><meanings><meaning>(نافرمانه زوي- د خپل پدرانه حقونونه محرومه كول- د پلار زوي تعلق قطع كول- د وارثت نه محرومه كول- لعنتي كول- مردود كول.</meaning></meanings></int></entry><entry><word>عاق كېدل</word><int><pron/><gram/><poem/><meanings><meaning>د پلار او مور د طرفه، د نافرمانۍ په وجه د حقوقونه، خصوصاً د وراثت دحق نه محرومه كېدل- لعنتي كېدل- مردود كېدل.</meaning></meanings></int></entry><entry><word>عاقي</word><int><pron>(عا+قِي)</pron><gram>[عف تر-صف]</gram><poem>د بابا رضا ځه جنت به مومې&lt;br/&gt;روايت مې درته وګړ عاقي تا زده&lt;br/&gt;(خوشحال)</poem><meanings><meaning>عاق شوے- نافرمانه زوئے چې پلار د خپل زوئ توب نه ايستے وي.</meaning></meanings></int></entry><entry><word>عاقلانه</word><int><pron>(عا+قِ+لا+نَ)</pron><gram>[عف تر-صف]</gram><poem/><meanings><meaning>د عقل سره متعلق- عقل سره سمون خوړونكے- عقل مطابق- د هوښيار تيا لكه هغۀ يوه عاق لانه خبره اوكړه.</meaning></meanings></int></entry><entry><word>عاقلانه كار</word><int><pron>(— كا+رْ)</pron><gram>[فپ تر-اس-مذ-ج:كارونه]</gram><poem/><meanings><meaning>هغه كار چې د عقل سره سم وي- د هوښيارۍ او د پوهې كار.</meaning></meanings></int></entry><entry><word>عاقل</word><int><pron>(عا+قِ+لْ)</pron><gram>[ع-اس-صف مذ-ج: عاقلان- مؤ: عاقله]</gram><poem/><meanings><meaning>عقل لرونكے- د عقل خاوند- عقلمند- هوښيار- پوهه- داشمند- خردمند.</meaning></meanings></int></entry><entry><word>عاقرقرحه</word><int><pron>(عا+قِ+رْ+قَ+رْ+حَ)</pron><gram>[ع-مو]</gram><poem></poem><meanings><meaning>اكركره يا كركره- د يو وړوكي شان بوټي لرګے دے چې څه قدرې ستغ او تريخ خوند لري. عموماً د غاښونو د دړد يا صفايۍ دپاره يا د قوت باه دپاره پكارولے شي. دا څه قدرې د اور اثر هم وركه وي. ځكه ځنې بازيګران ئې په خوله كښې ښه وژوي بيا سور انګار په خوله كښې ونيسي.</meaning></meanings></int></entry></words>
