<?xml version="1.0" encoding="UTF-8"?>
<words>
  <entry>
    <word>عنقا</word>
    <int>
      <pron>(عَ+نْ+قا)</pron>
      <gram>[ع-اس-مذ]</gram>
      <poem/>
      <meanings>
        <meaning>د يو فرضي مارغۀ نوم دے- چې نوم يې شته وجود يې نشته. (وايي چې د دې نوم اصل (عنق) دے. يعنې دا يو لوې مرغۍ واله مرغۀ وو- چې اوس ورك دے- د دې مارغۀ په حقله عجيبه عجيبه قيصې مشهورې دي. خو ټولې بې اصله او بې بنياده افسانې دي). مجازاً: هرهغه څيز ته وايي- كوم چې بېخي نايابه وي- اونه موندے كېږي- يا داسې ورك شي چې لاس ته نۀ راځي- لكه: د مرغۍ پۍ.</meaning>
      </meanings>
    </int>
  </entry>
<entry><word>عنقا كېدل</word><int><pron></pron><gram></gram><poem>چې عنقا شو اهل دل په دا دنيا كښې&lt;br/&gt;تروبۀ څه وايي و چاوته احوال څوك&lt;br/&gt;(رحمان بابا)</poem><meanings><meaning>وركېدل- غېبېدل- بېخي نايابه كېدل- نۀ موندلے كېدل</meaning></meanings></int></entry></words>
