<?xml version="1.0" encoding="UTF-8"?>
<words>
  <entry>
    <word>عېش</word>
    <int>
      <pron>(عَې+شْ)</pron>
      <gram>[ع-اس-مذ-ج:ونه]</gram>
      <poem>پتنګانو لره وركړ خدائے په اور كښې&lt;br/&gt;هغه عېش چې بلبل يې په ګلزرر كا&lt;br/&gt;(رحمان بابا)</poem>
      <meanings>
        <meaning>ژوند په خوشحالۍ سره تېرونه. د ژوند آرام- خوشحالي- لطف- خوند.</meaning>
        <meaning>د مستۍ ژوند- نفس پرستي- رنډي بازي- ډم بازي- دولت په خرابو كارونو الوځول.</meaning>
      </meanings>
    </int>
  </entry>
<entry><word>عېش كول</word><int><pron/><gram/><poem/><meanings><meaning>د خوشحالۍ او آرام ژوند تېرول.</meaning><meaning>تماش بيني كول- رنډي بازي. ډم بازي كول- شهوت پرستي كول- په خرابو كارونو دولت الوځول.</meaning></meanings></int></entry><entry><word>عېش و عشرت</word><int><pron>(—+(شو)عِ+شْ+رَ+تْ)</pron><gram/><poem/><meanings><meaning>د ارام او د خوشحالۍ ژوند آسوده او مسرت ژوندن.</meaning></meanings></int></entry><entry><word>عېش و عشرت كول</word><int><pron/><gram/><poem/><meanings><meaning>خپل ژوند په عېش او په عشرت تېرول- خوشحاله او د مزو چرچو عمر تېرول.</meaning></meanings></int></entry><entry><word>عېشونه كول</word><int><pron/><gram/><poem/><meanings><meaning>مزې كول- خوشحاله ژوند تېرول- خوشحالي او شهوت پرستي كول.</meaning></meanings></int></entry><entry><word>عېشي</word><int><pron>(عَې+شِي)</pron><gram>[عپ تر-صف]</gram><poem></poem><meanings><meaning>عېش كونكے- په آرام او خوشحالۍ ژوند تېرونكے.</meaning><meaning>تماش بين- رنډي باز- شهوت پرست- په خرابو كارونو دولت الوځونكے.</meaning></meanings></int></entry></words>
