<?xml version="1.0" encoding="UTF-8"?>
<words>
  <entry>
    <word>عذاب</word>
    <int>
      <pron>(عَ+ذا+بْ)</pron>
      <gram>[ع-اس-مذ-ج:ونه]</gram>
      <poem/>
      <meanings>
        <meaning>د ثواب ضد- سزا (دګناه).</meaning>
        <meaning>تكليف- دُوك- دړد- ربړ- اذيت- مصيبت.</meaning>
        <meaning>شكنجه- په شكنجه كښې ګېرؤنه.</meaning>
      </meanings>
    </int>
  </entry>
<entry><word>عذاب ثواب</word><int><pron/><gram/><poem/><meanings><meaning>(سزا او انعام- بدي او نيكي- ښۀ اوبد- لكه ددې عذاب ثواب ستا په غاړه. پښتو كښې عموماً ((آزار ګنا)) وايي.</meaning></meanings></int></entry><entry><word>عذاب نازكېدل</word><int><pron/><gram/><poem/><meanings><meaning>د خدائے پاك د طرفه په يو قوم يا اولس وغېره څۀ اسماني آفت راتلل.</meaning></meanings></int></entry><entry><word>عذابول</word><int><pron>(ع+ذا+بَ+وُ+لْ)</pron><gram>[مص-مت]</gram><poem/><meanings><meaning>په تكيف كښې اچول- دكهـ وركول- كړان يا مصيبت ورپېښول. (عموماً د ((په)) توري سره راځي).</meaning></meanings></int></entry><entry><word>عذابېدل</word><int><pron>(عَ+ذا+بې+د+لْ)</pron><gram>[مص-لا]</gram><poem/><meanings><meaning>په تكليف كښې راتلل- تكليف يا دُكهـ پورته كول- خواري پېښېدل. (عموماً ((په)) حرف سره راځي).</meaning></meanings></int></entry><entry><word>عذار</word><int><pron>(عِ+ذا+رْ)</pron><gram>[ع-اس-مذ-ج:ونه]</gram><poem></poem><meanings><meaning>اننګے- (اصلاً د عين زېر سره دے خو ځنې خلق يې زور سره وايي، چې درست نۀ دے).</meaning></meanings></int></entry></words>
