<?xml version="1.0" encoding="UTF-8"?>
<words>
  <entry>
    <word>علم</word>
    <int>
      <pron>(عَ+لَ+مْ)</pron>
      <gram>[ع-اس-مذ-ج:ونه]</gram>
      <poem/>
      <meanings>
        <meaning>جنډه- بېرغ- نښان.</meaning>
      </meanings>
    </int>
  <int><pron>(عِ+لْ+م)</pron><gram>[ع-اس-مذ-ج:ونه]</gram><poem/><meanings><meaning>آګاهي- پوهه- دانش- قوت- مدركه- واقفيت- خپر. (په سنسكرت كښې څوارلس علمونه او درې ګڼ ښاخونه دي. په عربۍ كښې نوولس علمونه او درې ښاخونه دي، چې پكښې حرف- نحو- لغت- معاني- بيان- عروض- قافيه- انشاء- رسم الخط- مناظره- قرات- حديث- تفسير- فقه- اصول- كلام- منطق و حكمت وغېره او بيا هئيت هندسه- رياضي- طب- كېميا- نجوم- موسيقي- جبر و مقابله- مساحت- تاريخ وغېره شامل دي.</meaning></meanings></int></entry>
<entry><word>علم اېستل</word><int><pron/><gram/><poem/><meanings><meaning>د كربلا د شهيدانو په ياد كښې جنډې پورته كول- او (په جلوس كښې) وړل.</meaning></meanings></int></entry><entry><word>علم بردار</word><int><pron>(—+بَ+رْ+دا+رْ)</pron><gram>[عف تر-اس-صف-ج:ان- (مو):ه]</gram><poem/><meanings><meaning>په لښكر كښې د جنډې وړونكے- د بېرغ وړونكے.</meaning><meaning>دحضرت علىؓ د زوئے حضرت عبارس لقب- چاته چې د كربلا په سانحه كښې د امام حسينؓ د طرفه جنډه وركړې شوې وه.</meaning></meanings></int></entry><entry><word>علم اليقين</word><int><pron>(عِ+مْ+مُ+لْ+ىَ+قِي+نْ)</pron><gram>[عف تر-اس-مذ]</gram><poem/><meanings><meaning>د يقين په دريو درجو كښې اولنۍ درجه ده. يعنې د څه خبرې يا څيز په ماهيت يا د كېفيت په حقله محض علم لرل. لكه په زهرو وژلو واله شے. بله درجه عين اليقين ده. يعنې چې په سترګو څه څيز وويني. لكه وګورئ چې يو سړي زهر وخواړۀ نو هغه مړ شۀ. او درېمه او اعلى درجه د ((حق اليقين)) ده. دا ليدل نۀ دي بلكې په ځان تجربه كول دي- لكه په خپلو غوږونو كښې سكه واچوي او كوټ شي.</meaning></meanings></int></entry><entry><word>علما</word><int><pron>(عُ+لَ+ما)</pron><gram/><poem/><meanings><meaning>(و______________ علم)</meaning></meanings></int></entry><entry><word>علمي</word><int><pron>(عِ+لْ+مِي)</pron><gram>[عپ-تر-صف]</gram><poem/><meanings><meaning>د علم (سائينس) مطابق سائنټمنك.</meaning><meaning>علم سره تعلق لرونكے- علم ته منسوب.</meaning><meaning>د لوستنې علم سره تعلق لرونكے- (د علمي ضد)</meaning></meanings></int></entry><entry><word>علمي درجه</word><int><pron>(—+دَ+رَ+جَ)</pron><gram/><poem/><meanings><meaning>علمي حېثيت- يعنې چې د څومره علم خاوند دے.</meaning></meanings></int></entry><entry><word>علميت</word><int><pron>(عِ+لْ+مِي+ىَ+ت)</pron><gram>[اس-مذ]</gram><poem>علميت د بې عمله عالمانو&lt;br/&gt;لكه ګنج د كتابونو په خربار شۀ&lt;br/&gt;(رحمان بابا)</poem><meanings><meaning>علم ((بودل)).علم لرنه. لوئے علم لرنه.</meaning></meanings></int></entry><entry><word>علميت ښكاره كول</word><int><pron/><gram/><poem/><meanings><meaning>څرګندول</meaning></meanings></int></entry><entry><word>علميت ښودل</word><int><pron></pron><gram></gram><poem></poem><meanings><meaning>د خپل لوئے علم څرګندونه كول- وظيفه- راشن.</meaning><meaning>واښۀ.</meaning></meanings></int></entry></words>
