<?xml version="1.0" encoding="UTF-8"?>
<words>
  <entry>
    <word>علت</word>
    <int>
      <pron>(عِ+لْ+لَ+تْ)</pron>
      <gram>[ع-اس-مذ-ج:ونه]</gram>
      <poem/>
      <meanings>
        <meaning>ناجوړتيا- ناروغي- بيماري- رنځ.</meaning>
        <meaning>سبب- وجه- باعث. () سبب- وجه- باعث.</meaning>
        <meaning>خرابے- نقص لكه: ګران بې قيمته نه وي او ارزان بې علته نه وي. (متل).ورانے- شېطاني- شرارت. (علتونه څلور دي- علت مادي، علت صوري- علت فاعلي او علت غائيبي.</meaning>
      </meanings>
    </int>
  </entry>
<entry><word>علت او معلول</word><int><pron>(—+او+مَ+عْ+لُو+لْ)</pron><gram>[عف تر-اس]</gram><poem/><meanings><meaning>سبب او مسبب وجه او د وجهې نتيجه.</meaning></meanings></int></entry><entry><word>علت تامه</word><int><pron>(—+تا+مَ)</pron><gram>[عف تر-اس-مذ]</gram><poem/><meanings><meaning>مكمل علت- پوره سبب.</meaning></meanings></int></entry><entry><word>علت تلل</word><int><pron/><gram>(مص تر)</gram><poem>علت لاړ شي عادت نه ځي له سړي نه&lt;br/&gt;خدائے دې نۀ كادي په بده چار عادت څوك&lt;br/&gt;(رحمان بابا)</poem><meanings><meaning/><meaning>بيماري تلل- د ناجوړتيا نه رغېدل.</meaning><meaning>نقص لرې كېدل- عېب نۀ پاتې كېدل.</meaning></meanings></int></entry><entry><word>علت كښېښودل</word><int><pron/><gram>(مص تر)</gram><poem>د عائب مسلمان عېب وئيل غېبت دے&lt;br/&gt;افتراء ده چې علت په بې علت ږدي&lt;br/&gt;(حافظ)</poem><meanings><meaning>عېب كښېودل- عېب لګول- بدنامول.</meaning></meanings></int></entry><entry><word>علت كول</word><int><pron/><gram/><poem/><meanings><meaning>ورانے كول- شېطانے كول- شرارت كول.</meaning><meaning>په روان كار كښې اړيكه اچول- په روان كار كښې خنډ اچول.</meaning></meanings></int></entry><entry><word>علتي</word><int><pron>(عِي+لْ+لَ+تِي)</pron><gram>[عپ تر-صف]</gram><poem></poem><meanings><meaning>علت واله- نقص واله- عېب واله- عېب جن.</meaning><meaning>سبب واله- باعث ګرزېدونكي.</meaning><meaning>ورانے كوونكے- شرارتي- شېطانے كوونكے.</meaning></meanings></int></entry></words>
