<?xml version="1.0" encoding="UTF-8"?>
<words>
  <entry>
    <word>عنب</word>
    <int>
      <pron>(عِ+نَ+بْ)</pron>
      <gram>[ع-اس-جم]</gram>
      <poem/>
      <meanings>
        <meaning>انګور- كور (مشهوره مېوه).</meaning>
      </meanings>
    </int>
  </entry>
<entry><word>عنب الثعلب</word><int><pron>(—+بُ+ث)+ثَ+عْ+لَ+بْ)</pron><gram/><poem/><meanings><meaning>وايي چې د ((وهېل)) كب د دانې نه وزي چې دغه دانه ښه شي- نو پړچ ترې جدا شي- او په سمندر كښې پهېږي او چې خلق يې وويني نو راوايې خلي).</meaning></meanings></int></entry><entry><word>عنب اشهب</word><int><pron>(—+اَ+شْ+هـَ+بْ)</pron><gram>[عف تر-اس-جم]</gram><poem/><meanings><meaning>اعلٰى قسم عنبر- چې رنګ يې تور وي خو ډېر سوچه نۀ وي. (څۀ قدرې پيكه وي) داروګانو كښې استعمالېږي.</meaning></meanings></int></entry><entry><word>عنب سارا</word><int><pron>(—+سا+را)</pron><gram>[عف تر-اس-جم]</gram><poem>هار د جواهرو دوه لړۍ دمرغلرو&lt;br/&gt;تور وربل ؤ ولې زلفې يې عنبر سارا&lt;br/&gt;(خوشحال)</poem><meanings><meaning>خالص عنبر- صفا شوے عنبر.</meaning></meanings></int></entry><entry><word>عنبرين</word><int><pron>(عَ+نْ+بَ+رِي+نْ)</pron><gram>[عف تر-صف –مذ-مو:ه]</gram><poem></poem><meanings><meaning>د عنبرو په شان خوشبويه- ډېر خوشبوداره.</meaning><meaning>په عنبرو سره خوشبويه كړي- په عنبرو معطر.</meaning><meaning>د عنبرو په شان رنګ لرونكے – تور- توربخن.</meaning></meanings></int></entry></words>
