<?xml version="1.0" encoding="UTF-8"?>
<words>
  <entry>
    <word>عجم</word>
    <int>
      <pron>(عَ+جْ+م)</pron>
      <gram>[ع-حمص]</gram>
      <poem/>
      <meanings>
        <meaning>په توري يا حرف باندې نقطې لګول. دا لفظ په پښتو كښې د ځنو توريو د وضاحت دپاره د ((معجمه)) په شكل كښې استعمالېږي- يعنې نقطو واله- هغه تورے چې نقطې لري.</meaning>
      </meanings>
    </int>
  <int><pron>(عَ+جَ+مْ)</pron><gram>[ع-اس]</gram><poem/><meanings><meaning>هر هغه ملك چې د عربو د ملك نه علاوه وي- خاص طور سره ايران او توران. 123 ايرانے. (د فارس خلق به پخوا د عربو په ژبه نۀ پوهېدل. ځكه نو په خبره چې به پوهه نۀ شول نو چپ به پاتې شول. له دې كبله عربو د غو خلقو ته عجم (يعنې ګونګيان) ويل شروع كړل. بله توجيهه يې دا هم كولے شي چې د اسلام نه اګاهو د عربو شاعري دومره اوچتې درجې ته رسېدلې وه، چې د خواوشا (خصوصاً فارس يا ايران په ملك) كښې نۀ وه. نو ځكه دوئ به غېر عربو خلقو ته عجم يعنې ګونګيان وئيل. (اولنۍ توجيهه زياته صحيح ده).</meaning></meanings></int></entry>
<entry><word>عجمي</word><int><pron>(عَ+جَ+مِي)</pron><gram>[اس-صف]</gram><poem/><meanings><meaning>د عجم اوسېدونكے- عجم سره تعلق لرونكے- ايرانے- ايرانۍ.</meaning><meaning>ګونګے- په عربۍ نۀ پوهېدونكے.</meaning></meanings></int></entry><entry><word>عجميت</word><int><pron>(عَ+جَ+مِي+ىَ+تْ)</pron><gram>[ع-اس-مذ]</gram><poem></poem><meanings><meaning>غېر عربيت.</meaning></meanings></int></entry></words>
