<?xml version="1.0" encoding="UTF-8"?>
<words>
  <entry>
    <word>عبير</word>
    <int>
      <pron>(عَ+بِي+رْ)</pron>
      <gram>[ع+اس+مذ]</gram>
      <poem></poem>
      <meanings>
        <meaning>يو قسم خوشبو ده- چې د مختلفو خوشبويه څيزونو په ګډون جوړؤلے شي- لكه مشك- ګلاب- صندل وغېره. (دا د اوړو يعنې د پوډرو په شكل كښې وي).</meaning>
      </meanings>
    </int>
  </entry>
</words>
