<?xml version="1.0" encoding="UTF-8"?>
<words>
  <entry>
    <word>عنعنات</word>
    <int>
      <pron>(عَ+نْ+عَ+نا+تْ)</pron>
      <gram>[ع-اس-جم]</gram>
      <poem/>
      <meanings>
        <meaning>د ((عنعنه)) جمع ده.</meaning>
      </meanings>
    </int>
  </entry>
<entry><word>عنعنه</word><int><pron>(عَ+نْ+عَ+نَ)</pron><gram>[ع-اس-مو-ج:نې]</gram><poem></poem><meanings><meaning>روايت- نقل په ترتيب سره د څو تنو له قوله د حديث يا روايت نقل.</meaning><meaning>دور- رسم- رواج- عرف- لاره- تړه.</meaning><meaning>په نظم او ترتيب سره د نيكه ګانو د وياړونو ترڅه.</meaning></meanings></int></entry></words>
