<?xml version="1.0" encoding="UTF-8"?>
<words>
  <entry>
    <word>عصمت</word>
    <int>
      <pron>(عِ+صْ+مَ+تْ)</pron>
      <gram>[ع-اس-مذ-ج: ونه]</gram>
      <poem/>
      <meanings>
        <meaning>خپل ځان د ګناه نه ږغورنه- پاك لمني- پاكبازي- پرهېزګاري- پارسايي.</meaning>
      </meanings>
    </int>
  </entry>
<entry><word>عصمت پناه</word><int><pron>(—+پَ+نا+(ه))</pron><gram>[عف تر-صف]</gram><poem></poem><meanings><meaning>يو لقب دے- چې درنو او پاك لمنو زنانه ؤ دپاره د عزت په طور استعمالېږي- د عصمت مېرمن- پاك لمنه مېرمن.</meaning></meanings></int></entry></words>
