<?xml version="1.0" encoding="UTF-8"?>
<words>
  <entry>
    <word>عقب</word>
    <int>
      <pron>(عَ+قَ+بْ)</pron>
      <gram>[ع-اس]</gram>
      <poem/>
      <meanings>
        <meaning>وروستينۍ حصه- وروستو.</meaning>
        <meaning>پونده.</meaning>
      </meanings>
    </int>
  </entry>
<entry><word>عقب نشيني</word><int><pron>(—+نَ+شِي+نِي)</pron><gram>[عف تر-اس-مو]</gram><poem/><meanings><meaning>وروستو كښېناستنه- واپسي- پسپايي.</meaning></meanings></int></entry><entry><word>عقبي</word><int><pron>(عَ+قَ+بِي)</pron><gram>[عف-تر-صف]</gram><poem/><meanings><meaning>شاتنے- وروستنے- د شاد طرف.</meaning></meanings></int></entry><entry><word>عقبا</word><int><pron>(عُ+قْ+با)</pron><gram>[ع-اس-مذ]</gram><poem/><meanings><meaning>و__________ عقبٰى.</meaning></meanings></int></entry><entry><word>عقبايي</word><int><pron>(عُ+قْ+با+يي)</pron><gram>[عف تر-صف]</gram><poem/><meanings><meaning>د عقبٰى سره متعلق- د آخرت (د دنيايي يا دنيوي پ مقابله كښې).</meaning></meanings></int></entry><entry><word>عقبى</word><int><pron>(عُ+قْ+با)</pron><gram>[ع-اس-مو]</gram><poem>چې په زيان د عقبٰى سود ددنيا اخلي&lt;br/&gt;له هغو سړيو ډېر ښۀ دي سګان&lt;br/&gt;(سعيد)</poem><meanings><meaning>آخرت- بل جهان- وروستو راتلونكے ژوند (د دنيا په مقابله كښې)</meaning></meanings></int></entry><entry><word>عقبى خرابول</word><int><pron></pron><gram></gram><poem></poem><meanings><meaning>آخرت خرابول- دبل جهان ژوند خرابول- مجازاً بدكارونه كول- ګناهونه كول.</meaning></meanings></int></entry></words>
