<?xml version="1.0" encoding="UTF-8"?>
<words>
  <entry>
    <word>عيسايي</word>
    <int>
      <pron>(عِي+سا+يِي)</pron>
      <gram>[عبر-ف تر-اس-مذ-ج:ان]</gram>
      <poem/>
      <meanings>
        <meaning>هغه كس چې د حضرت عيسٰى عليه السلام منونكي وي- نصراني- مسيحي- كرسچين.</meaning>
      </meanings>
    </int>
  </entry>
<entry><word>عيسائيت</word><int><pron>(عِي+سا+ئِ+ىَ+تْ)</pron><gram>[عف تر-اس-مذ]</gram><poem/><meanings><meaning>عيسايي ((بودنه)) عيسايي توب.</meaning></meanings></int></entry><entry><word>عيسايڼه</word><int><pron>(عِي+سا+ي+نْ+ړَ+)</pron><gram/><poem/><meanings><meaning>دعيسايي تانيث دے. د حضرت عيسٰى عليه السلام منومنكې ښځه.</meaning></meanings></int></entry><entry><word>عيسوي</word><int><pron>(عِي+سَ+وِي)</pron><gram>[عبرف-تر-صف]</gram><poem/><meanings><meaning>حضرت عيسٰىؑ سره متعلق يا حضرت عيسىؑ ته منسوب. خصوصاً هغه تقويم (كېلنډر) كوم چې عيسايانو د حضرت عيسىؑ د پېداوښت د ورځې نه شروع كېږي. نن صبا هم دغه كېلنډر عام استعماليږي. (خو په دې حساب كښې د دې تقويم ټاكوونكي تېروتي دي او د دريو كالو فرق لري).</meaning></meanings></int></entry><entry><word>عيسوئيت</word><int><pron>(عِي+سَ+وِي+ىَ+تْ)</pron><gram/><poem/><meanings><meaning>[و_____________ عيسائيت]</meaning></meanings></int></entry><entry><word>عيسْى</word><int><pron>(عِي+سا)</pron><gram>[عبر-اس-مع-مذ]</gram><poem>له زمينه قدم كښېږده&lt;br/&gt;په آسمان لكه عيسٰى!&lt;br/&gt;(رحمان بابا)</poem><meanings><meaning>حضرت عيسٰٰى عليه السلام د اصل نوم عربي شكل دے- اصل لفظ ((جي سس)) دے- جيم په ي بدلېږي- دې نه ((يي سس)) او بيا عيسٰى ترې جوړ شه. د بني اسرائيلو (يهوديانو) آخري پېغمبر ؤ- چې خاص د هغوي دپاره راغلے ؤ. خو يهوديانو د هغۀ د پېغمبرۍ او د هغه د كتاب نه انكار وكړ. او د هغه سخت دشمنان وګرځېدل- تر دا ې په خپلو كوششونو يې د روميانو (رومن) حاكمانو په ذريعه يې (په خپل خيال) هغه صليب ته وخيژاوه- او ويې واژه.كومو خلوق چې په هغۀ ايمان راوړ- او عيسايان يا مسيحيان بللے شي هغوي ترينه د خدائے پاك زوئے جوړ كړ- او دا عقيده لري چې په صليب باندې د ځان په وژلو، د ټولو عيسايانو د ګناهونو كفاره يې ادا كړه.مسلمانان حضرت عيسى عليه السلام يو انسان او د خدائے پاك يو لوے پېغمبر مني- او د هغۀ په كتاب (اصل انجيل) هم ايمان لري. حضرت عيسٰى عليه السلام ډېر ناروغه او بيماران رغ كړي وو. او وايي چې ځنې سړي يې هم ژوندي كړي وو. ځكه د مسلمانانو په شاعرۍ كښې د هغه د دې معجزو ذكر ډېر راځي او د خپلې معشوقې دپاره يې استعمالوي.</meaning></meanings></int></entry></words>
