<?xml version="1.0" encoding="UTF-8"?>
<words>
  <entry>
    <word>عشا</word>
    <int>
      <pron>(عَ+شا)</pron>
      <gram>[ع-اس-مذ]</gram>
      <poem/>
      <meanings>
        <meaning>د شپې يا د ماسختن د وخت ډوډۍ (په عربۍ كښې د دې لفظ آخر ته همزه ليكلے شي)</meaning>
        <meaning>شمكوري- د شپې نظر نۀ لګېدنه. (د دې آخر ته همزه نۀ راځي).</meaning>
      </meanings>
    </int>
  <int><pron/><gram/><poem/><meanings><meaning>د ماسختن نمونځ- د ماسختن د نمانځه وخت.</meaning></meanings></int></entry>
<entry><word>عشاريه</word><int><pron>(عَ+شا+رِي+ىَ)</pron><gram>[ع-اس-مو]</gram><poem/><meanings><meaning>د يو عدد نه ښكته شمېر دپاره د يو عدد چې كومې حصې چې د لسو او سلو وغېره برخو كښې تقسيم كړلے شي. د هغو د ښكاره كولو دپاره د صحيح عدد نه وروستو دا ((عشاريه)) لفظ راوړے شي. دا لفظ په هندسو كښې د ((ء)) په شكل كښې ليكلے شي- لكه اتۀ اعشاريه پنځه=5ء8 .</meaning></meanings></int></entry><entry><word>عشاق</word><int><pron>(عُ+شْ+شا+قْ)</pron><gram>[ع-اس-ج]</gram><poem>جام د مېو دے يا رقص دخوبانو&lt;br/&gt;په هرځائے چې وبله جمع شي عشاق</poem><meanings><meaning>د ((عاشق)) جمع ده. عاشقان</meaning><meaning>ديو راګ نوم- چې د نيمې شپې نه پس وئيلے يا غږولے شي.</meaning></meanings></int></entry><entry><word>عشائيه</word><int><pron>(عَ+شا+ئِي+ىَ)</pron><gram>[عف تر-اس-مو-ج:يې]</gram><poem></poem><meanings><meaning>د ماسختن يا د شپې ډوډۍ- د شپې د ډوډۍ دعوت.[انګ:ډنر]</meaning></meanings></int></entry></words>
