<?xml version="1.0" encoding="UTF-8"?>
<words>
  <entry>
    <word>عندليب</word>
    <int>
      <pron>(عَ+نْ+دَ+لِي+بْ)</pron>
      <gram>[ف-اس-مذ-ج:عنادل]</gram>
      <poem>بر امد ورباندې صوت د غراب شۀ&lt;br/&gt;خوشامد ورته آواز د عندليب&lt;br/&gt;(خوشحال)</poem>
      <meanings>
        <meaning>بلبل- بلبله.</meaning>
      </meanings>
    </int>
  </entry>
<entry><word>عنديه</word><int><pron>(عِ+نْ+دِى+ىَ)</pron><gram>[ع-اس-مو-ج:يې]</gram><poem/><meanings><meaning>څۀ په زړه كښې وي- منشا- اراده- نيت- منصوبه- نظريه. (اصلاً د ((عندي)) (زما په نزد) نه اخستے شوے دے).</meaning></meanings></int></entry><entry><word>عنديه څرګندونه</word><int><pron/><gram/><poem/><meanings><meaning>د خپل زړۀ اراده نيت يا رايې ښكاره كول.</meaning></meanings></int></entry><entry><word>عنديه معلومول</word><int><pron/><gram/><poem/><meanings><meaning>رايې معلومول- منشا معلومول- دچا د زړۀ خبره يا اراده معلومول- نظريه معلومول.</meaning></meanings></int></entry><entry><word>عنديه معلومېدل</word><int><pron></pron><gram></gram><poem></poem><meanings><meaning>د چا د زړۀ اراده- نيت يا رايې ښكاره كېدل.</meaning></meanings></int></entry></words>
