<?xml version="1.0" encoding="UTF-8"?>
<words>
  <entry>
    <word>عرب</word>
    <int>
      <pron>(عَ+رَ+بْ)</pron>
      <gram>[اس مع]</gram>
      <poem/>
      <meanings>
        <meaning>د هغې مشهور ملك نوم دے چې مكه او مدينه وغېره ښهرونه پكښې اباد دي. حضور كريم صلى الله عليه وسلم په مكه كښې پېدا شوے ؤ. او د اسلام كاميابي يې د مدينې د ښهر نه شروع شوې وه. دا ټو ملك مقدس ګڼلے شي. لغوي معنٰى ددې لفظ بيابان او د صحرا ده. په دغه ملك كښې سيند نشته او اكثره برخه يې صحرا (شګلوړې ميدانونه) دي، ځكه يې دغه نوم شۀ. ((عرب)) معنٰى د ښهر اوسېدونكے. (ښهرے) هم ده. ځنې وايي چې دا نوم د يمن د يو پخواني بادشاه يعرب بن قحطان په نوم اېښودے شوے دے. چا چې دا ملك آباد كړے ؤ.</meaning>
        <meaning>ددې ملك (عرب) اوسېدونكے وګړے. دا لفظ د ((اعرابي)) ضد دے.</meaning>
      </meanings>
    </int>
  </entry>
<entry><word>عرب ليګ</word><int><pron>(—+لِي+ګْ)</pron><gram>[اس مع]</gram><poem/><meanings><meaning>يو جماعت چې پكښې د عربو تقريباً ټول ملكونه او مملكتونه شامل دي- او ددې ملكونو د خېر ښېګړې كارونه كوي.</meaning></meanings></int></entry><entry><word>عرباه سعودي</word><int><pron>(عَ+رْ+با+(هْ)—)</pron><gram>[ع-تر-اس-جم]</gram><poem/><meanings><meaning>خالص عرب- د صحيح نسل عرب.</meaning></meanings></int></entry><entry><word>عربان</word><int><pron>(عَ+رْ+با+نې)</pron><gram>[عف-تر-اس-ج]</gram><poem/><meanings><meaning>د عرب جمع ده. د عرب خلق- عرب وګړي- دعربو بدوان.</meaning></meanings></int></entry><entry><word>عرب خېل</word><int><pron>(عَ+رَ+بْ+خېل)</pron><gram>[اس-مع]</gram><poem/><meanings><meaning>د غېبي خېلو وړه څانګه ده. (اوغېبي خېل د بهرام كاخېل(برراڼي زي)(اكوزي) يوسف زي دي.</meaning></meanings></int></entry><entry><word>عربده</word><int><pron>(عَ+رْ+بَ+دَ)</pron><gram>[ع-اس-مو-ج:دې]</gram><poem/><meanings><meaning>جنګ- جګړه.</meaning><meaning>فساد- فتنه.</meaning></meanings></int></entry><entry><word>عربده كول</word><int><pron/><gram/><poem>څوك خمونه تشه وي مستي يې نۀ وي&lt;br/&gt;څوك د ميكو عرپده كا په څو ګوټه&lt;br/&gt;(خوشحال)</poem><meanings><meaning>جنګ جګړه كول.</meaning><meaning>بدخوي بدنيتي كول.</meaning><meaning>بدمستي – شور شغب كول.</meaning></meanings></int></entry><entry><word>عرب زئ</word><int><pron>(عَ+رَ+بْ+زَ+ئ)</pron><gram>[اس-مع]</gram><poem/><meanings><meaning>د محمد زئيو څانګه ده.(محمد زي- احمدزي- بېل خېل- موسٰى زي پني دي.</meaning></meanings></int></entry><entry><word>عرب زي</word><int><pron>(عَ+رَ+بْ+زِ+ي)</pron><gram>[اس-مع]</gram><poem/><meanings><meaning>د سليمان خېلو څانګه ده. (سليمان خېل- دوت خېل- مندوخيل دي).</meaning></meanings></int></entry><entry><word>عربستان</word><int><pron>(عَ+رَ+بِ+سْ+تا+نْ)</pron><gram>[اس-مع]</gram><poem/><meanings><meaning>د عربو ملك. و___ عرب.</meaning></meanings></int></entry><entry><word>عربه</word><int><pron>(عَ+رَ+بَ)</pron><gram>[ع-اس-مو]</gram><poem/><meanings><meaning>د ((عرب)) تانيث دے. عرب ښځه د عرب اوسېدونكې يا د عربو د نسل ښځه.</meaning></meanings></int></entry><entry><word>عربۍ</word><int><pron>(عَ+رَ+بَ+ۍ)</pron><gram/><poem/><meanings><meaning>د ((عربې)) تانيث دے.</meaning></meanings></int></entry><entry><word>عربي</word><int><pron>(عَ+رَ+بِي)</pron><gram>[ع-صف-مو]</gram><poem/><meanings><meaning>د عرب ملك سره تعلق لرونكے عرب ته منسوب.</meaning><meaning>د عرب د خلقو ژبه</meaning><meaning>عربي- تازي اس- چې په دنيا كښې مشهور دے.</meaning></meanings></int></entry><entry><word>عربڤ</word><int><pron>(عَ+رَ+بَے)</pron><gram>[عپ تر-اس-مذ-مؤ: عربۍ]</gram><poem/><meanings><meaning>د عرب اوسېدونكے وګړے- اصلاً د عرب اوسېدونكے.</meaning></meanings></int></entry><entry><word>عربيات</word><int><pron>(عَ+رَ+بِي+آ+تْ)</pron><gram>[ع-اس-ج]</gram><poem/><meanings><meaning>د عربۍ ژبې ادب- يا ژبه پوهنه. د عربۍ علمونه.</meaning></meanings></int></entry><entry><word>عربي خېل</word><int><pron>(عَ+رَ+بِي+خېل)</pron><gram>[اس-مع]</gram><poem/><meanings><meaning>د سنزرخېلو څانګه ده- كاكړ دي.</meaning></meanings></int></entry><entry><word>عربيه</word><int><pron>(عَ+رَ+بي+ىَ)</pron><gram>[ع تر-صف]</gram><poem></poem><meanings><meaning>د عربو ملك سره تعلق لرونكے- د عرپو خلقو ته منسوب- د عربۍ ژبې ته منسوب.</meaning></meanings></int></entry></words>
