<?xml version="1.0" encoding="UTF-8"?>
<words>
  <entry>
    <word>عجالت</word>
    <int>
      <pron>(عِ+جا+لَ+تْ)</pron>
      <gram>[ع-اس-مذ]</gram>
      <poem/>
      <meanings>
        <meaning>جلدي- تادي- عجلت.</meaning>
      </meanings>
    </int>
  </entry>
<entry><word>عجالتاً-عجالةَ</word><int><pron>(عِ+جا+لَ+تَ+نْ)</pron><gram>[ع-تف]</gram><poem/><meanings><meaning>په تادۍ سره- په عجلت سره- په تادۍ كښې.</meaning></meanings></int></entry><entry><word>عجائب</word><int><pron>(عَ+جا+ئے+بْ)</pron><gram>[ع-اس-مذ]</gram><poem>ناڅاپه دوه مشتاق چې سره وويني په سترګو&lt;br/&gt;تر دا به بله نۀ وي په جهان كښې عجائب&lt;br/&gt;(خوشحال)</poem><meanings><meaning>د ((عجب)) جمع ده. و_____ عجيب)-</meaning><meaning>كله كله د واحد صفت په طور هم استعماليږي- يعنې عجيبه يا عجيب.</meaning></meanings></int></entry><entry><word>عجائب خانه</word><int><pron>(—+خا+نَ)</pron><gram>[عف تر-اس-مو-ج:— نې]</gram><poem/><meanings><meaning>هغه عمارت چرته چې د يو ملك د پخوانۍ زمانې عجيبه عجيبه او نادر څيزونه (لكه بوتان، لوښي- وسلې وغېره) د خلقو د كتنې دپاره ايښودے شوې وي. (انګ- ميوزيم).</meaning></meanings></int></entry><entry><word>عجائب ګر(ګهر)</word><int><pron>(—+ګَ+رْ)</pron><gram/><poem/><meanings><meaning>و__________ عجائب خانه.</meaning></meanings></int></entry><entry><word>عجائب او غرائب</word><int><pron>(—+(بو)غَ+را+ئے+بْ)</pron><gram>[عف تر-اس-ج]</gram><poem/><meanings><meaning>عجيبه عجيبه او نادر نادر يا نوي نوي څيزونه.</meaning></meanings></int></entry><entry><word>عجائبات</word><int><pron>(عَ+جا+ئے+با+تْ)</pron><gram>[عف تر- اس-ج]</gram><poem/><meanings><meaning>د عجائب جمع ده. يعنې د عجيب جمع الجمع ده. عجيبه عجيبه څيزونه- داسې څيزونه چې كتونكي ته ډېر عجيبه او حېرانه وونكي ښكاري.</meaning></meanings></int></entry><entry><word>عجائبه</word><int><pron>(عَ+جا+ئے+بَ)</pron><gram></gram><poem>ناڅابه دوه مشتاق چې سره وويني په سترګو&lt;br/&gt;تر دا به بله نۀ وي په جهان كښې عجائبه&lt;br/&gt;(خوشحال)</poem><meanings><meaning>[و______________ عجيبه]</meaning></meanings></int></entry></words>
