<?xml version="1.0" encoding="UTF-8"?>
<words>
  <entry>
    <word>عصب</word>
    <int>
      <pron>(عَ+صَ+بْ)</pron>
      <gram>[ع-اس-مذ-ج:ونه-ع (ج):اعصاب]</gram>
      <poem/>
      <meanings>
        <meaning>پله- سپينې- اړښه. (د بدن هغه سپينه شان مضبوطه پټه، په كومه چې د بدن اعضا تړلي دي. او د دې پټو په وجه حركت كوي).</meaning>
      </meanings>
    </int>
  </entry>
<entry><word>عصبي</word><int><pron>(عَ+صْ+بِي)</pron><gram>[صف]</gram><poem/><meanings><meaning>عصب سره تعلق لرونكے.</meaning></meanings></int></entry><entry><word>عصبي سسټم</word><int><pron>(—+سِ+سْ+ټ+مْ)</pron><gram>[ع –انګ-تر-اس-مذ-ج:ونه]</gram><poem/><meanings><meaning>عصبي نظام- د بدن دپلو (اعصابو) نظام.</meaning></meanings></int></entry><entry><word>عصبي مرضونه</word><int><pron>(—+مَ+رَ+ضُو+نَ)</pron><gram>[عپ تر-اس-ج]</gram><poem/><meanings><meaning>هغه مرضونه چې اعصابو (پلو) سره تعلق لري.</meaning></meanings></int></entry><entry><word>عصبي نظام</word><int><pron>(—+نِ+ظا+مْ)</pron><gram>[عف تر-اس-مذ-ج:ونه]</gram><poem/><meanings><meaning>د حيواناتو د بدن د پلو- (اړبو) نظام- يعنې چې د بدن پلې څنګه كار كوي- عصبي سسټم.</meaning></meanings></int></entry><entry><word>عصبيت</word><int><pron>(عَ+ص+بِي+ىَ+تْ)</pron><gram>[ع-اس-مذ-ج:ونه]</gram><poem></poem><meanings><meaning>عصب سره تړون- طرفداري- قرابت داري.</meaning><meaning>پلې سره متعلق- مضبوطوالے- كلك والے.</meaning><meaning>د جماعت يا د پارټۍ طرفداري.</meaning></meanings></int></entry></words>
