<?xml version="1.0" encoding="UTF-8"?>
<words>
  <entry>
    <word>عجيب</word>
    <int>
      <pron>(عَ+جِي+بْ)</pron>
      <gram>[ع-صف مذ-مؤ: عجيبه]</gram>
      <poem/>
      <meanings>
        <meaning>نوے- نادر- داسې څيز چې په ليدو يا اوريدو يې بني آدم حيران شي. حيراونكے څيز- عُجب واله- د معمول نه خلاف.</meaning>
      </meanings>
    </int>
  </entry>
<entry><word>عجيب الخلقت</word><int><pron>(—+بُ+لْ+خِ+لْ+قَ+تْ)</pron><gram>[ع-تر-صف]</gram><poem/><meanings><meaning>هغه څيز چې له پېداوښته پكښې څۀ نوے يا حيرانوونكے خصوصيت لري. په عجيبه شكل و صورت وغېره كښې پېدا كړے. د عام پېداوښت نه خلاف.</meaning></meanings></int></entry><entry><word>عجيبه</word><int><pron>(عَ+جِي+بَ)</pron><gram>[ع-صف-مو]</gram><poem/><meanings><meaning>د ((عجيب)) تانيث دے. نادره- حيرانوونكے خبره.</meaning></meanings></int></entry><entry><word>عجيبه انصاف دڤ</word><int><pron/><gram/><poem/><meanings><meaning>مجازاً بې انصافي ده. دانصاف خلاف فېصله يا خبره ده.</meaning></meanings></int></entry><entry><word>عجيبه خبره ده</word><int><pron/><gram/><poem/><meanings><meaning>حيران كوونكې خبره ده. نوې شان معامله ده. د معمول نه خلاف خبره يا معامله يا پېښه ده.</meaning></meanings></int></entry><entry><word>عجيبه داده چې</word><int><pron/><gram/><poem/><meanings><meaning>(جمله)- د كومې عجيبه او د حېرانتيا خبره كولو په موقع وئيلے شي.</meaning></meanings></int></entry><entry><word>عجيبه كاردڤ</word><int><pron/><gram/><poem/><meanings><meaning>(و_____________ عجيبه خبره ده).</meaning></meanings></int></entry><entry><word>عجيبه شڤ/ څيز دڤ چې</word><int><pron></pron><gram></gram><poem></poem><meanings><meaning>(جمله)- د كوم عجيبه يا د حېرانتيا پېدا كوونكے څېز په حقله د بيان په موقع ويلے شي.</meaning></meanings></int></entry></words>
