<?xml version="1.0" encoding="UTF-8"?>
<words>
  <entry>
    <word>عقيدت</word>
    <int>
      <pron>(عَ+قِي+دَ+تْ)</pron>
      <gram>[ع-اس-مذ-ج:ونه]</gram>
      <poem/>
      <meanings>
        <meaning>څۀ خبره درسته او صحيح ګڼلو نه پس په دغه خبره زړۀ ټينګ ساتل- د زړۀ يقين او اعتقاد.</meaning>
        <meaning>د مذهب هغه اصول په كومو چې سړے يقين راوړي نو په هغه مذهب كښې شامل شي، ايمان.</meaning>
      </meanings>
    </int>
  </entry>
<entry><word>عقيدت من</word><int><pron>(—+مُ+نْ)</pron><gram/><poem/><meanings><meaning/></meanings></int></entry><entry><word>عقيدت مند</word><int><pron>(—+مَ+نْ+دْ)</pron><gram/><poem/><meanings><meaning>عقيدت لرونكے- رښتيا او حق ګڼونكے- معتقد- منونكے.</meaning></meanings></int></entry><entry><word>عقيدت مندي</word><int><pron>(—+مَ+نْ+دِي)</pron><gram>[ع-ف-تر-اس-مو]</gram><poem/><meanings><meaning>عقيدت لرنه- اعتقاد- يقين لرنه- مننه.</meaning></meanings></int></entry><entry><word>عقيده</word><int><pron>(عَ+قي+دَ)</pron><gram/><poem/><meanings><meaning>[و_________________ عقيدت]</meaning></meanings></int></entry><entry><word>عقيده ((بودل))</word><int><pron/><gram/><poem/><meanings><meaning>په چا اعتقاد لرل- په چا باندې پوخ يقين بودل. لكه: زما په دې خبره عقيده ده چې...........</meaning></meanings></int></entry><entry><word>عقيده خرابېدل</word><int><pron/><gram/><poem/><meanings><meaning>په عقيده كښې خرابے راتلل- په عقيده كښې فرق راتلل.</meaning><meaning>د مذهب نه بې لارې كېدل- ګمراه كېدل.</meaning></meanings></int></entry><entry><word>عقيده درستول</word><int><pron/><gram/><poem/><meanings><meaning>عقيده صحيح كول- يقين يا ايمان صحيح كول- بې يقيني د زړۀ نه لرې كول.</meaning><meaning>د زړۀ نه شك شبه لرې كول- او يو څيز يا كار يا خبره صحيح او رښتونې او حق منل.</meaning></meanings></int></entry><entry><word>عقيده ښكاره كول</word><int><pron/><gram/><poem/><meanings><meaning>خپله نظريه ښكاره كول- هغه خبره ښكاره كول په كومه چې د چا يقين وي.</meaning></meanings></int></entry><entry><word>عقيده لرل</word><int><pron/><gram/><poem/><meanings><meaning>يقين لرل- صحيح او درست ګڼل.</meaning></meanings></int></entry><entry><word>عقيق</word><int><pron>(عَ+قِي+قْ)</pron><gram>[ع-اس-مذ-ج:ونه]</gram><poem/><meanings><meaning>يو قيمتي كاڼے دے. چې شوخ سور رنګ لري- عموماً په ګوتو كښې د غمي په طور لګولے شي- او مهرونه ترې جوړولے شي.</meaning><meaning>د ښكلي سور رنګ په وجه ورله شاعران د معشوقو شونډو سره تشبيهه وركوي.</meaning></meanings></int></entry><entry><word>عقيقه</word><int><pron>(عَ+قِي+قَ)</pron><gram>[ع-اس-مو-ج:قې]</gram><poem/><meanings><meaning>د ماشوم د زېږېدلو نه پس په اوومه ورځ د ماشوم دنوم كېښودو او د سركلي دستوره- مرېځه- تربحي. (په دې دستوره كښې د هلك دپاره دوه چيلۍ يا ګډان حلالولے شي او د جينۍ دپاره يو چيلۍ يا ګد- او د هلك د وېښتو په تول سپين زر خېرات كولے شي).</meaning></meanings></int></entry><entry><word>عقيل</word><int><pron>(عَ+قِي+لْ)</pron><gram>[ع-اس-صف-مذ-مو:ه]</gram><poem/><meanings><meaning>عقل واله- د عقل خاوند- هوښيار- دانشمند- پوهان- زيرك.</meaning></meanings></int></entry><entry><word>عقيم</word><int><pron>(عَ+قِي+مْ)</pron><gram>[ع-صف-مذ-مو:ه]</gram><poem/><meanings><meaning>هغه سړے چې بال بچ يې نۀ پېدا كېږي په نطفه (مني) كښې يې نقص وي- شنډ- بې اولاده. (په عربۍ كښې دا لفظ د شنډ سړي او شنډې ښځې دواړو دپاره راځي- خو په پښتو كښې د مؤنث دپاره ورسره تانيثي (ه) هم ضرور لګولې شي).</meaning></meanings></int></entry><entry><word>عقيمه</word><int><pron>(عَ+قِي+مَ)</pron><gram></gram><poem></poem><meanings><meaning>[و_____________ عقيم]</meaning></meanings></int></entry></words>
