<?xml version="1.0" encoding="UTF-8"?>
<words>
  <entry>
    <word>عاج</word>
    <int>
      <pron>(عا+جْ)</pron>
      <gram>[ع-اس-مذ]</gram>
      <poem/>
      <meanings>
        <meaning>د هاتى د هغو غاښونو هډوكے كوم چې بهر ته راوتے وي- د هاتي غاښ- پيلغاښ.</meaning>
      </meanings>
    </int>
  </entry>
<entry><word>عاج تراش</word><int><pron>(_____ تَ+را+ش)</pron><gram>[عف تر-اس فا/ صف-مو-ه]</gram><poem/><meanings><meaning>هغه كس چې د هاتي غاښ نه په تراشلو ښكلي ښكلي واړۀ څيزونه جوړوي.</meaning></meanings></int></entry><entry><word>عاجي</word><int><pron>(عا+جِي)</pron><gram>[عف تر-صف]</gram><poem/><meanings><meaning>دعاج (د اَتي غاښ) سره تعلق لرونكے.</meaning><meaning>د پيل غاښ ( د اَتي غاښ) ته جوړ شوے څيز.</meaning></meanings></int></entry><entry><word>عاجله</word><int><pron>(عا+جِ+لَ)</pron><gram>[ع تر-اس-مؤ]</gram><poem/><meanings><meaning>د ”عاجل“ تانيث دے.</meaning><meaning>د صفت په طور اسمونه سره هم راځي لكه حيات عاجله- عاجله منافع.</meaning></meanings></int></entry><entry><word>عاجلاً</word><int><pron>(عا+جِ+لَ+نْ)</pron><gram>[ع-تف]</gram><poem/><meanings><meaning>په تادۍ سره- په عجلت سره- زر- فوري طور سره. (د ”مجوده يا حاضر“ په معنٰى كښې ”اجلاً“ په مقابله كښې راځي)</meaning></meanings></int></entry><entry><word>عاجل</word><int><pron>(عا+جِ+لْ)</pron><gram>[ع-اس/ صف-مذ-ج-ان-مؤ-ه]</gram><poem/><meanings><meaning>كوم څيز چې په عجلت (تادۍ) سره (په لاس) راځي يا راشي- موجوده حاضر څيز- (كناية) دنيا ته هم وايي.</meaning><meaning>عجلت كووُنكے- تادي كووُنكے- تلوار كووُنكے- تلوار ګرندے- جلتي كووُنكے.</meaning></meanings></int></entry><entry><word>عاجز كول</word><int><pron/><gram/><poem/><meanings><meaning>خوارول- ناداره كول- مفلس كول.</meaning><meaning>د كوم كار د كولو نه پاتې راوستل. (په پښتو كښې كم كوز استعمالېږي)</meaning></meanings></int></entry><entry><word>عاجز كوونكے</word><int><pron>(— كَ+وُو+نْ+كے)</pron><gram>[عپ تر-اس فا-ج— كى]</gram><poem/><meanings><meaning>غريب كوُونكے- خواروونكے.</meaning><meaning>پاتې راوستونكے- بې وزله كوونكے.</meaning></meanings></int></entry><entry><word>عاجز كېدل</word><int><pron/><gram/><poem/><meanings><meaning>غريب كېدل- ناداره كېدل- خوارېدل- مفلس كېدل.</meaning><meaning>د كوم كار د كولو نه پاتې راتلل. (په پښتو كښې كم استعمالېږي).</meaning><meaning>بې وزلې كېدل- كمزورې كېدل.</meaning></meanings></int></entry><entry><word>عاجز مزاجه</word><int><pron>(— مِ-زا-جَ)</pron><gram>[عف تر-صف]</gram><poem/><meanings><meaning>هغه كس چې په طبيعت كښې يې عاجزي وي- عاجز طبع سړے يا ښځه.</meaning></meanings></int></entry><entry><word>عاجزانه</word><int><pron>(عا+جِ+زا+نَ)</pron><gram>[عف تر-صف]</gram><poem/><meanings><meaning>د عاجزانو په طور- د غريبانو په شان - په عاجزۍ سره- په انكسار سره.</meaning></meanings></int></entry><entry><word>عاجزي</word><int><pron>(عا+جِ+زِي)</pron><gram>[اس-مؤ]</gram><poem/><meanings><meaning>غريبي- خواري- مفلسي.</meaning><meaning>كمزوري- ناتوانى.</meaning></meanings></int></entry><entry><word>عاجزي كول</word><int><pron/><gram/><poem/><meanings><meaning>د عاجزۍ نه كار اخستل- كبر غرور نۀ كول.</meaning><meaning>(خپله عاجزي) د عاجزانو غريبانانو په شان ژوند تېرول- كم خرڅي كول- د خپل حېثيت مطابق خرڅ يا ژوند كول.</meaning><meaning>منت زاري كول.</meaning></meanings></int></entry><entry><word>عاجزكېدنه</word><int><pron>(— كې+د+نَ)</pron><gram>[حمص]</gram><poem/><meanings><meaning>غريب كېدنه- ناداره كېدنه- خوارېدنه.</meaning><meaning>پاتې راتلنه- بې وزله كېدنه.</meaning></meanings></int></entry><entry><word>عاجزكېدونكے</word><int><pron>(— كې+وُو-نْ-كَے)</pron><gram>[عپ تر-اس-فا-ج-كي]</gram><poem/><meanings><meaning>غريب كېدونكے- خوارېدونكے- نادار كېدونكے- بې وزله كېدونكے.</meaning></meanings></int></entry><entry><word>عاجزه</word><int><pron>(عا+جِ+زَ)</pron><gram>[عپ-صف-مؤ-ج-زې/ زانې]</gram><poem/><meanings><meaning>د ”عاجز“ تانيث.</meaning></meanings></int></entry><entry><word>عاجز</word><int><pron>(عا+جِ+زْ)</pron><gram>[ع-صف-مذ-ج---ان]</gram><poem></poem><meanings><meaning>پاتې راغلے- لاچاره چې هېڅ ترې نه كېږي يا نه شي كولے- بې وسه.</meaning><meaning>غريب- خوار- مفلس.</meaning><meaning>كمزورے- ناتوانه- بې وزلے.</meaning></meanings></int></entry></words>
