<?xml version="1.0" encoding="UTF-8"?>
<words>
  <entry>
    <word>عزّ</word>
    <int>
      <pron>(عَ+زْ+زْ)</pron>
      <gram>[ع-صف]</gram>
      <poem/>
      <meanings>
        <meaning>غالب شۀ- زورور شو. (عموماً نورو الفاظو سره راځي.</meaning>
      </meanings>
    </int>
  </entry>
<entry><word>عزّوجلّ</word><int><pron>(—+وَ+جَ+لْ+لَ)</pron><gram>[ج-جمله]</gram><poem/><meanings><meaning>د هغه دې عزت (زورورتيا) او جلال وي- د خدائے پاك نوم نه وروستو په طور د تكريم او احترام وئيلے يا ليكلے شي. (اصلاً دواړه د ماضي صيغې دي- يعنې هغه غالب شۀ او بزرګ شۀ).</meaning></meanings></int></entry></words>
