<?xml version="1.0" encoding="UTF-8"?>
<words>
  <entry>
    <word>عريان</word>
    <int>
      <pron>(عُ+رْ+يا+نْ)</pron>
      <gram>[ف-صف-مذ-مو:ه]</gram>
      <poem>كه عريان تن وي نېكان بد په زر بفت شي&lt;br/&gt;ګوره نه كړے له نېكانو بدان سم&lt;br/&gt;(سعيد)</poem>
      <meanings>
        <meaning>بربنډ- برمند- لغړ- لخ.</meaning>
        <meaning>هغه ليك يا شعر چې پكښې د بې شرمۍ خبرې وي.</meaning>
      </meanings>
    </int>
  </entry>
<entry><word>عرياني</word><int><pron>(عُ+رْ+يا+نِي)</pron><gram>[ف تر-اس-مو]</gram><poem/><meanings><meaning>بربنډوالے- بربنډتوب- لڅوالے.</meaning><meaning>په ليك يا شعر كښې د بې حيايۍ خبرې كول.</meaning></meanings></int></entry><entry><word>عريضه</word><int><pron>(عَ+رِي+ض)</pron><gram>[ع-اس-مو-ج:عريضې]</gram><poem></poem><meanings><meaning>عرضي- درخواست.</meaning><meaning>د انكسار دپاره خپلې چيټۍ يا خپل خط ته هم عريضه وايي.</meaning></meanings></int></entry></words>
