<?xml version="1.0" encoding="UTF-8"?>
<words>
  <entry>
    <word>عنكبوت</word>
    <int>
      <pron>(عَ+نْ+كَ+بُو+تْ)</pron>
      <gram>[ع-اس-مذ]</gram>
      <poem>عنكبوت د غار په خولۀ تنسته وكړه&lt;br/&gt;بل په هاؤ باندې ناسته حمامه ده&lt;br/&gt;(خواجله محمد بنګش)</poem>
      <meanings>
        <meaning>جولا- جولاګے- غڼے- مشهور ځناور چې ډېر قسمونه يې دي- خوشې ځايونو كښې د نري تارونو (چې پخپله يې جوړوي)  داسې جالې (جالونه) جوړ كړي چې په نظر نۀ راځي. مچان، ماشي وغېره پكښې ونښلي او ددۀ خوراكه شي.</meaning>
        <meaning>د قرآن پاك د يو سورت نوم.</meaning>
      </meanings>
    </int>
  </entry>
</words>
