<?xml version="1.0" encoding="UTF-8"?>
<words>
  <entry>
    <word>علا</word>
    <int>
      <pron>(عَ+لا)</pron>
      <gram>[ع-صف]</gram>
      <poem/>
      <meanings>
        <meaning>اوچت- لوړ- بزرګ. (دا لفظ عموماً جل سره يوځائے د الله تعالى د صفت په طور راځي يعنې خدائے جل و علا)</meaning>
      </meanings>
    </int>
  </entry>
<entry><word>علاج</word><int><pron>(عِ+لا+جْ)</pron><gram>[ ع-اس-مذ-ج:ونه]</gram><poem/><meanings><meaning>دارو درمل- درمان- د ناجوړه كس د رغولو دپاره- داروګان وغېره.</meaning></meanings></int></entry><entry><word>علاج پذير</word><int><pron>(—+پَ+ذِي+رْ)</pron><gram>[عف تر-صف-مذ-مو:ه]</gram><poem/><meanings><meaning>هغه مرض وغېره چې دارو يې كېدے شي.</meaning></meanings></int></entry><entry><word>علاج په ضد</word><int><pron>(—+پَ+ضِ+دْ)</pron><gram>[عپ تر-اس-مذ]</gram><poem/><meanings><meaning>د مرضونو د علاج هغه طريقه په كومه كښې چې د مرض خلاف دارو وركولے شي- ډاكټر علاج- (انګ: اپلوپېټهي)</meaning></meanings></int></entry><entry><word>علاج په مثل</word><int><pron>(—+پَ+مِ+ثْ+لْ)</pron><gram>[عپ تر-اس-مذ]</gram><poem/><meanings><meaning>هغه علاج چې پكښې د مرض د خلاف دارو په ځائے د مرض مطابق دارو وركولے شي- هوميوپېتهي.</meaning></meanings></int></entry><entry><word>علاج كول</word><int><pron/><gram/><poem>چې علاج كولے نشي د قسمت څوك&lt;br/&gt;نور به څۀ وايي و چاته نصيحت څوك&lt;br/&gt;(رحمان بابا)</poem><meanings><meaning>دارو درمل كول- د ناجوړه كس يا ځناور د رغولو دپاره داروګان وركول- درمان كول.</meaning><meaning>بندوبست كول- تابيا كول- تدبير كول.</meaning><meaning>سزاوركول. لكه: كه ته نۀ اوړے نو زۀ به دې علاج وكړم.</meaning></meanings></int></entry><entry><word>علاج كول د ځان</word><int><pron/><gram/><poem/><meanings><meaning>(طنزاً) تۀ ناجوړه يې يعنې ستا دماغ كار نۀ كوي- ځكه وايي- چې تۀ د ځان علاح وكړه.</meaning></meanings></int></entry><entry><word>علاج كېدل</word><int><pron/><gram/><poem/><meanings><meaning>(دارو درمل وركړے كېدل- بيمار )بني آدم يا ځناور. له دوايانې وغېره وركړې كېدل- درمان كېدل.</meaning></meanings></int></entry><entry><word>علاج معالجه</word><int><pron>(—+مُ+عا+لِ+جَ)</pron><gram>[عف تر-اس-مو-ج:جې]</gram><poem/><meanings><meaning>دارو درمل- د بيمار د رغولو دپاره دوايانې او نور درمان.</meaning></meanings></int></entry><entry><word>علاج معالجه كول</word><int><pron/><gram/><poem/><meanings><meaning>دارو درمل كول- بيمار (بني آدم يا ځناور) له دوايانې وركول- درمان كول.</meaning></meanings></int></entry><entry><word>علاج ناپذير</word><int><pron>(—+نا+پَ+ذِى+رْ)</pron><gram>[عف تر-صف-مذ-مو:ه]</gram><poem/><meanings><meaning>هغه بيماري چې علاج يې ممكن نۀ وي- ناعلاجه (مرض) لا علاجه (بيماري)</meaning></meanings></int></entry><entry><word>علاجول</word><int><pron>(عِ+لا+جَ+ؤ+لْ)</pron><gram>[مص مت]</gram><poem/><meanings><meaning>علاج كول- دارو درمل كول.</meaning></meanings></int></entry><entry><word>علاقه</word><int><pron>(عَ+لا+قَ)</pron><gram>[ع-اس-مو-ج:قې]</gram><poem/><meanings><meaning>د زمكې يوه برخه- سيمه- ملك- صوبه- ضلع- خطه وغېره.</meaning><meaning>تعلق- تړون- نسبت- پېوند سرېكار.</meaning><meaning>مزے- تار وغېره چې مرغلرې يا د تسبيح دانې ورسره تپلې شي. (پښتو كښې كم استعمالېږي).</meaning></meanings></int></entry><entry><word>علاقه بند</word><int><pron>(—+بَ+نْ+دْ)</pron><gram>[عف تر-صف-مذ-ج:ان-(مو):ه]</gram><poem/><meanings><meaning>په كالو وغېره كښې مزي اچوونكے.</meaning></meanings></int></entry><entry><word>علاقه بندي</word><int><pron>(—+بَ+نْ-دِي)</pron><gram/><poem/><meanings><meaning>په كالو وغېره كښې مزي (تارونه) اچوونكے.</meaning><meaning>په ملك كښې مختلفې علاقې ونډونه وغېره جوړول- څۀ كار په مختلفو علاقو كښې وېشل- د ټپواري كار.</meaning></meanings></int></entry><entry><word>علاقه ((بودل)) دچا</word><int><pron/><gram/><poem/><meanings><meaning>د چا د اختيار يا د حكم د لاندې ملك يا حلقه ((بودل)).</meaning><meaning>تعلق يا تړون ((بودل)).</meaning></meanings></int></entry><entry><word>علاقه تشكيول</word><int><pron/><gram/><poem/><meanings><meaning>تعلق پېدا كول-</meaning><meaning>علاقه بندي كول.</meaning></meanings></int></entry><entry><word>علاقه دار</word><int><pron>(—+دا+رْ)</pron><gram>[عف تر-صف-اس-مذ-ج:ان-(مو):ه]</gram><poem/><meanings><meaning>علاقه (ملك-رقبه-خطه وغېره) لرونكے.</meaning><meaning>د يوې علاقې حاكم- هغه كس چې يوه خاص رقبه يا علاقه د هغۀ د انتظام لاندې وي.</meaning></meanings></int></entry><entry><word>علاقه داري</word><int><pron>(—+دا+رِي)</pron><gram>[عف تر-اس-مو]</gram><poem/><meanings><meaning>تعلق لرنه- نسبت لرنه.</meaning><meaning>د كومې خاصې علاقې يا رقبې انتظام.</meaning></meanings></int></entry><entry><word>علاقه د خپلولۍ</word><int><pron>(—+دَ+خْ+پَ+لْ+وَ+لَ+ئ)</pron><gram>[عپ تر-اس-مو]</gram><poem/><meanings><meaning>د خپلولۍ تعلق- د رشته دارۍ تړون.</meaning></meanings></int></entry><entry><word>علاقه د دوستۍ</word><int><pron>(—+دَ+دُو+سْ+تَ+ۍ)</pron><gram>[عپ تر-اس-مو]</gram><poem/><meanings><meaning>د دوستۍ تعلق- دوستانه تعلق- د يارۍ تړون.</meaning></meanings></int></entry><entry><word>علاقه غېر</word><int><pron>(—+غې+رْ)</pron><gram>[عپ تر-اس-مو]</gram><poem/><meanings><meaning>هغه علاقه يا ملك يا سيمه كومه چې د كوم خاص حكومت د حكم د لاندې نۀ وي. آزاده علاقه- خودمختاره سيمه.</meaning></meanings></int></entry><entry><word>علاقه قطع كول</word><int><pron/><gram/><poem/><meanings><meaning>تعلق يا تعلقات پرې كول- تعلق شلول.</meaning></meanings></int></entry><entry><word>علاقه لرل</word><int><pron/><gram/><poem/><meanings><meaning>تعلق لرل- پېوند لرل- تړون لرل- نسبت لرل.</meaning></meanings></int></entry><entry><word>علاقه لرونكڤ</word><int><pron>(—+لَ+رُو+نْ+كَے)</pron><gram>[عپ تر-اس-فا-ج:كي]</gram><poem/><meanings><meaning>تعلق لرونكے- نسبت لرونكے.</meaning></meanings></int></entry><entry><word>علاقه من يا علاقه مند</word><int><pron>(—+مَ+نْ)(—+مَ+نْ+دْ)</pron><gram>[عپ تر-صف-اس- ج:ان-(مو):ه]</gram><poem/><meanings><meaning>تعلق لرونكے- نسبت لرونكے.</meaning></meanings></int></entry><entry><word>علاقه مندي</word><int><pron>(—+مَ+نْ+دِي)</pron><gram>[عپ-اس-مو]</gram><poem/><meanings><meaning>تعلق- نسبت- تړون- دلچسپي.</meaning></meanings></int></entry><entry><word>علاقه مندي لرل</word><int><pron/><gram/><poem/><meanings><meaning>تعلق لرل- نسبت لرل- تړون لرل- دلچسپي لرل.</meaning></meanings></int></entry><entry><word>علاقې</word><int><pron>(عَ+لا+قې)</pron><gram/><poem/><meanings><meaning>دعلاقه جمع ده- د علاقه اضافي او مجروري وغېره شكل دے.</meaning></meanings></int></entry><entry><word>علالت</word><int><pron>(عَ+لا+لَ+تْ)</pron><gram>[ع-اس-مذ-ج:ونه]</gram><poem/><meanings><meaning>ناروغتيا- ناجوړتيا- بيماري- رنځ- مرض.</meaning></meanings></int></entry><entry><word>علام</word><int><pron>(عَ+لْ+لا+مْ)</pron><gram>[ع-صف]</gram><poem/><meanings><meaning>د مبالغې صيغه ده. ډېر لوئے علم لرونكے- ډېره پوهه.</meaning><meaning>دخدائے پاك صفت.</meaning></meanings></int></entry><entry><word>علام الغيوب</word><int><pron>(—+مُ+لْ+غُ+يُو+بْ)</pron><gram>[ع تر-اس-مذ]</gram><poem/><meanings><meaning>د غېبو اونۀ ښكاره كېدونكي- څيزونو وغېره ؤ علم لرونكے. دخدائے پاك صفت دے.</meaning></meanings></int></entry><entry><word>علامات</word><int><pron>(عَ+لا+ما+تْ)</pron><gram>[ع-اس-ج]</gram><poem/><meanings><meaning>د ((علامت)) جمع ده. نخښې نښانې- علامتونه- علامې.</meaning></meanings></int></entry><entry><word>علامات ښكاره كېدل</word><int><pron/><gram/><poem/><meanings><meaning>نخښې نښانې ښكاره كېدل- علامې ښكاره كېدل.</meaning></meanings></int></entry><entry><word>علامت</word><int><pron>(عَ+لا+مَ+تْ)</pron><gram>[ع-اس-مذ-ج:ونه]</gram><poem/><meanings><meaning>نخښه- نښانې- نښان- علامه. (پښتو كښې عموماً ((علامه)) وئيلې شي).</meaning></meanings></int></entry><entry><word>علامت استفهام</word><int><pron>(—+اِ+سْ+تِ+فْ+ها+مْ)</pron><gram>[عف تر-اس-مذ]</gram><poem/><meanings><meaning>د تپوس يا د پوښتنې علامت يا نخښه- كومه چې د جملې اخر ته وركولے شي يعنې دا نخښه (؟)</meaning></meanings></int></entry><entry><word>علامه</word><int><pron>(عَ+لْ+لا+مَ)</pron><gram>[ع-اس-مو-ج:مې]</gram><poem/><meanings><meaning>ډېر زيات علم لرونكے- ډېر لوئے عالم يا پوهان. (نن پرون دا لفظ عموماً د هغوي نومونو سره استعماليږي، چا چې د پي اېچ ډګري اخستې وي). دا لفظ اګرچې مؤنث دے خو د مذكر د صفت په طور استعماليږي.</meaning></meanings></int><int><pron>(عَ+لا+مَ)</pron><gram>[ع-اس-مؤ-ج: علامې]</gram><poem/><meanings><meaning>علامت- نخښه- نښانه.</meaning></meanings></int></entry><entry><word>علامې</word><int><pron>(عَ+لا+مې)</pron><gram/><poem/><meanings><meaning>د ((علامه))جمع ده.</meaning><meaning>د ((علامه)) اضافي شكل.</meaning><meaning>د ((علامه)) مجروري وغېره شكل.</meaning></meanings></int></entry><entry><word>علامې ښكاره كېدل</word><int><pron/><gram/><poem/><meanings><meaning>نخښې ښكاره كېدل- د اصل څيز د ښكاره كېدلو نه اول د دغې څيز كومې نخښې نښانې څرګندېدل.</meaning></meanings></int></entry><entry><word>علانيه</word><int><pron>(عَ+لا+نِي+ىَ)</pron><gram>[ع-تف]</gram><poem/><meanings><meaning>په اعلان سره – په ښكاره په ډانګ پېلې- په ډاګه- په څرګنده.</meaning></meanings></int></entry><entry><word>علانيه كول څه كار</word><int><pron/><gram/><poem/><meanings><meaning>په ښكاره څه كار كول- دټولو په مخكښې څه كار كول.</meaning></meanings></int></entry><entry><word>علانيه ويل</word><int><pron/><gram/><poem/><meanings><meaning>په ښكاره ويل- په ډانګ پيلي ويل- په څرګنده يا د ټولو په مخكښې ويل.</meaning></meanings></int></entry><entry><word>علاوه</word><int><pron>(عِ+لا+وَ)</pron><gram>[ع-اس]</gram><poem/><meanings><meaning>هغه وړوكے شان پېټے چې د لوئے پيټي د پاسه كښېښودے شي- سرباري.</meaning><meaning>مجازاً سوائے- پرته له- زياتي له- سربيره. (ځنې خلق د عين زور سره هم وايي چې غلط انعام دے)</meaning></meanings></int></entry><entry><word>علاوه پرد غه</word><int><pron/><gram/><poem/><meanings><meaning>د دغې نه علاوه- پرته له دغه- ددغې نه زياتي.</meaning></meanings></int></entry><entry><word>علاوه كول</word><int><pron/><gram/><poem/><meanings><meaning>زياتول- ورزياتول.</meaning></meanings></int></entry><entry><word>علائق</word><int><pron>(عَ+لا+يې+قْ)</pron><gram>[ع-اس-ج]</gram><poem>علامه د عاشق داده چې بې ياره&lt;br/&gt;نورې قطع له عالمه علائق دي&lt;br/&gt;(حافظ)</poem><meanings><meaning>(د علاقه جمع) تعلقات- تړون.</meaning></meanings></int></entry><entry><word>علائم</word><int><pron>(عَ+لا+ئې+مْ)</pron><gram>[ع-اس-ج]</gram><poem></poem><meanings><meaning>د ((علامه)) جمع ده. علامې.</meaning></meanings></int></entry></words>
