<?xml version="1.0" encoding="UTF-8"?>
<words>
  <entry>
    <word>عظم</word>
    <int>
      <pron>(عَ+ظْ+مْ)</pron>
      <gram>[ع-اس-مذ]</gram>
      <poem/>
      <meanings>
        <meaning>هډوكے- هډ- استخوان.</meaning>
      </meanings>
    </int>
  </entry>
<entry><word>عظمت</word><int><pron>(عَ+ظْ+مَ+تْ)</pron><gram>[ع-اس-مذ-ج:ونه]</gram><poem/><meanings><meaning>لوئے والے- لوئي- بزرګي لوړوالے- ستروالے- ستري.</meaning></meanings></int></entry><entry><word>عظمت خېل</word><int><pron>(عَ+ظْ+مَ+تْ+خېل)</pron><gram>[اس-مع]</gram><poem/><meanings><meaning>د زيركَيو څانګه ده. زيركے- ملي زاد دوړ دي.</meaning></meanings></int></entry><entry><word>عظمى</word><int><pron>(عُ+ظ+ما)</pron><gram>[ع-صف-مو]</gram><poem></poem><meanings><meaning>لوئے څيز(مؤنث)  بزرګه ښځه.</meaning></meanings></int></entry></words>
