<?xml version="1.0" encoding="UTF-8"?>
<words>
  <entry>
    <word>عفريت</word>
    <int>
      <pron>(عِ+فْ+رِيْ+تْ)</pron>
      <gram>[ع-اس-مذ]</gram>
      <poem></poem>
      <meanings>
        <meaning>ديو- پېرے.</meaning>
        <meaning>مجازاً غټ پټ- لوړدنګ او ډېر طاقتور دے. (په پښتو كښې د عفريت په ځائے عموماً ((اقرا)) استعمالېږي- خو ((ديو)) هم ورسره راځي).</meaning>
      </meanings>
    </int>
  </entry>
</words>
