<?xml version="1.0" encoding="UTF-8"?>
<words>
  <entry>
    <word>عسير</word>
    <int>
      <pron>(عَ+سِي+رْ)</pron>
      <gram>[ع-صف-مذ-مؤ:ه]</gram>
      <poem/>
      <meanings>
        <meaning>عسرت واله- ګران- مشكل دشوار.</meaning>
      </meanings>
    </int>
  </entry>
<entry><word>عسير العلاج</word><int><pron>(—+رُ+لْ+عِ+لا+جْ)</pron><gram>[ع تر-صف]</gram><poem></poem><meanings><meaning>هغه مرض چې دارو درمل يې ګران وي- ناعلاجه.</meaning></meanings></int></entry></words>
