<?xml version="1.0" encoding="UTF-8"?>
<words>
  <entry>
    <word>عجب</word>
    <int>
      <pron>(عَ+جَ+بْ)</pron>
      <gram>[ع-صف مذ-مؤ:ه]</gram>
      <poem/>
      <meanings>
        <meaning>نوے- عجيبه- نادر.</meaning>
        <meaning>د نارينه ؤ په نومونو كښې هم استعمالېږي.</meaning>
      </meanings>
    </int>
  </entry>
<entry><word>عجب كه</word><int><pron/><gram/><poem>كه كل جهان خوبان شي هم واړه محبوبان شي&lt;br/&gt;عجب كه لا پېدا شي يوه تا غوندې زېبا&lt;br/&gt;(خوشحال)</poem><meanings><meaning>د استعجاب كلمه ده. عجبه ده. ناممكنه ده.</meaning></meanings></int></entry><entry><word>عجب كوونكڤ</word><int><pron/><gram/><poem/><meanings><meaning>غروركوونكے- مغروره- لويي كوونكے- وياړونكے فخر كوونكے.</meaning></meanings></int></entry><entry><word>عجب خان</word><int><pron>(عَ+جَ+بْ+خا+نْ)</pron><gram>[اس مع]</gram><poem/><meanings><meaning>يو نوميالے او مېړنے پښتون په قام افريدے وو. د پېرنګيانو په فوځ كښې نوكر وو. د يوې بې عزتۍ بدل اخستلو دپاره يې يو ميمه مس ايلس يې غېرې علاقې ته وتښتوله- هلته يې ډېره په عزت او ارام وساتله. آخر يې د پېرنګيانو ډېرو كوششونو نه پس بېرته ور وسپارله.</meaning></meanings></int></entry><entry><word>عجب خېل</word><int><pron>(عَ+جَ+بْ+خېل)</pron><gram>[اس-مع]</gram><poem/><meanings><meaning>د زېركيو څانګه ده. (زيركے ملي زاد) دوړ دي.</meaning></meanings></int><int><pron/><gram/><poem/><meanings><meaning>د دېمه پال څانګه ده. پني دي.</meaning></meanings></int></entry><entry><word>عجبه</word><int><pron>(عَ+جَ+بَ)</pron><gram>[صف-مو]</gram><poem/><meanings><meaning>د ((عجب)) تانيث دے.</meaning></meanings></int></entry><entry><word>عجبه تماشه ده!</word><int><pron/><gram/><poem/><meanings><meaning>داسې تماشه يا منظره وغېره ده، چې په ليدلو يې سړے حېرانه كېږي. نوے كار دے. نوې پېښه ده.</meaning></meanings></int></entry><entry><word>عجب الشكل</word><int><pron>(—+بُ+ش)+شِ+كَ+لْ)</pron><gram>[ع تر-صف]</gram><poem></poem><meanings><meaning>عجيبه شكل لرونكے- داسې څيز چې شكل و صورت يې د عام انداز ته په بېل رنګ وي.</meaning></meanings></int></entry></words>
