<?xml version="1.0" encoding="UTF-8"?>
<words>
  <entry>
    <word>عثمان</word>
    <int>
      <pron>(عُ+ثْ+ما+نْ)</pron>
      <gram>[اس-مع-مذ]</gram>
      <poem/>
      <meanings>
        <meaning>حضرت عثمانؓ- مشهور د لوړې درجې صحابي- په عشره مبشره كښې شامل وو- د حضور پاك صلعم دوه لوڼه يې پرله پسې په نكاح كښې راوستې وې. په خلفايې راشدين كښې درېم خليفه- د خلافت په آخري ورځو كښې شر و شور پورته شۀ او 25هـ كښې په مسجد نبوي كښې په 665هـ كښې شهيد كړے شۀ. ددۀ په وخت كښې هند- ايران- مثر او تر مغربي افريقې پورې ملكونه فتح شوي وو. 123 په اسلامي تاريخ كښې په دې نامه ډېر مشهور كسان تېر شوي دي يو پكښې عثمان نومې ترك وو- د چا په نوم چې د تركو عظيم الشانه بادشاهي ((عثمانيه)) نوموړې شوې ده- چې د مغرب خلق ورته ((آټومن ايمپاير)) وايي.</meaning>
      </meanings>
    </int>
  </entry>
<entry><word>عثمان خان خېل</word><int><pron>(عُ+ثْ+ما+نْ+خا+نْ+خېل)</pron><gram>[اس-مع]</gram><poem/><meanings><meaning>د بي بي زۍ څانګه ده. (بي بي زۍ (شبي خېل)(علي زۍ) محسود دي.</meaning></meanings></int></entry><entry><word>عثمان خېل</word><int><pron>(عُ+ثْ+ما+نْ+خېل)</pron><gram>[اس-مع]</gram><poem/><meanings><meaning>د تپي خېلو څانګه ده. (تپي خېل (بدين زۍ- شمن خېل) محسود دي.</meaning></meanings></int><int><pron>(عُ+ثْ+ما+نْ+خېل)</pron><gram>[اس-مع]</gram><poem/><meanings><meaning>د شنئيو څانګه ده. شنۍ (زخاخېل) افرديدي دي. د عثمان خېل ښكته څانګې دادي: مغل خېل او تركي خېل.</meaning></meanings></int><int><pron/><gram/><poem/><meanings><meaning>د سكندر خېلو څانګه ده. (سكندر خېل)(كوكي خېل) افريدي دي.</meaning></meanings></int><int><pron/><gram/><poem/><meanings><meaning>د بدين خېلو څانګه ده. (بدن خېل- شادي خېل- نصردين- كالوخېل- احمدزۍ- دروېش خېل وزير دي.</meaning></meanings></int><int><pron/><gram/><poem/><meanings><meaning>د يائي زيو څانګه ده. مهمند دي.</meaning></meanings></int><int><pron/><gram/><poem/><meanings><meaning>د باندخېلو څانګه ده. باندخېل- بهلول زئ محسود دي.</meaning></meanings></int><int><pron/><gram/><poem/><meanings><meaning>د حسن خېلو څانګه ده. او حسن خېل- ګدايي زۍ- الياس زئ ښيروال دي.</meaning></meanings></int><int><pron/><gram/><poem/><meanings><meaning>د تختي خېلو څانګه ده. (تختي خېل- بقاخېل- ولي خېل- اتمان زۍ- دروېش خېل وزير دي.د عثماني خېلو څانګې دادي: مورب خېل او جاني خېل.</meaning></meanings></int><int><pron/><gram/><poem/><meanings><meaning>دخدوخېلو څانګه ده. او خدوخېل –صدازۍ- اتمانزئ- مندڼ يوسفزي دي.</meaning></meanings></int></entry><entry><word>عثمان زۍ</word><int><pron/><gram/><poem/><meanings><meaning>منډن يوسف زي دي. دا د يوسف زيو د دريو لويو ښاخونو يو ښاخ دے. بيا د عثمان زئيو څانګې دادي: كمال زے او اكازے يا امان زے.</meaning></meanings></int><int><pron>(عُ+ثْ+ما+نْ+زَ+ے)</pron><gram>[اس-مع]</gram><poem/><meanings><meaning>د كانو زئيو څانګه ده. كانو زئ- نتوزئ- حسن خېل- دومړ- سنزرخېل كاكړ دي.په بله شجره كښې د دومړ او د دوي نه ښكته نورې قبيلې نشته.</meaning></meanings></int><int><pron/><gram/><poem/><meanings><meaning>د كيپيو څانګه ده. شيراني دي.</meaning></meanings></int><int><pron/><gram/><poem/><meanings><meaning>د اعشٰى زئيو څانګه ده. اعشٰى زي اچك زي- ابدال- ترين دي.</meaning></meanings></int><int><pron/><gram/><poem/><meanings><meaning>د غېب زئيو څانګه ده. ايسوټ دي.</meaning></meanings></int><int><pron/><gram/><poem/><meanings><meaning>د سليمان زئيو څانګه ده. بابړ دي.</meaning></meanings></int></entry><entry><word>عثمان كور</word><int><pron>(عُ+ثْ+ما+نْ+كو+رْ)</pron><gram/><poem/><meanings><meaning>د خواجه خېلو وړوكې څانګه ده. او خواجه خېل- خدين خېل- اشازۍ- الياس زۍ- ښېروال دي.</meaning></meanings></int><int><pron>(عُ+ثْ+ما+نِي+كو+رْ)</pron><gram/><poem/><meanings><meaning>د مېمنه خېلو څانګه ده. خواتي زے مهمند دي.</meaning></meanings></int></entry><entry><word>عثماني</word><int><pron>(عُ+ثْ+ما+نِيْ)</pron><gram>[اس-مع]</gram><poem/><meanings><meaning>د پنيو يوه قبيله ده. لالوزۍ د عثمانيو څانګه ده.</meaning></meanings></int><int><pron>(عُ+ثْ+ما+نِي)</pron><gram>[عف تر-صف]</gram><poem/><meanings><meaning>حضرت عثمانؓ سره تعلق لرونكے لكه: مصحف عثماني.</meaning><meaning>د ((عثمان)) نومې سړي سره تعلق لرونكے.</meaning><meaning>د تركو عثماني سلطنت سره تعلق لرونكے.</meaning></meanings></int></entry><entry><word>عثماني امپراطوري</word><int><pron/><gram/><poem/><meanings><meaning>(و____________ عثماني دولت). د عثماني تركو سلطنت- سلطنت عثمانيه- د يورپ خلق ورته ((اوټومن ايمپائر)) وايي.</meaning></meanings></int></entry><entry><word>عثمانيه</word><int><pron>(عُ+ثْ+ما+نِي+ىَ)</pron><gram>[صف]</gram><poem></poem><meanings><meaning>عثماني سلطنت سره تعلق لرونكے.</meaning></meanings></int></entry></words>
