<?xml version="1.0" encoding="UTF-8"?>
<words>
  <entry>
    <word>عذوبت</word>
    <int>
      <pron>(عَ+ذُو+بَ+تْ)</pron>
      <gram>[ع-اس-مذ-ج:ونه]</gram>
      <poem>په تشبيه او په تمثيل په نزاكت كښې&lt;br/&gt;عذوبت مې د خبرې چند درچند كړ&lt;br/&gt;(خوشحال)</poem>
      <meanings>
        <meaning>خوږوالے- خوند- خوندورتوب- د اوبو خوږوالے- او خوندورتوب- شيريني.</meaning>
      </meanings>
    </int>
  </entry>
</words>
