<?xml version="1.0" encoding="UTF-8"?>
<words>
  <entry>
    <word>عتاب</word>
    <int>
      <pron>(عِ+تا+بْ)</pron>
      <gram>[ع-اس-مذ-ج:— ونه]</gram>
      <poem/>
      <meanings>
        <meaning>ملامتيا- په قهرېدنه ملامته كونه.</meaning>
        <meaning>قهر-قضه.</meaning>
        <meaning>قار.</meaning>
      </meanings>
    </int>
  </entry>
<entry><word>عتاب كول</word><int><pron/><gram/><poem>عتاب نور مه كوه د خدائے دپاره&lt;br/&gt;خوشحال كله د عتاب تاب لري&lt;br/&gt;(خوشحال)</poem><meanings><meaning>قهر كول- غصه كول- په قهر.</meaning></meanings></int></entry><entry><word>عتاب موندل- مېندل</word><int><pron></pron><gram></gram><poem></poem><meanings><meaning>د چا د قهر غصې له كبله سزا يا تكليف موندل.</meaning></meanings></int></entry></words>
