<?xml version="1.0" encoding="UTF-8"?>
<words>
  <entry>
    <word>عزالسمه</word>
    <int>
      <pron>(—+اِ+سْ+مُ+هُو)</pron>
      <gram>[جمله]</gram>
      <poem/>
      <meanings>
        <meaning>د هغه دې نوم عزت واله او زورور وي- د خدائے پاك د نوم نه پس په طور د تكريم او احترام وئيلے يا ليكلے شي. (د عزّ اصلاً د ماضي صيغه ده- يعنې زورور يا غالب شۀ)</meaning>
      </meanings>
    </int>
  </entry>
<entry><word>عزا</word><int><pron>(عَ+زا)</pron><gram>[ اس-مو-ج:ګانې-وې]</gram><poem/><meanings><meaning>ماتم- سوګواري- د مړي په غم كښې شريكېدنه.</meaning><meaning>سونګه- وير.</meaning></meanings></int></entry><entry><word>عزا دار</word><int><pron>(—+دا+رْ)</pron><gram>[عف تر-اس-مذ-ج:ان-(مؤ):ه]</gram><poem/><meanings><meaning>ماتم كوونكے- سوګوار- د مړي په غم كښې شريكېدل.</meaning><meaning>دامام حسينؓ د شهادت په ياد كښې د ماتم مجلس سازوونكي- يا په داسې مجلس كښې شريكېدلونكي.</meaning></meanings></int></entry><entry><word>عزا داري</word><int><pron>(—+دا+ري)</pron><gram>[عف تر-اس-مو]</gram><poem/><meanings><meaning>ماتم كونه- د مړي په غم كښې شريكېدنه. سوګواري.</meaning></meanings></int></entry><entry><word>عزازيل</word><int><pron>(عَ+زا+زي+لْ)</pron><gram>[اس-مع-مذ]</gram><poem>د دې دور دورېشان خليفه بس دي&lt;br/&gt;اوس خپل ځان سره بدكاركړه عزازيله&lt;br/&gt;(خوشحال)</poem><meanings><meaning>د شېطان نوم دے. ابليس- خناس- (دا د عزل نه وتے دے، چې معنى يې بيلېدنه او جدا كېدنه ده. دے د خپلې نافرمانۍ په وجه د فرښتو د ډلې نه جدا كړے شوے وو. ځنې وايي، چې اصلا د عبرانۍ لفظ دے).</meaning></meanings></int></entry><entry><word>عزائم</word><int><pron>(عَ+زا+ئ+مْ)</pron><gram>[ع-اس-ج]</gram><poem></poem><meanings><meaning>د ((عزم)) جمع ده. عزمونه- ارادې.</meaning></meanings></int></entry></words>
