<?xml version="1.0" encoding="UTF-8"?>
<words>
  <entry>
    <word>عمود</word>
    <int>
      <pron>(عَ+مُو+دْ)</pron>
      <gram>[ع-اس-مذ-ج:ونه]</gram>
      <poem/>
      <meanings>
        <meaning>ستن- (د كوټې وغېره).د تنبوستن.</meaning>
        <meaning>هغه نېغ (مستقيم) خط كوم چې په بل نېغ خط دپاسه داسې ودرولے شي چې دواړو غاړو ته زوايې يې پخپلو كښې برابر وي. (دا زاويې د نوي نوي درجو وي).</meaning>
      </meanings>
    </int>
  </entry>
<entry><word>عموداً</word><int><pron>(عَ+مُو+دَ+نْ)</pron><gram>[ع-تف]</gram><poem/><meanings><meaning>د عمود په طور- د عمود په شكل كښې نېغ ولاړ- قايمه زاويه جوړولو په شكل كښې.</meaning></meanings></int></entry><entry><word>عمودي</word><int><pron>(عَ+مُو+دِي)</pron><gram>[اس-صف]</gram><poem/><meanings><meaning>هغه خط يا بل كوم دېوال وغېره چې د عمود په شكل كښې وي- يعنې نېغ د قايمې زوايې په شكل كښې ولاړ وي.</meaning></meanings></int></entry><entry><word>عموديت</word><int><pron>(عَ+مُو+دِي+ىَ+تْ)</pron><gram>[ع-اس-مذ]</gram><poem/><meanings><meaning>د عمود خصوصيت.</meaning></meanings></int></entry><entry><word>عموره</word><int><pron>(عَ+مُو+رَ)</pron><gram>[اس-مع]</gram><poem/><meanings><meaning>د پخوانۍ زمانې د يو ښار نوم- په كوم كښې چې د لوط عليه السلام آباد ؤ. دا قوم ډېر بد عمله ؤ- او د حضرت لوط عليه السلام پند او نصيحت يې نۀ مانۀ، نو آخر دخدائے پاك عذاب پرې راغے او دغه ښار او خلق يې هلاك او تباه شول.</meaning></meanings></int></entry><entry><word>عموم</word><int><pron>(عُ+مُو+مْ)</pron><gram>[ع-اس-مذ]</gram><poem/><meanings><meaning>عام كېدنه- عام ((بودنه)) هر ځائے كښې ((بودنه)) په ټولو كښې شامل ((بودنه)).</meaning><meaning>عام- ټول</meaning></meanings></int></entry><entry><word>عموماً</word><int><pron>(عُ+مُو+مَ+نْ)</pron><gram>[ع-تف]</gram><poem/><meanings><meaning>عام طور سره- اكثر.</meaning></meanings></int></entry><entry><word>عمومي</word><int><pron>(عُ+مُو+مِي)</pron><gram>[عف تر-صف]</gram><poem/><meanings><meaning>عموم سره تعلق لرونكے- عموم ته منسوب.</meaning><meaning>عام په هر ځائے كښې- يا هرڅۀ كښې.</meaning></meanings></int></entry><entry><word>عمومي ادبيات</word><int><pron>(—+اَ+دَ+بي+يا+تْ)</pron><gram/><poem/><meanings><meaning>هغه ليكونه چې عام ادب سره تعلق لري- (جنرل لټرېچر).</meaning></meanings></int></entry><entry><word>عمومي غونډه</word><int><pron>(—+غو+نْ+ډَ)</pron><gram/><poem/><meanings><meaning/></meanings></int></entry><entry><word>عمومي مجمع</word><int><pron>(—+مَ+جْ+مَ+(ع))</pron><gram/><poem/><meanings><meaning/></meanings></int></entry><entry><word>عمومي مجلس</word><int><pron>(—+مَ+جْ+لِ+س)</pron><gram/><poem/><meanings><meaning>هغه غونډه يا د خلقو جمع كېدنه- چې د عامې قاعدې مطابق راجمع شوي وي. (د خصوصي غونډې (وغېره) په مقابله كښې).</meaning></meanings></int></entry><entry><word>عموميت</word><int><pron>(عُ+مو+مِي+ىَ+تْ)</pron><gram>[ع-اس-مذ]</gram><poem/><meanings><meaning>عام والے- (دخاص والي په مقابله كښې)عموم لرنه.</meaning></meanings></int></entry><entry><word>عموميت پېدا كول</word><int><pron/><gram/><poem/><meanings><meaning>عام كېدل- هرچاته يا هر طرف ته رسېدل- (د خصوصيت په مقابل كښې)</meaning></meanings></int></entry><entry><word>عموميت لرل</word><int><pron></pron><gram></gram><poem></poem><meanings><meaning>عام ((بودل)) عموم لرل- په ټولو خود ((بودل))</meaning></meanings></int></entry></words>
