<?xml version="1.0" encoding="UTF-8"?>
<words>
  <entry>
    <word>عجز</word>
    <int>
      <pron>(عَ/ عِ+جْ+ز)</pron>
      <gram>[ع-اس-مذ-ج:ونه]</gram>
      <poem/>
      <meanings>
        <meaning>عاجزي- عازج كېدنه- پاتې اتلنه- لاچاري- كمزوري.</meaning>
        <meaning>ماتې- شكست- مغلوبي. (اصلاً د عين زور سره دے).</meaning>
      </meanings>
    </int>
  <int><pron>(عَ+جُ+زْ)</pron><gram>[ع-اس-مذ]</gram><poem></poem><meanings><meaning>شا- ورستنۍ حصه- كوناټي.</meaning></meanings></int></entry>
<entry><word>عجز كول</word><int><pron/><gram/><poem/><meanings><meaning>عاجزي كول- خاكساري كول- منت زاري كول.</meaning></meanings></int></entry></words>
