<?xml version="1.0" encoding="UTF-8"?>
<words>
  <entry>
    <word>عرس</word>
    <int>
      <pron>(عُ+رَ+سْ)</pron>
      <gram>[ع-اس-مذ-ج:ونه]</gram>
      <poem/>
      <meanings>
        <meaning>د پيرانو د بزرګانو د مړينې په ورځ (كال په كال) فاتحه كول.</meaning>
        <meaning>د پيرانو بزرګانو د وفات په ورځ (كال په كال) خاص دستوره، چې پكښې د فاتحې نه علاوه د سماع (موسيقۍ) مجلس هم شامل وي. (اصلاً د دې معنٰى دوادۀ يا د نكاح د موقعې يا وليمې دعوت دے. خو وروستو په برنو معنو كښې يې استعمال شروع شۀ. ځكه چې د پيرانو بزرګانو په حقله خيال دے چې د هغوي وفات يو قسم له عروسي (د وادۀ) خوشحالي ده- ځكه دا د دغو بزرګانو د وفات د ورځې د دستورې نوم وګرځېد).</meaning>
      </meanings>
    </int>
  </entry>
<entry><word>عرس كول</word><int><pron></pron><gram></gram><poem></poem><meanings><meaning>د چا بزرګ ولي يا پير مرګ په ورځ دفاتحې او د سماع وغېره دستوره كول.</meaning></meanings></int></entry></words>
