<?xml version="1.0" encoding="UTF-8"?>
<words>
  <entry>
    <word>عروج</word>
    <int>
      <pron>(عُ+رُو+جْ)</pron>
      <gram>[ع-اس-مذ]</gram>
      <poem/>
      <meanings>
        <meaning>بره ختنه- پورته ختنه- پورته كېدنه- ترقي.</meaning>
        <meaning>اوچت والے- لوړوالے- لويه مرتبه.</meaning>
      </meanings>
    </int>
  </entry>
<entry><word>عروس</word><int><pron>(عَ+رُو+سْ)</pron><gram>[ع-اس]</gram><poem>كه څوك وغواړي تمامه دنيا واړه&lt;br/&gt;زما يار غوندې بۀ نۀ وي بل عروس&lt;br/&gt;(رحمان بابا)</poem><meanings><meaning>ناوې- هغه پېغله چې د وادۀ دپاره سنباله كړے شوې وي.</meaning><meaning>نوې وادۀ شوې پېغله. (اصلاً دا لفظ د وادۀ هلك او ناوې دواړو دپاره وو- خو اوس صرف د ناوې د معنو دپاره استعماليږي)</meaning></meanings></int></entry><entry><word>عروسي</word><int><pron>(عَ+رُو+سي)</pron><gram>[عف تر-صف]</gram><poem/><meanings><meaning>د عروس يعنې ناوې سره متعلق. ناوې تۀ منسوب- لكه: عروسي جوړه.</meaning><meaning>نكاح- وادۀ.</meaning></meanings></int></entry><entry><word>عروضي</word><int><pron>(ع+رُو+ضي)</pron><gram>[عف تر-اس-صف]</gram><poem/><meanings><meaning>د عروض علم سره متعلق.</meaning><meaning>عروض دان- د عروضي د علم پوهان.</meaning></meanings></int></entry><entry><word>عروق</word><int><pron>(عُ+رُو+قْ)</pron><gram>[ع-اس-ج]</gram><poem/><meanings><meaning>د عرق جمع ده. نري رګونه- دوينې رګونه.</meaning><meaning>جرړې.</meaning></meanings></int></entry><entry><word>عروه</word><int><pron>(عُ+رْ+وَ)</pron><gram>[ع-اس-مو-ج:وې]</gram><poem/><meanings><meaning>دستكے.</meaning><meaning>حلقه.</meaning></meanings></int></entry><entry><word>عروة الوثقى</word><int><pron>(—+تُ+لْ+وُ+ثْ+قا)</pron><gram>[ع-تر-اس]</gram><poem></poem><meanings><meaning>مضبوط حقله يا كلك دستكے.</meaning><meaning>د هغه مشهور اخبار نوم كوم چې جمال الدين افغاني د پېرس نه جاري كړے وو. دا په عربۍ ژبه كښې وو.</meaning></meanings></int></entry></words>
