<?xml version="1.0" encoding="UTF-8"?>
<words>
  <entry>
    <word>عقوبت</word>
    <int>
      <pron>(عُ+قُو+بَ+تْ)</pron>
      <gram>[ع-اس-مذ-ج:ونه]</gram>
      <poem>عقوبت كاسه د ظلم نسكوريږي&lt;br/&gt;رسالګي د آزار غشے خطا هم&lt;br/&gt;(خواجه محمد)</poem>
      <meanings>
        <meaning>سزا- عذاب- سرزنش.</meaning>
        <meaning>په پښتو كښې-آخر- انجام ته وايي. يعنې د عاقبت په ځائے استعماليږي.</meaning>
      </meanings>
    </int>
  </entry>
<entry><word>عقود</word><int><pron>(عُ+قُو+دْ)</pron><gram/><poem/><meanings><meaning>د ((عقد)) جمع ده.</meaning></meanings></int></entry><entry><word>عقول</word><int><pron>(عُ+قُو+لْ)</pron><gram>[ع-اس-ج]</gram><poem></poem><meanings><meaning>د عقل جمع ده- عقلونه.</meaning></meanings></int></entry></words>
