<?xml version="1.0" encoding="UTF-8"?>
<words>
  <entry>
    <word>عيادت</word>
    <int>
      <pron>(عِ+يا+دَ+تْ)</pron>
      <gram>[ع-اس-مذ-ج:ونه]</gram>
      <poem/>
      <meanings>
        <meaning>د ناجوړه سړي تپوس- پوښتنه- بيمار پرسي.</meaning>
      </meanings>
    </int>
  </entry>
<entry><word>عيادت كول</word><int><pron/><gram/><poem/><meanings><meaning>د بيمار تپوس كول- د ناروغه كس حال احوال معلومول- پوښتنه كول.</meaning></meanings></int></entry><entry><word>عياذاً بالله</word><int><pron>(عِ+يا+ذَ+نْ+بِ+لْ+لا+ه)</pron><gram>[ع-جمله]</gram><poem/><meanings><meaning>د الله پاك پناه- د خدائے پناه ځنې غواړم- يا خدائے چې دې ترې وساتي.</meaning></meanings></int></entry><entry><word>عيار</word><int><pron>(عِ+يا+رْ)</pron><gram>[ع-اس-مذ]</gram><poem/><meanings><meaning>زركاڼے- هغه كاڼے چې زر پرې ومږي- نو نخښې پرې جوړې شي- د دغې نه د زرو كره كوټه معلوم شي.</meaning><meaning>د سرو او سپينو زرو د تللو وړه تله- كنډه.</meaning></meanings></int><int><pron>(عَ+ىْ+يا+رْ)</pron><gram>[ع-اس-مذ-ج:ان-(مو):ه]</gram><poem/><meanings><meaning>چالاك- مكاري- هوښيار- دوكه مار.</meaning></meanings></int></entry><entry><word>عياري</word><int><pron>(عَ+ىْ+يا+رِي)</pron><gram>[عف تر-اس-مو]</gram><poem/><meanings><meaning>چالاكي- مكاري- دوكه ماري- فن فرېب.</meaning></meanings></int></entry><entry><word>عياش</word><int><pron>(عَ+ىْ+يا+شْ)</pron><gram>[ع-صف-مذ-مو:ه]</gram><poem/><meanings><meaning>عېش كونكے- ډېر عيش كونكے- په ښه شان سره ژوند تېرونكے.</meaning><meaning>بد چلنده- شرابي- رنډي باز- تماش بين- شهوت پرست- فضول خرچه.</meaning></meanings></int></entry><entry><word>عياشي</word><int><pron>(عَ+ىْ+يا+شي)</pron><gram>[عف تر-اس-مو]</gram><poem/><meanings><meaning>عېش عشرت كول- ډېر ښه ژوند تېرول.</meaning><meaning>بد چلنديي- شرابي توب- رنډي بازي- تماش بيني- شهوت پرستي- فضول خرچي- په خرابو كارونو دولت الوځونه.</meaning></meanings></int></entry><entry><word>عياشي كول</word><int><pron/><gram/><poem/><meanings><meaning>په عيش سر ژوند تېرول.</meaning><meaning>تماش بيني كول. رنډي بازي كول- شراب كباب كول- فضول خرڅونه كول- په خرابو كارونو دولت الوځول.</meaning></meanings></int></entry><entry><word>عيال</word><int><pron>(عِ+يا+لْ)</pron><gram>[ع-اس-جم]</gram><poem>ګوره څه چارې يې وكړې&lt;br/&gt;په عيال د خپل پدر&lt;br/&gt;(رحمان بابا)</poem><meanings><meaning>بال بچ- ښځه او بچي- متعلقه خلق.</meaning></meanings></int></entry><entry><word>عيان</word><int><pron>(عَ+يا+نْ)</pron><gram>[ف-صف-مذ-مو:ه]</gram><poem/><meanings><meaning>په سترګو ليدل يا كتل- مجازاً ظاهر څرګند- ښكاره.</meaning></meanings></int></entry><entry><word>عيان كول</word><int><pron/><gram/><poem/><meanings><meaning>څرګندول- ښكاره كول- ظاهرول.</meaning></meanings></int></entry><entry><word>عيان كېدل</word><int><pron></pron><gram></gram><poem></poem><meanings><meaning>ښكاره كېدل- څرګندېدل- ظاهرېدل.</meaning></meanings></int></entry></words>
