<?xml version="1.0" encoding="UTF-8"?>
<words>
  <entry>
    <word>عاتكه</word>
    <int>
      <pron>(عا+تِ+كَ)</pron>
      <gram>[ع-اس=مع]</gram>
      <poem/>
      <meanings>
        <meaning>د عربو زنانه ؤ يو مشهور نوم دے- د حضور پاك (ص)  په نياګانو كښې د نهو ښځو نوم وو.</meaning>
        <meaning>يوه صحابيه چې د هجرت نه يې اګاهو اسلام قبول كړے وو. بې كچه ډېره ښېسته وه- ځنو صحابيانو سره يې ديو بل نه وروستو نكاح شوې وه.</meaning>
        <meaning>د پښتنو زنانه ؤ نوم.</meaning>
      </meanings>
    </int>
  </entry>
<entry><word>عاتقه</word><int><pron>(عا+تِ+قَ)</pron><gram>[ع-اس-مؤ-ج-قے]</gram><poem/><meanings><meaning>پېغله.</meaning><meaning>هغه جينۍ چې بغير د وادۀ نه ډېر (زوړ)  عمر ته ورسي.</meaning><meaning>د ”عاتق“ تانيث دے.</meaning></meanings></int></entry><entry><word>عاتق</word><int><pron>(عا+تِ+قْ)</pron><gram>[ع-اس-مذ-ج-ان]</gram><poem></poem><meanings><meaning>ازادوونكے</meaning><meaning>پېغله- هغه ښځه چې تر زاړۀ عمره وادۀ ونه كړي- په پښتو كښې د نريد تانيث دپاره ورسره (ه) هم لګولے شي.</meaning><meaning>زوړ- د زړې زمانې.</meaning></meanings></int></entry></words>
