<?xml version="1.0" encoding="UTF-8"?>
<words>
  <entry>
    <word>عبث</word>
    <int>
      <pron>(عَ+بَ+ثْ)</pron>
      <gram>[ع- صف-مذ-مؤ: عبثه]</gram>
      <poem/>
      <meanings>
        <meaning>بې فائدې- بېهوده- فضوله- بېكاره.</meaning>
        <meaning>توې- ضائع.</meaning>
        <meaning>ناحق- بې وجهې- برناحقه.</meaning>
      </meanings>
    </int>
  </entry>
<entry><word>عبث ځان كړول</word><int><pron/><gram/><poem/><meanings><meaning>بې فائدې خواري كول- لا حاصله زيار كښل.</meaning></meanings></int></entry><entry><word>عبث كار</word><int><pron>(— +كا_رْ)</pron><gram>[عپ تر-اس-مذ-ج: كارونه]</gram><poem/><meanings><meaning>بې فائدې كار- خوشې كار- فضول كار.</meaning></meanings></int></entry><entry><word>عبث كارونه كول</word><int><pron/><gram/><poem/><meanings><meaning>بې فائدې كار يا كارونه كول- خوشې كار- كارونه كول.</meaning></meanings></int></entry><entry><word>عبث كول</word><int><pron/><gram/><poem/><meanings><meaning>ضائع كول- بربادؤل- توے كول.</meaning></meanings></int></entry><entry><word>عبث كېدل</word><int><pron/><gram/><poem/><meanings><meaning>ضائع كېدل- برباد كېدل- بې فائدې تلل.</meaning></meanings></int></entry><entry><word>عبث خبرې</word><int><pron>(— +خَ+ب+رې)</pron><gram/><poem/><meanings><meaning>فضولې خبرې- بې فائدې يا بې مطلبه خبرې- كاواكې خبرې.</meaning></meanings></int></entry><entry><word>عبث تلل</word><int><pron/><gram>(مص تر)</gram><poem/><meanings><meaning>عبث كېدل- ضائع كېدل- بې فائدې صرف كېدل لكه: ټول زيار مې عبث لاړ.</meaning></meanings></int></entry><entry><word>عبثېدل</word><int><pron>(عَ+بَ+ثِې+دِ+لْ)</pron><gram>[مصل لا]</gram><poem/><meanings><meaning>عبث كېدل- ضائع كېدل.</meaning></meanings></int></entry><entry><word>عبثول</word><int><pron>(عَ+بَ+ثَ+وُ+لْ)</pron><gram>[مص مت]</gram><poem></poem><meanings><meaning>عبث كول- ضائع كول- بربادؤل- بې ځايه لګول.</meaning></meanings></int></entry></words>
