<?xml version="1.0" encoding="UTF-8"?>
<words>
  <entry>
    <word>عذر</word>
    <int>
      <pron>(عُ+ذُ+رْ)</pron>
      <gram>[ع-اس-مذ-ج:ونه]</gram>
      <poem/>
      <meanings>
        <meaning>بهانه- بانه- حيله- پلمه.</meaning>
        <meaning>معذرت- معافي.</meaning>
        <meaning>لاچاري- مجبوري.</meaning>
        <meaning>تعزيت- په غم يا ماتم كښې شرېكېدنه.</meaning>
      </meanings>
    </int>
  </entry>
<entry><word>عذر بانه</word><int><pron>(—+با+نَ)</pron><gram>[عپ تر-اس-مو-ج:نې]</gram><poem/><meanings><meaning>حجت يا بهانه- انه بانه.</meaning></meanings></int></entry><entry><word>عذر پېش كول</word><int><pron/><gram/><poem/><meanings><meaning>خپل دليل يا حجت وړاندې كول.</meaning><meaning>خپله معذوري وړاندې كول- خپله مجبوري څرګندول.</meaning></meanings></int></entry><entry><word>عذر جوړېدل</word><int><pron/><gram/><poem>مري دې نه كړجن د ښوري&lt;br/&gt;زما به عذر پورې جوړي&lt;br/&gt;(غاړه)</poem><meanings><meaning>بانه جوړېدل- حيله په لاس راتلل.</meaning></meanings></int></entry><entry><word>عذر خواه</word><int><pron>(—+خ+وا+(ه))</pron><gram>[عف تر-اس-مذ-ج:ان]</gram><poem/><meanings><meaning>عذر غوښتونكے- عذر وړاندې كوونكے- معذرت كوونكے- معافي غوښتونكے.</meaning><meaning>د مړي په غم كښې شريكېدونكے.</meaning><meaning>خپله معذروي يا مجبوري څرګندونكے.</meaning></meanings></int></entry><entry><word>عذر خواهي</word><int><pron>(—+خ+وا+هِي)</pron><gram>[عپ تر-اس-مو]</gram><poem/><meanings><meaning>عذر غوښتنه- عذر وړاندې كونه- خپله مجبوري ښودنه.</meaning></meanings></int></entry><entry><word>عذر خواهي كول</word><int><pron/><gram/><poem/><meanings><meaning>عذر وړاندې كول- معذرت كول- خپله معذوري ښكاره كول- خپله مجبوري ښودل.</meaning><meaning>د مړي په غم كښې شريكېدل- عذر له تلل- ماتم پُرسي كول.</meaning></meanings></int></entry><entry><word>عذر داري</word><int><pron>(—+دا+رِي)</pron><gram>[عف تر- اس-مو]</gram><poem/><meanings><meaning>عذرلرنه- اعتراض- دعوىٰ-حجت- دليل.</meaning></meanings></int></entry><entry><word>عذر راوړل</word><int><pron/><gram/><poem/><meanings><meaning>(مص تر)- عذر وړاندې كول- خپله معذورتيا څرګندول.</meaning></meanings></int></entry><entry><word>عذر غوښتل</word><int><pron/><gram/><poem/><meanings><meaning>(مص تر)- حجت غوښتل- دليل غوښتل.</meaning></meanings></int></entry><entry><word>عذر قبلول</word><int><pron/><gram/><poem/><meanings><meaning>د چا معذرت صحيح ګڼل- مجبوري يا معذرت منل- دليل يا بهانه صحيح تسلمول.</meaning></meanings></int></entry><entry><word>عذر كول</word><int><pron/><gram/><poem/><meanings><meaning>معذرت كول- معافي غوښتل.</meaning><meaning>د مړي په غم كښې شريكېدل- د مړي دپاره په دعا كښې شريكېدل- لاس پورته كول</meaning><meaning>د مېلمه وغېره خدمت كول- افشار په كول باندې) دخدمت نه پس مېلمه رخصتول.</meaning></meanings></int></entry><entry><word>عذر له تلل</word><int><pron/><gram/><poem/><meanings><meaning>د چا په مرګ د غمرازۍ دپاره تلل.</meaning></meanings></int></entry><entry><word>عذر معذرت</word><int><pron>(—+مَ(غ)+ذِ+را+تْ)</pron><gram>[عف تر-اس-مذ]</gram><poem/><meanings><meaning>دواړه لفظونه تقريباً هم معنٰى دي. دوېم لفظ د تاكيد دپاره راځي. عذر وړاندې كونه- معافي غوښتنه- خپله معذوري او مجبوري څرګندونه.</meaning></meanings></int></entry><entry><word>عذر مند</word><int><pron>(—+مُ+نْ+د)</pron><gram/><poem/><meanings><meaning/></meanings></int></entry><entry><word>عذر من</word><int><pron>(—+مَ+نْ)</pron><gram>[عپ تر-صف-مذ-مؤ:ه]</gram><poem/><meanings><meaning>عذرلرونكے- معذوره مجبوره.</meaning></meanings></int></entry><entry><word>عذر وړاندې كول</word><int><pron/><gram/><poem/><meanings><meaning>و_________ عذر پېش كول.</meaning></meanings></int></entry><entry><word>عذراء</word><int><pron>(عَ+ذْ+را)</pron><gram>[ع-اس-مو-ج:ګانې]</gram><poem>كه تۀ لكه عذرا يې&lt;br/&gt;زۀ هم كم تر وامق نۀ يم</poem><meanings><meaning>پېغله- ځوانه جينۍ.</meaning><meaning>(اس مع) د يو عشقي رومان هيروئنه- دوامق معشوقه.</meaning><meaning>حضرت فاطمه الزهراؓ ته وايي.</meaning><meaning>د مسلمانانو ښځو نوم.</meaning><meaning>ښكاره- څرګند- صفا.</meaning></meanings></int></entry></words>
