<?xml version="1.0" encoding="UTF-8"?>
<words>
  <entry>
    <word>عرق</word>
    <int>
      <pron>(عَ+رَ+قْ)</pron>
      <gram>[ع-اس-مذ]</gram>
      <poem>چې د مښكو بوئ يې هېڅ وو تر عرَق (خوشحال)</poem>
      <meanings>
        <meaning>خوله- خوپله- خوي.</meaning>
        <meaning>هغه اوبۀ چې د مېوو يا ګلونو نه په نچوړولو يا د بړاس په ذريعه اېستے شي.</meaning>
      </meanings>
    </int>
  <int><pron>(عِ+رْ+قْ)</pron><gram>[ع-اس-مذ]</gram><poem/><meanings><meaning>رګ- ريشه.</meaning></meanings></int></entry>
<entry><word>عرق آلود</word><int><pron>(—+آ+لُو+دْ)</pron><gram>[عف تر-صف مذ-مؤ:ه]</gram><poem/><meanings><meaning>په خولو لوند- د خولو ډك- خولې شوې- چې خولې (په مخ وغېره) را برسېره شوې وي.</meaning></meanings></int></entry><entry><word>عرق آور</word><int><pron>(—+آ+ؤ+رْ)</pron><gram>[عف تر-صف]</gram><poem/><meanings><meaning>خوله راوستونكې دوايي.</meaning></meanings></int></entry><entry><word>عرق النساء</word><int><pron>(—+قُ+نْ+نِ+سا)</pron><gram>[ع تر-اس-مذ]</gram><poem/><meanings><meaning>اصلاً دا د يو رګ نوم دے، چې د كوناټو نه واخلې د زنګانه تر سترګې پورې وي- خو عموماً يو مرض ته وايي- چې پكښې د پښې په پلۀ كښې سخت دړد پېدا كېږي.</meaning></meanings></int></entry><entry><word>عرقي</word><int><pron>(عَ+رَ+قِي)</pron><gram>[عف تر-صف]</gram><poem></poem><meanings><meaning>عرق (خوله) سره تعلق لرونكے. د خولې-لكه: عرقي غده.</meaning></meanings></int></entry></words>
