<?xml version="1.0" encoding="UTF-8"?>
<words>
  <entry>
    <word>عُجب</word>
    <int>
      <pron>(عُ+جُ+بْ)</pron>
      <gram>[ع-اس-مذ]</gram>
      <poem/>
      <meanings>
        <meaning>تكبر- لوئي- غرور- وياړ- فخر- وياړنه- تاټ.</meaning>
      </meanings>
    </int>
  </entry>
<entry><word>عُجب كول</word><int><pron></pron><gram></gram><poem>تر عاصي نه لا بتر هغه عابد دے&lt;br/&gt;چې په خپل طاعت به عجب يا به ناز كا&lt;br/&gt;(خوشحال)</poem><meanings><meaning>غروركول- لويي كول- كبر كول- فخر كول- وياړكول. تاټ كول- وياړل.</meaning></meanings></int></entry></words>
