<?xml version="1.0" encoding="UTF-8"?>
<words>
  <entry>
    <word>عود</word>
    <int>
      <pron>(عُو+دْ)</pron>
      <gram>[ع-اس-مذ]</gram>
      <poem>څو پسند نۀ شي په اور كښې&lt;br/&gt;نۀ وي خوند د بوي د عود&lt;br/&gt;(رحمان بابا)</poem>
      <meanings>
        <meaning>يو خوشبو دار لرګے چې په اور د سوزېدو سره خپله خوشبو پرېږدي- دا په هند او چين كښې پېدا كېږي.</meaning>
        <meaning>بربط- د عرپو يو ساز- وايي چې د عربي عود اصلي رېښه پښتني رباب دے.</meaning>
      </meanings>
    </int>
  </entry>
<entry><word>عودي</word><int><pron>(عُو+دِي)</pron><gram>[عف تر-صف]</gram><poem></poem><meanings><meaning>د ((عود)) په شان رنګ لرونكے- تور (په پښتو كښې ((اودي)) جدا رنګ دے. عودي سره تعلق نۀ لري.</meaning></meanings></int></entry></words>
