<?xml version="1.0" encoding="UTF-8"?>
<words>
  <entry>
    <word>علف</word>
    <int>
      <pron>(عَ+لَ+فْ)</pron>
      <gram>[ع-اس-مذ-ج: ونه]</gram>
      <poem/>
      <meanings>
        <meaning>ګياه- واښۀ- چاره (د حيواناتو)</meaning>
      </meanings>
    </int>
  </entry>
<entry><word>علف چر</word><int><pron>(چَ+رْ)</pron><gram>[عپ تر-صف-مذ-مو:ه]</gram><poem/><meanings><meaning>په ګياه يا په شنه څرېدونكي ځناور- علف خوار- علق خور.</meaning><meaning>مرغزار- چراګاه.</meaning></meanings></int></entry><entry><word>علف خور</word><int><pron>(—+خُو+رْ)</pron><gram>[عپ تر-صف-مذ-مو:ه]</gram><poem/><meanings><meaning>ګياه خوړونكے- د حيواناتو هغه قسم كوم چې په ګياه پايي- (غوښه وغېره نۀ خوري).</meaning></meanings></int></entry><entry><word>علف زار</word><int><pron>(—+زا+رْ)</pron><gram>[عف تر-اس-مذ-ج:ونه]</gram><poem/><meanings><meaning>هغه ځائے چې واښۀ پكښې ډېر پېدا كېږي- ورشو- واښياڼه- سبزه دار.</meaning></meanings></int></entry><entry><word>علف نغړول</word><int><pron/><gram/><poem>و حلالو و حرامو ته نظر كړه&lt;br/&gt;سعره نغاړے د چارپائے په دود علف&lt;br/&gt;(خ م ب)</poem><meanings><meaning>واښۀ يا ګياه لواړ لواړ تېرول.</meaning><meaning/></meanings></int></entry><entry><word>علفي</word><int><pron>(عَ+لَ+فِي)</pron><gram>[عف-تر-صف]</gram><poem></poem><meanings><meaning>علف سره تعلق لرونكے- ګياه سره تړون لرونكے- ګياه يا شنې ته منسوب- وښوواله- ګياه واله.</meaning></meanings></int></entry></words>
