<?xml version="1.0" encoding="UTF-8"?>
<words>
  <entry>
    <word>عمل</word>
    <int>
      <pron>(عَ+مَ+لْ)</pron>
      <gram>[ع-اس-مذ-ج:ونه]</gram>
      <poem/>
      <meanings>
        <meaning>كار- فعل.</meaning>
        <meaning>كاروايي- تعميل.</meaning>
        <meaning>عادت- معمول.</meaning>
        <meaning>جادو- منتر- ټونه.</meaning>
        <meaning>اثر- تاثير</meaning>
        <meaning>نشه- د نشې اثر- يا نشه كونه.</meaning>
        <meaning>وخت- مال.</meaning>
      </meanings>
    </int>
  </entry>
<entry><word>عمل دار</word><int><pron>(—+دا+رْ)</pron><gram>[عف تر-اس-مذ-ج:ان]</gram><poem/><meanings><meaning>عمل لرونكے- اختيار مند- حاكم- عامل- د حكومت د طرفه مقرر شوے يو افسر. (نن صبا يې استعمال نشته).</meaning></meanings></int></entry><entry><word>عمل داري</word><int><pron>(—+دا+رِي)</pron><gram>[عف تر-اس-مو]</gram><poem/><meanings><meaning>عمل لرنه- اختيار لرنه- حكومت- حاكمي.</meaning><meaning>ولقه- علاقه- د حكم د لاندې خاص علاقه- رياست.</meaning></meanings></int></entry><entry><word>عمل دخل</word><int><pron>(—+دَ+خْ+لْ)</pron><gram>[عف تر-اس-مذ]</gram><poem/><meanings><meaning>اختيار- حكومت- قبضه.</meaning></meanings></int></entry><entry><word>عمل دخل لرل</word><int><pron/><gram/><poem/><meanings><meaning>اختيارلرل- په كوم كار يا ځائے كښې اختيار يا اثر لرل- قبضه لرل- حكم چلېدل.</meaning></meanings></int></entry><entry><word>عمل كول</word><int><pron/><gram/><poem/><meanings><meaning>د وېنا وغېره مطابق كار كول- كار كول- په عمل كښې راوستل.</meaning><meaning>اثر كول.</meaning></meanings></int></entry><entry><word>عملي</word><int><pron>(عَ+مَ+لِي)</pron><gram>[عپ- تر-اس-مذ-ج:ان]</gram><poem/><meanings><meaning>عمل كونكے- مجازاً نشته كونكے- نشه باز- نشه يي- چرس- بنګ وغېره څښونكے.</meaning><meaning>په عمل كښې راتلونكے- په عمل كښې د راتلو وړ په تجربه كښې راتلونكے- (د نظر يې يا د كتابي لوستې په مقابله كښې پرېكټيكل (انګ)</meaning></meanings></int></entry><entry><word>عملي سائينس</word><int><pron>(—+سا+ئي+نْ+س)</pron><gram/><poem/><meanings><meaning>په تجربو سره زده كولے شي. د كتابي علم په مقابله كښې- پرېكټيكل سائينس</meaning></meanings></int></entry><entry><word>عملي كول</word><int><pron/><gram/><poem/><meanings><meaning>په عمل سره (څه كار) كول- مشق كول.</meaning></meanings></int></entry><entry><word>عملي كېدل</word><int><pron/><gram/><poem/><meanings><meaning>(څۀ كار) په عمل سره كول يا سرته رسول- مشق كول.</meaning></meanings></int></entry><entry><word>عملي كېدۀ</word><int><pron>(—+كې+دْ+ۀ)</pron><gram/><poem/><meanings><meaning>په عمل كښې راتلۀ- عملي صورت اختيارونه</meaning></meanings></int></entry><entry><word>عمليت</word><int><pron>(عَ+مَ+لِي+ىَ+تْ)</pron><gram>[اس-مذ]</gram><poem/><meanings><meaning>عمل- عمليه.</meaning></meanings></int></entry><entry><word>عمليات</word><int><pron>(عَ+مْ+لِ+يا+تْ)</pron><gram>[عف تر-ج]</gram><poem/><meanings><meaning>د (عمل) جمع ده. مجازاً د جادو منتر كارونه- ټوڼې ټانې- تعويذونه وغېره ليكل.</meaning></meanings></int></entry><entry><word>عملياتو</word><int><pron>(عَ+مَ+لِي+يا+تو)</pron><gram/><poem/><meanings><meaning>د (عملياتو) اضافي او مجروري وغېره شكل دے.</meaning></meanings></int></entry><entry><word>عملياتي</word><int><pron>(عَ+مَ+لْ+لي+يا+تي)</pron><gram>[عف تر-صف]</gram><poem></poem><meanings><meaning>هغه كار وغېره چې عملياتو سره تعلق لري- د عملياتو.</meaning></meanings></int></entry></words>
