<?xml version="1.0" encoding="UTF-8"?>
<words>
  <entry>
    <word>عمثاني خېل</word>
    <int>
      <pron>(عُ+ثْ+ما+نِي+خېل)</pron>
      <gram>[اس-مع]</gram>
      <poem></poem>
      <meanings>
        <meaning>د برراڼي زئيو ښاخ دے- چې اكوزي- يوسفزي دي. بيا د عثماني خېلو څانګې دادي: عزيزخېل- لُنده خېل او وره خېل په بله شجره كښې دوړ خېل ليكلي شوي دي.</meaning>
      </meanings>
    </int>
  </entry>
</words>
