<?xml version="1.0" encoding="UTF-8"?>
<words>
  <entry>
    <word>عهد عتيق</word>
    <int>
      <pron>(عَ+هْ+دِ+—)</pron>
      <gram>[عف تر-اس-مذ]</gram>
      <poem/>
      <meanings>
        <meaning>زړه زمان- پخوانۍ زمانه.</meaning>
      </meanings>
    </int>
  <int><pron>(—+عَ+تِي+قْ)</pron><gram/><poem/><meanings><meaning/></meanings></int></entry>
<entry><word>عهد نامۀ عتيق</word><int><pron>(عَ+هـْ+دْ+نا+مَ+يې+—)</pron><gram>[اس-مع]</gram><poem/><meanings><meaning>پخوانۍ عهدنامه- زړه عهدنامه- د عيسائيانو د مذهبي كتاب ((بائيبل)) دوه برخې دي. په دې كښې اولنۍ برخې ته عهد نامه عتيق يا عهد نامه قديم وايي. په دې كښې تورات او د نورو پېغمبرانو د عيسى عليه السلام ته پخوا تېر شوي دي- صحائف دي. په دوېمه برخه يې عهد نامه جديد نوميږي- په دې كښې څلور انجيلونه او ځنې نور څيزونه شامل دي.</meaning></meanings></int></entry><entry><word>عهد</word><int><pron>(عَ+هـْ+دْ)</pron><gram>[ع-اس-مذ-ج:ونه]</gram><poem/><meanings><meaning>زمانه- وخت.</meaning><meaning>قول- اقرار- لوظ.</meaning></meanings></int></entry><entry><word>عهد نامه</word><int><pron>(—+نا+مَ)</pron><gram>[عف-تر-اس-مو-ج:ې]</gram><poem/><meanings><meaning>هغه كاغذ چې د كومې معاملې په حقله لوظ قول شرطونه ليكلي شوي وي او د دواړو اړخونو متعلقه كسانو پرې دستخطونه كړي وي- ليكلے شوې لوظ نامه.</meaning></meanings></int></entry><entry><word>عهد قديم</word><int><pron>(—+ق+دِي+مْ)</pron><gram>[عف تر-اس-مع]</gram><poem/><meanings><meaning>د بائيبل هغه برخه چې پكښې تورات او د نورو پخوانو پېغمبرانو صحيفې شاملي دي. (يهوديان فقط دا برخه مني) (بلې برخې ته عهد نامه جديد وايي- چې پكښې څلور انجيلونه او څه نور ليكونه دي- عيسايان دواړه برخې مني)</meaning></meanings></int></entry><entry><word>عهد كول</word><int><pron/><gram/><poem/><meanings><meaning>وعده كول- قول اقرار كول- لوظ كول- ژبه كول.</meaning></meanings></int></entry><entry><word>عهد كول د ځان سره</word><int><pron/><gram/><poem/><meanings><meaning>خپل ځان سره قول اقرار كول. په زړۀ كښې پوخ عهد يا نيت كول- پخه اراده كول.</meaning></meanings></int></entry><entry><word>عهد ماتول</word><int><pron/><gram/><poem/><meanings><meaning>قول اقرار ماتول- لوظ قول ماتول- بې وعدې كېدل- بې ژبې كېدل.</meaning></meanings></int></entry><entry><word>عهده</word><int><pron>(عَ+هـَ+دَ)</pron><gram>[ع-اس-مو-ج:دې]</gram><poem/><meanings><meaning>مرتبه- منصب- سركاري منصب.</meaning><meaning>ذمه- ذمه داري.</meaning></meanings></int></entry><entry><word>عهده دار</word><int><pron>(—+دا+رْ)</pron><gram>[عف تر-اس-مذ-ج:ان- (مو):ه]</gram><poem></poem><meanings><meaning>عهده لرونكے- د منصب خاوند- افسر.</meaning></meanings></int></entry></words>
