<?xml version="1.0" encoding="UTF-8"?>
<words>
  <entry>
    <word>عبد</word>
    <int>
      <pron>(عَ+بْ+دْ)</pron>
      <gram>[سابقه]</gram>
      <poem/>
      <meanings>
        <meaning>بنده- غلام- مرئے- د سابقې په طور د مسلمانانو په نومونو كښې راځي. دې سابقې سره بل لفظ د الله پاك په نومونو كښې راوستے شي. لكه: عبدالله، عبدالرحمٰن او داسې نور. (عوام ځنې وخت د دې لفظ تلفظ ”اَوُدَ“ هم كوي لكه: (اَوْدَلْ صَ مَ دې) بلكه ځنې وخت دا نور هم مختصر كړي. يعنې (اَدْ-) ترې جوړ كړي لكه: (اَدْلْ ص+مَ+دْ)  خو د دې قسم تلفظ اګر چې په عوامو كښې عام دے- خو درست نۀ دے. د عوامو او د جټانو لهجه ده.</meaning>
      </meanings>
    </int>
  </entry>
<entry><word>عبدالدنيا</word><int><pron>(— +دُ+دْ+دُ+نْ+يا)</pron><gram>[ع تر- اس-مذ]</gram><poem/><meanings><meaning>د دنيا بنده- هغه كس چې د دنيا د ګټو او فائدو په كار كښې بوخت وي. او دين ته يې شا كړي وي- دنيادار- د دنيا طالب.</meaning></meanings></int></entry><entry><word>عبدالزوجه</word><int><pron>(— (دُ+زْ) زو+جَ)</pron><gram>[ع تر- اس-مذ]</gram><poem>څوك سدو غوندې نامرد عبدالزوجه شي&lt;br/&gt;په تنګسه له خپله پلاره شي وېزار&lt;br/&gt;(خوشحال)</poem><meanings><meaning>د ښځې بنده- د ښځې مريد- هغه كس چې په هره خبره كښې د ښځې وېنا مني. په ښځه كمرزورے خاوند.</meaning></meanings></int></entry><entry><word>عبدالشهوت</word><int><pron>(— (دُ+شْ)+ش+هْ+وَ+تْ)</pron><gram>[ع تر- اس-مذ]</gram><poem/><meanings><meaning>د شهوت بنده- هغه كس چې په نفساتي خواهشونو كښې داسې بوخت شي، چې دين دنيا ترې هېره شي. ډېر شهوتي او د ښځو خوښوونكے سړے.</meaning></meanings></int></entry><entry><word>عبدالجبار شاه</word><int><pron>(اس-مع)</pron><gram/><poem/><meanings><meaning>د سوات آخري والي- هركله چې رياست په پاكستان كښې شامل كړے شۀ، نو د والي صاحب حكمراني ختمه شوه- ددۀ د حسن انتظام- د رياست د ترقۍ او د امن امان اوس هم تعريفونه كېږي.</meaning></meanings></int></entry><entry><word>عبدالرحمان خېل</word><int><pron>(عَ+بْ+دُ+رْ+رَ+حْ+ما+نْ+خېل)</pron><gram>[اس-مع]</gram><poem/><meanings><meaning>د شېر خېلو څانګه ده. (شېرخېل-هېبت خېل-ناناخېل-بهلول زي محسود دي.</meaning></meanings></int><int><pron/><gram>[اس-مع]</gram><poem/><meanings><meaning>(د دغه) د محمدخېلو څانګه ده. محمد خېل- ملخ (ملي زاد) دوړ دي.</meaning></meanings></int><int><pron/><gram>[اس-مع]</gram><poem/><meanings><meaning>(د دغه)- د ناناخېلو څانګه ده. بهلول زے محسود دي. بيا د عبدالرحمان خېلو څانګې دادي: پير داد خېل او ميرداد خېل.</meaning></meanings></int><int><pron/><gram>[اس-مع]</gram><poem/><meanings><meaning>د موسٰٰى خېلو څانګه ده. موسٰى خېل- ماموزئ (شكرزئ) اوركزي دي.</meaning></meanings></int><int><pron/><gram>[اس-مع]</gram><poem/><meanings><meaning>(د دغه)- د ايدرخېلو څانګه ده. ايدر خېل- علي خېل- اتمان خېل- دروېش خېل وزير دي.</meaning></meanings></int><int><pron/><gram>[اس-مع]</gram><poem/><meanings><meaning>(د دغه)- د بازيد خېلو څانګه ده. بازيد خېل- شېخان- د اوركزيو همسايه قبيله ده.</meaning></meanings></int></entry><entry><word>عبدالرحمان زڤ</word><int><pron>(عَ+بْ+دُ+رَ+حْ+ما+نْ+زَ+ے)</pron><gram>[اس-مع]</gram><poem/><meanings><meaning>د پاريزنو څانګه ده- سنزرخېل كاكړ دي.</meaning></meanings></int></entry><entry><word>عبدالرحيم خېل</word><int><pron>(عَ+بْ+دُ+رْ+رَ+حي+مْ+خېل)</pron><gram>[اس-مع]</gram><poem/><meanings><meaning>د بابر خېلو- شوديي خېل- احمدزيي- دروېش خېل وزير دي.</meaning></meanings></int><int><pron>(عَ+بْ+دُ+رْ+رَ+حِي+م+خېل)</pron><gram>[اس-مع]</gram><poem/><meanings><meaning>د لنډي خېلو څانګه ده. لنډي خېل- سپاه افريدي دي.</meaning></meanings></int><int><pron/><gram/><poem/><meanings><meaning>د ميرزئيو څانګه ده. ميرزيي- علي زيي- سنزخېل كاكړ دي. عام طور سره دې قبيلې ته ((رحيم خېل)) وايي.</meaning></meanings></int></entry><entry><word>عبدالرحيم هوتك</word><int><pron/><gram>[اس-مع]</gram><poem/><meanings><meaning>د پښتو شاعر او عالم اصلاً د بولان اوسېدونكے وو. قندهار ته راغے- بيا په 1150 هـ كښې له هغه ځايه روان شۀ پنځوس كاله يې په بخارا، سمرقند او نېشاپور وغېره ځايونو كښې تېر كړل.</meaning></meanings></int></entry><entry><word>عبدالرشيد اخون</word><int><pron>[اس-مع]</pron><gram/><poem/><meanings><meaning>د ملتان د پښتنو څخه وو. د پلار نوم يې سلطان حسين وو. د ملتان نه سنګرګوټ ته راغے. ډېر ښۀ شاعر وو. په 1129هـ كښې رشيدالبيان نومې ديني كتاب يې وليكۀ، چې د درستې پښتو نخواه زنانه په كورني درس كښې اول همدغه كتاب لولي.</meaning></meanings></int></entry><entry><word>عبدالرحيم زئي</word><int><pron>(عَ+بْ+دُ+رْ+رَ+حِي+مْ+زَ+يْ)</pron><gram>[اس-مع]</gram><poem/><meanings><meaning>د مهتر زيو څانګه ده- مهترزيي- هارون خېل (سناټيا) كاكړ دي.</meaning></meanings></int></entry><entry><word>عبدالصمد اڅكزڤ</word><int><pron>(اس-مع)</pron><gram/><poem/><meanings><meaning>د بلوچستان دسيمې په ګلستان كښې وزېد- د پېرنګيانو خلاف يې سياسي تحريكونو كښې ټنيګه برخه واخسته او درست عمر يې د قام او ملك په خدمت كښې تېر كړو- په پښتو ژبه ډېر مئين وو.</meaning></meanings></int></entry><entry><word>عبدالعزيز خېل</word><int><pron>(عَ+بْ+دُ+لْ+عَ+زِي+زْ+خېل)</pron><gram>[اس-مع]</gram><poem/><meanings><meaning>دادمحمد (خېلو) اوركزيو څانګه ده. بيا ددې ښكته څانګې دادي: باراك دام او قدم خېل.</meaning></meanings></int></entry><entry><word>عبدالعظيم راڼي زڤ</word><int><pron/><gram/><poem/><meanings><meaning>پښتون عالم او شاعر- اصلاً د سوات وو- د پېښور خوا كښې برتهكال نومي كلي ته راغے- دلته استوګن شۀ او ديني درس يې وركاوه- كلام يې هم صوفيانه دے- په 1167هـ كښې زېږېدلے او په 1253هـ كښې وفات شوے دے.</meaning></meanings></int></entry><entry><word>عبدالعلي اخوندزاده</word><int><pron>[اس-مع]</pron><gram/><poem/><meanings><meaning>د يو اوچتې پايې شاعر او اديب- په كوټه (كوئټه) پشين او د كاكړ په علاقه كښې اوسېدۀ. په قام خالوزے كاكړ وو- څۀ وخت يې په قندهار كښې هم تېر كړے دے.</meaning></meanings></int></entry><entry><word>عبدالغفار خان</word><int><pron/><gram>(اس-مع)</gram><poem/><meanings><meaning>د پښتنو يو لوئے مشر- د پېرنګيانو خلاف تحريك كښې يې لويه برخه اخستې ده. د خدايي خدمتګار او سرخپوش تحريك باني او مشر وو. وروستو كانګريس كښې شامل شۀ- د پښتنو په بېدارولو او راپاسولو په لړ كښې يې ډېر زيات كار كړے دے. د پښتو ژبې ښۀ ليكوال او ښۀ مقرر وو. پښتنو ورته د باچاخان او فخرافغان لقبونه وركړي وو. 1890ء كښې د هشنغر په اتمانزي نومي كلي كښې زېږېدلے وو.</meaning></meanings></int></entry><entry><word>عبدالقادرؓ</word><int><pron>(عَ+بْ+دُ+لْ+قا+دِ+رْ)</pron><gram>[اس-مع]</gram><poem/><meanings><meaning>د مشهور ولي نوم- د مور او پلار دواړو د طرفه سيد وو. ډېر لوئے عالم- زدهد عبادت ګذار- متقي او پرهيزګار شخصيت ؤ. د دوي په ژوند كښې په زرګونو مريدان وو. دا سلسله تر اوسه جاري ده. او د دې سلسلې نوم (قادريه) اېښودے شوې ده. دوي په 471 هـ كښې پېدا شوي او په 562 هـ كښې په حق رسېدلي وو. په بغداد كښې يې مزار دے. په زرګونو خلق يې زيارت له ځي. د دوي مشهور تصنيف فتوح الغېب دے. د پېدائش د كلي جيلان په وجه دوي ته (جيلاني) وايي. عام خلق ورته پيران وايي. او پښتانۀ ورته (لوئے ځوان) وايي.</meaning></meanings></int></entry><entry><word>عبدالقادر خټك</word><int><pron/><gram>(اس-مع)</gram><poem/><meanings><meaning>د خوشحال خان خټك زوئے- يو لوړ شاعر او عالم- طبيعت يې تصوف ته مائل وو. په آخره كښې يې په نوښار كښې درس وركاوه. د يو اوچتې پايې ديوان نه علاوه نور يې هم ډېر كتابونه ليكلي دي، چې د يوسف خان زلېخې قيصه او د شېخ سعدي د ګلستان ترجمه پكښې د ډېر قدر وړ تصنيفونه دي. 1091 هـ كښې زېږېدلے ؤ. حديقۀ خټك يې په 1115 هـ كښې نظم كړے دے.</meaning></meanings></int></entry><entry><word>عبدالكريم خېل</word><int><pron>(عَ+بْ+دُ+لْ+كَ+رِي+مْ+خېل)</pron><gram>[اس-مع]</gram><poem/><meanings><meaning>د مهترزئيو څانګه ده. (مهترزي- هارون خېل- سناټيا كاكړ دي.</meaning></meanings></int></entry><entry><word>عبدالله</word><int><pron>(عَ+بْ+دُ+لْ+لا+هْ)</pron><gram>[اس-مع]</gram><poem/><meanings><meaning>د حضور پاك صلعم د والد نوم- د (عبدالله) په نامه د اسلام په تاريخ كښې ډېر ګڼ نوميالي كسان تېر شوي دي، چې دلته يې ذكر نه شي كېدے- ډېر زيات مشهور (مذهبي لحاظ سره) پكښې عبدالله ابن زبيرؓ- عبدالله ابن عباسؓ- عبدالله بن مسعودؓ وغېره دي.</meaning></meanings></int></entry><entry><word>عبدالله خېل</word><int><pron>(عَ+ب+دُ+لْ+لا+خېل)</pron><gram>[اس-مع]</gram><poem/><meanings><meaning>د پني يوه قبيله ده- (لا نورې د عبدالله خېلو څانګه ده).</meaning></meanings></int></entry><entry><word>عبدالله ئي</word><int><pron>(عَ+بْ+دُ+لْ+لا+ئي)</pron><gram>[اس-مع]</gram><poem/><meanings><meaning>د اېمال خېلو څانګه ده. (اېمل خېل- بهلول زئ محسود دي. د عبدالله ئي (عبدللئ يا عبدلي څانګې دادي: پنځه پلاره او لامي خېل.</meaning></meanings></int></entry><entry><word>عبدالله زئ</word><int><pron/><gram>(اس-مع)</gram><poem/><meanings><meaning>د سنزرخېل څانګه ده. سنزرخېل كاكړ دي. د عبدالله زئيو څانګې دادي: پاخيزے- بدين زے- چنے زے او ملي زے.</meaning></meanings></int><int><pron/><gram/><poem/><meanings><meaning>داغشي زئيو څانګه ده. اغشٰى زئى- اچګزئ (ابدال) ترين دي.</meaning></meanings></int></entry><entry><word>عبدالودود صاحبزاده</word><int><pron/><gram>(اس-مع)</gram><poem/><meanings><meaning>د سوات اولنے حكمران.</meaning></meanings></int></entry><entry><word>عبدل</word><int><pron>(اس-مع)</pron><gram/><poem/><meanings><meaning>د عبدالله (يا دبل كوم داسې نوم چې ((ال)) كښې يې د لام آواز په ښكاره وئيلے شي لكه: عبدالحق- عبدالحۍ وغېره مخفف دے.</meaning></meanings></int></entry><entry><word>عبدل خېل</word><int><pron>(عَ+بْ+دُ+لْ+خېل)</pron><gram>[اس-مع]</gram><poem/><meanings><meaning>ګنګي خېل- بومي-نصرئ- كالوخېل- احمد زي- دروېش خېل) وزير دي.</meaning></meanings></int><int><pron/><gram/><poem/><meanings><meaning>دقاسم خېلو څانګه ده- قاسم خېل (بدين زئي)شمن خېل محسود دي.</meaning></meanings></int><int><pron/><gram/><poem/><meanings><meaning>د ارمزخېلو څانګه ده- (ارمزخېل (سپاه) افريدي دي. د عبدال خېلو ښكته څانګې دادي: تورخېل او سلطان خېل.</meaning></meanings></int><int><pron/><gram/><poem/><meanings><meaning>د بوراخېلو څانګه ده. (بوراخېل، مهمت خېل، اتمان زي، دروېش خېل) وزير دي. د عبدال خېلو څانګې دادي: ټول خېل او سكندر خېل.</meaning></meanings></int><int><pron/><gram/><poem/><meanings><meaning>د لنګر خېلو څانګه ده. (لنګرخېل،  ګري خېل، منزي، علي زي) محسود دي.</meaning></meanings></int><int><pron/><gram/><poem/><meanings><meaning>د عمرزئيو څانګه ده. (عمزي، زيرا خېل،  عمزوني، ملي زاد)  دوړ دي.</meaning></meanings></int></entry><entry><word>عبدال خېل</word><int><pron>(عَ+بْ+دُ+لْ+خېل)</pron><gram>[اس-مع]</gram><poem/><meanings><meaning>د مستو خېلو څانګه ده- (مستو خېل) مسوزئ- لشكرزئ اوركزئ دي.</meaning></meanings></int></entry><entry><word>عبدل زئڤ</word><int><pron>(عَ+بْ+دُ+لْ+زَ+ے)</pron><gram>[اس-مع]</gram><poem/><meanings><meaning>د بازئيو څانګه ده. (بازي- هارون خېل(سناټيا) كاكړ دي.</meaning></meanings></int></entry><entry><word>عبدل ودانۍ</word><int><pron>(عَ+بْ+دُ+لْ+وَ+دا+نَ+ئ)</pron><gram>[اس-مع]</gram><poem/><meanings><meaning>د ملك دينئيو څانګه ده. (ملك دين(منزئ(علي زئ) محسود دي. (بله شجره كښې دا نوم نشته- په دې شجره كښې د ملك ديني درې څانګې ليكلې دي- مون خېل- كيراخېل او دلي خېل د عبدال ودانئ پكښې نشته).</meaning></meanings></int></entry><entry><word>عبدلاني</word><int><pron>(عَ+بْ+دُ+لْ+لا+نِي)</pron><gram>[اس-مع]</gram><poem/><meanings><meaning>د مخيانيو څانګه ده. تور ترين دي.</meaning></meanings></int></entry><entry><word>عبده</word><int><pron>(عَ+بْ+دُ+هْ)</pron><gram>[اس-مع]</gram><poem/><meanings><meaning>د عربۍ لفظ دے. د ((هغۀ بنده)).د ځنو عربو د نوم په طور راځي- خو په پښتنو كښې يې رواج نشته</meaning></meanings></int></entry><entry><word>عبدمناف</word><int><pron>(عَ+بْ+دِ+مَ+نا+فْ)</pron><gram>[اس-مع]</gram><poem>هاشم زوئے دعبدمناف بالا شي&lt;br/&gt;اصل كان د هغه لعل شاهانه دے&lt;br/&gt;(حافظ)</poem><meanings><meaning>د حضور پاك صلى الله عليه وسلم غور نيكۀ د هاشم پلار.</meaning></meanings></int></entry><entry><word>عبديت</word><int><pron>(عَ+بْ+دِى+ىَ+تْ)</pron><gram>[ع-اس-مذ]</gram><poem></poem><meanings><meaning>بندګي- مريي توب- غلامي- بنده توب.</meaning></meanings></int></entry></words>
