<?xml version="1.0" encoding="UTF-8"?>
<words>
  <entry>
    <word>عظام</word>
    <int>
      <pron>(عِ+ظا+مْ)</pron>
      <gram>[ع-اس-ج]</gram>
      <poem/>
      <meanings>
        <meaning>دعظم جمع ده. هډوكي.</meaning>
      </meanings>
    </int>
  <int><pron>(عُ+ظا+مْ)[ع- صف-ج]- د ((عظيم))</pron><gram>[ع- صف-ج]</gram><poem>د ذليل د قدم خاورې شه سعيده&lt;br/&gt;د عظمت علامت نشته په عظام كښې&lt;br/&gt;﴿سعيد﴾</poem><meanings><meaning>جمع ده. لوئے- لوئے خلق بزرګان- مشران.</meaning></meanings></int></entry>
<entry><word>عظام رميم</word><int><pron>(—+رَ+مِي+مْ)</pron><gram/><poem/><meanings><meaning/></meanings></int></entry><entry><word>عظام رميمه</word><int><pron>(—+رَ+مي+مَ)</pron><gram>[عف تر-اس-ج]</gram><poem/><meanings><meaning>هغه هډوكي كوم چې وروست شوي يا مات ګډ شوي وي.</meaning></meanings></int></entry></words>
