<?xml version="1.0" encoding="UTF-8"?>
<words>
  <entry>
    <word>عرصات</word>
    <int>
      <pron>(عَ+رَ+صا+تْ)</pron>
      <gram>[ع-اس-ج]</gram>
      <poem>په عرصات به غم خورګي د ګنهګارو څوك كا&lt;br/&gt;څو شفاعت يې ستا د مات زړونو كوشېر نشي&lt;br/&gt;(حافظ)</poem>
      <meanings>
        <meaning>د ((عرص)) جمع ده. مجازاً هغه لوئے ويړ مېدان چرته چې به د قيامت په ورځ د مخلوق سره حساب كتاب كولے شي. مجازاً قيامت.</meaning>
      </meanings>
    </int>
  </entry>
</words>
