<?xml version="1.0" encoding="UTF-8"?>
<words>
  <entry>
    <word>عسر</word>
    <int>
      <pron>(عُ+سْ+رْ)</pron>
      <gram>[ع-اس-مذ]</gram>
      <poem/>
      <meanings>
        <meaning>ګرانه- تنګي- مشكل.</meaning>
        <meaning>تنګدستي- خواري- سختي.</meaning>
      </meanings>
    </int>
  </entry>
<entry><word>عسر البول</word><int><pron>(—+رُ+لْ+بُو+لْ)</pron><gram>[ع تر-اس]</gram><poem/><meanings><meaning>(طب) د متيازو كم كم يا څاڅكے څاڅكے راتلل.</meaning></meanings></int></entry><entry><word>عسر النفس</word><int><pron>(—+رُ+نْ+نَ+فَ+س)</pron><gram>[ع-تر-اس-مذ]</gram><poem/><meanings><meaning>(طب) د ساه تنګسيا- د ساه په اخېستلو كښې تكليف. ضيق النفس- ساه لنډے.</meaning></meanings></int></entry><entry><word>عسرت</word><int><pron>(عُ+س+رَ+تْ)</pron><gram>[ع-اس-مذ-ج:ونه]</gram><poem>هېر يې كل فاني عشرت ؤ&lt;br/&gt;په عسرت راضي كېدۀ&lt;br/&gt;(حافظ)</poem><meanings><meaning>تنګي- مفلسي- غريبي.</meaning><meaning>ګرانتيا- دشواري- تكليف- سختي.</meaning></meanings></int></entry></words>
