<?xml version="1.0" encoding="UTF-8"?>
<words>
  <entry>
    <word>عزدازئ</word>
    <int>
      <pron>(عَ+زْ+دا+زَ+ئ)</pron>
      <gram>[اس مع]</gram>
      <poem/>
      <meanings>
        <meaning>د بدين زئيو څانګه ده. (بدين زي- اچكزي- ابدال) ترين دي.</meaning>
      </meanings>
    </int>
  </entry>
<entry><word>عزدي خېل</word><int><pron>(عَ+زْ+دي+خېل)</pron><gram>[اس مع]</gram><poem/><meanings><meaning>د عزدي خېل- شمك خېل- عبدالله يي- عبدللئ- اېمل خېل (بهلول زئ) محسود دي. په بله شجره كښې د عزدي خېل په ځائے ازدي خېل ليكلے دے- او د شمك خېل په ځائے شمټ خېل ليكلے دے.</meaning></meanings></int><int><pron>(عَ+زْ+دِي+خېل)</pron><gram>[اس-مع]</gram><poem></poem><meanings><meaning>د شاهي خېلو وړه څانګه ده. (شاهي خېل- منذرخېل- عزيز خېل- نظرخېل- اېمل خېل- بهلول زئ) محسود دي.</meaning></meanings></int></entry></words>
