<?xml version="1.0" encoding="UTF-8"?>
<words>
  <entry>
    <word>عطر</word>
    <int>
      <pron>(عَ+طْ+ر)</pron>
      <gram>[ع-اس-مذ-ج:ونه]</gram>
      <poem/>
      <meanings>
        <meaning>خوشبو- خوشبويي.</meaning>
        <meaning>د ګلونو ايستلے شوے هغه ټينګ تېل شان چې ډېر خوشبويه وي. (اصلاً دا لفظ د عېن زېر سره او د طې سكون (غړوندي) سره دے. خو په پښتو كښې د عېن زور او د طې زوركي سره وئيلے كېږي).</meaning>
      </meanings>
    </int>
  </entry>
<entry><word>عطر اېستل- اُباسل- ويستل</word><int><pron/><gram/><poem/><meanings><meaning>د ګلونو په خاص عمل سره خوشبويه تېل وغېره اېستل- ست يا جوهر اېستل.</meaning><meaning>خلاصه اېستل- د لوئے كتاب وغېره نه ډېرې اهمې برخې په لنډو الفاظو كښې ليكل.</meaning></meanings></int></entry><entry><word>عطر پلېل</word><int><pron>(—+پُ+لې+لْ)</pron><gram>[عف تر-اس-جم]</gram><poem/><meanings><meaning>د دواړو لفظونو يو مطلب دے- مراد ترې خوشبويه څيزونه دي.</meaning></meanings></int></entry><entry><word>عطردان</word><int><pron>(—+دا+نْ)</pron><gram>[عف تر-اس-مذ-ج:ونه]</gram><poem/><meanings><meaning>هغه ډبلے وغېره چې عطر پكښې كېښودے شي- د عطرو ډبلے.</meaning></meanings></int></entry><entry><word>عطر فروش</word><int><pron>(—+فَ+رو+ش)</pron><gram>[عف تر-اس-مذ-ج:ان-مؤ:ه]</gram><poem/><meanings><meaning>عطر خرڅوونكے- عطري.</meaning></meanings></int></entry><entry><word>عطر كش</word><int><pron>(—+كَ+ش)</pron><gram>[عف تر-اس-مذ-ج:ان- مو:ه]</gram><poem/><meanings><meaning>هغه كس چې د ګلونو وغېره نه عطر وباسي- عطرجوړوونكے.</meaning></meanings></int></entry><entry><word>عطر كشي</word><int><pron>(—+كَ+شِي)</pron><gram>[عف تر-اس-مو]</gram><poem/><meanings><meaning>عطر راوښكنه- عطر د څۀ څيز نه راوېستل- د ګلونو وغېره نه عطر وباسل يا جوړول.</meaning></meanings></int></entry><entry><word>عطر لګول- پورې كول- مږل</word><int><pron/><gram/><poem/><meanings><meaning>په لاسونو يا مخ يا په جامو باندې خوشبويي مږل.</meaning></meanings></int></entry><entry><word>عطرناك</word><int><pron>(—+نا+ك)</pron><gram>[عف تر-صف-مذ-مؤ:ه]</gram><poem>كه بستر مې عطرناك وو، وار وو تېر شۀ (خوشحال خان خټك)</poem><meanings><meaning>عطرو واله- په عطرو خوشبودار.</meaning></meanings></int></entry><entry><word>عطري</word><int><pron>(عَ+طْ+رِي)</pron><gram>[عپ تر-اس-مذ-ج:ان]</gram><poem/><meanings><meaning>عطر څرڅوونكے- عطر فروش.</meaning><meaning>عطر جووونكے- عطر ساز- عطر كش.</meaning></meanings></int></entry><entry><word>عطريات</word><int><pron>(عَ+طْ+رِ+يا+تْ)</pron><gram>[عف تر-اس-ج]</gram><poem></poem><meanings><meaning>د عطرونو د جوړولو كاروبار يا فن.</meaning><meaning>هغه څيزونه چې خوشبو يي وركوي. خوشبوداره څيزونه.</meaning></meanings></int></entry></words>
