<?xml version="1.0" encoding="UTF-8"?>
<words>
  <entry>
    <word>ع</word>
    <int>
      <pron>(عَے+نْ)</pron>
      <gram>[اس-مذ-ج_____ ونه]</gram>
      <poem/>
      <meanings>
        <meaning>د پښتو د الفبا اتۀ ويشتم تورے دے- د عربۍ اتلسم د فارسۍ يويشتم او د اردو څليريشتم تورې- د زياتي وضاحت دپاره ورته عين مهمله يا غير منقوطه (بغېر د نقطې) عين هم وايي. اصلاً د عربۍ غږ دے. په پښتو (يا نورو ژبو) كښې په هغه الفاظو كښې راځي، كوم چې د عربۍ ژبې نه پور كړے شوي دي. د دې توري آواز صرف اهل عرب ادا كولے شي. په پښتو او نورو پوروونكو ژبو كښې د اصل (عربۍ) د تلفظ نه لږېدل اواز سره ادا كولے شي. په پښتو كښې د دې غږ د سپك الف او د اصل عېن ترمېنځه دے. يعنې نۀ خو صاف د الف آواز دے او نۀ د اصل عين اواز- (اَن پړهـ او كلي وال خلق يې الف ته زيات ورته ادا كوي) البته مذهبي علماء ځنې وخت د عربو اصل اواز په شان يې دا ادا كولو كوشش كوي. خو دا هسې تكلف ښكاري) اصلاً دا حلقي غږيز (Voiced) اواز دے. او د حلقې نورو غږونو (يعنې د الف، خ) نه هم د دې مخرج شاته دے. په ځنو موقعو كښې الف سره بدلېږي.  دجمل په حساب كښې ددې توري قيمت اويا (70) دے.</meaning>
      </meanings>
    </int>
  <int><pron/><gram/><poem/><meanings><meaning>(د عليه السلام مخفف علامت دے. يعنى ”په هغو دې سلام وي“ دا پېغمبرانو د نومونو نه وروستو احتراماً وئيلے او ليكلے شي- د ډېر احترام د څرګندونې دپاره د حضرت علىؓ او د حضرت فاطمهؓ په اولاد كښې د امامانو د نومونو نه وروستو هم- خصوصاً د شيعه ګانو په ليكونو كښې راوړے شي.</meaning></meanings></int><int><pron></pron><gram></gram><poem></poem><meanings><meaning>(علامت) دا د ”عيسوي“ مخفف دے، چې د عيسوي سن د شمېر نه وروستو ليكلے شي- دا عموماً په نيم شكل كښې يعنې ”ء“ ليكلے شي- لكه 1986ء په نوي تحريرونو كښې د (ســه)  نخښه نۀ وركړے كېږي- يعنې 1986ء ليكلے شي.</meaning></meanings></int></entry>
</words>
