<?xml version="1.0" encoding="UTF-8"?>
<words>
  <entry>
    <word>عشوه</word>
    <int>
      <pron>(عِ+شْ+وَ)</pron>
      <gram>[ع-اس-مؤ-ج:وې]</gram>
      <poem/>
      <meanings>
        <meaning>ناز- كرشمه- نخره- ادا- خوښېدونكے خركت يا كار- كېځ.</meaning>
      </meanings>
    </int>
  </entry>
<entry><word>عشوه پرداز</word><int><pron>(—+پَ+رْ+دا+زْ)</pron><gram>[عف تر-صف مذ-مؤ:ه]</gram><poem/><meanings><meaning>نازنخرې كوونكے- كېځ مكېځ كوونكې – معشوقه.</meaning></meanings></int></entry><entry><word>عشو ه ساز</word><int><pron>(—+سا+زْ)</pron><gram/><poem/><meanings><meaning/></meanings></int></entry><entry><word>عشوه ګير</word><int><pron>(—+ګَ+رِي)</pron><gram></gram><poem></poem><meanings><meaning>نازنخېرې كونه- كېځ مكېځ.</meaning></meanings></int></entry></words>
