<?xml version="1.0" encoding="UTF-8"?>
<words>
  <entry>
    <word>عمر</word>
    <int>
      <pron>(عُو+مَ+رْ)</pron>
      <gram>[ع-مذ-ج-ونه]</gram>
      <poem/>
      <meanings>
        <meaning>د يو ساه واله څيز د پېداوښت نه واخلې تر مړكېدو پورې زمانه يا وخت.</meaning>
        <meaning>د پېداوښت نه تر يو خاص وخته پورې د تېر شوي وخت اندازه (كلونه مياشتې وغېره).وخت- وقفه.</meaning>
        <meaning>د مسلمانانو نارينه ؤ د نوم برخه هم وي.</meaning>
      </meanings>
    </int>
  </entry>
<entry><word>عمر آخركېدل</word><int><pron/><gram/><poem/><meanings><meaning>بوډاكېدل- زړو عمر ته رسېدل.</meaning></meanings></int></entry><entry><word>عمر پوره كېدل</word><int><pron/><gram/><poem/><meanings><meaning>د ژوند مقرره وخت سرته رسېدل- د مرګژ وخت راتلل- مړ كېدل.</meaning></meanings></int></entry><entry><word>عمر تېرول</word><int><pron/><gram/><poem/><meanings><meaning>ژوند تېرول- د خپل ژوند وخت اړول- ژوند كول- د ژوند ورځې شپې تېرول.</meaning></meanings></int></entry><entry><word>عمر تېرېدل</word><int><pron/><gram/><poem>عنكبوت غوندې اسر په نري تاريم&lt;br/&gt;عزيز عمر مې تېرېږي په خوارۍ كښې&lt;br/&gt;(حافظ)</poem><meanings><meaning>د ژوند وخت تېرېدل.</meaning></meanings></int></entry><entry><word>عمر خوړل</word><int><pron/><gram/><poem/><meanings><meaning>عمر تېرول- د ژوند اړول.</meaning><meaning>د عمر يا د ژوند وخت سرته رسول. لكه چې څه څيز ټول وخوري او هېڅ باقي پاتې نه شي لكه فلاني خپل عمر اوس خوړلے دے.</meaning></meanings></int></entry><entry><word>عمر سرته رسېدل</word><int><pron/><gram/><poem/><meanings><meaning>د ژوندون وخت آخري سرته رسېدل- مرګ ته ور لنډېدل.</meaning></meanings></int></entry><entry><word>عمر ګران (بودل) چاسره</word><int><pron/><gram/><poem/><meanings><meaning>(چاسره يوځائے عمر (وخت) تېرول- د تكليف باعث (بودل).لكه: د فلاني عمر اوس فلاني سره ګران دے.</meaning></meanings></int></entry><entry><word>عمر ګزران كول</word><int><pron/><gram/><poem>په تنګدستۍ مې د دنيا عمر ګزارن كړي دريغه&lt;br/&gt;كه فراخي فرح هورې په عرصات راشي&lt;br/&gt;(حافظ)</poem><meanings><meaning>عمر تېول- دژوند وخت تېرول. ورځې شپې اړول.</meaning></meanings></int></entry><entry><word>عمر موندل</word><int><pron/><gram/><poem/><meanings><meaning>ډېر عمر لرل.</meaning></meanings></int></entry><entry><word>عمر جاويداني</word><int><pron>(جا+وې+دا+ني+—)</pron><gram>[عپ تر- اس-مذ]</gram><poem/><meanings><meaning>تل پاتې كېدونكے عمر- د همېش ژوند- تل ترتله ژوند.</meaning></meanings></int></entry><entry><word>عمران</word><int><pron>(عِ+مْ+را+نْ)</pron><gram>[ع-اس-مذ]</gram><poem/><meanings><meaning>آبادي- تعمير- وداني. د حضرت موسى عليه السلام د پلار نوم. د حضرت مريم عليه السلام د پلار نوم.</meaning></meanings></int></entry><entry><word>عمرانات</word><int><pron>(عِ+مْ+را+نا+تْ)</pron><gram>[ع-اس]</gram><poem/><meanings><meaning>د عمران جمع- ډېرې آبادۍ.</meaning></meanings></int></entry><entry><word>عمراني</word><int><pron>(عِ+مْ+را+نِي)</pron><gram>[صف]</gram><poem/><meanings><meaning>آبادۍ سره متعلق- ودانۍ متعلق ودانۍ ته منسوب.</meaning></meanings></int></entry><entry><word>عمرانيات</word><int><pron>(عِ+مْ+را+نِي+يا-تْ)</pron><gram>[اس-جم]</gram><poem/><meanings><meaning>د اباديو په حقله علم.</meaning></meanings></int></entry><entry><word>عمرونو</word><int><pron>(عُ+مْ+رُو+نو)</pron><gram/><poem/><meanings><meaning>د (عمرونه) اضافي مجروري وغېره شكل.</meaning></meanings></int></entry><entry><word>عمرونه</word><int><pron>(عُ+مْ+رُو+نَ)</pron><gram/><poem/><meanings><meaning>د (عمر) جمع ده. ډېر عمرونه. مجازاً ډېر زيات اوږد وخت.</meaning></meanings></int></entry><entry><word>عمره</word><int><pron>(عُ+مْ+رَ)</pron><gram/><poem/><meanings><meaning>د عمر بدل شكل دے- چې د له وغېره- مغيره ؤ تورو سره راځي.</meaning></meanings></int><int><pron>(عُ+مْ+رَ)</pron><gram>[ع-اس-مو-ج: رې]</gram><poem/><meanings><meaning>د حج په شان يو خاص عبادت دے، چې د حج د ورځو نه علاوه په نورو ورځو كښې كولے شي- په دې كښې د حج ټول مناسك نۀ ادا كېږي. د دې قاعده داسې ده چې عمره كونكے د مكې نه احرام وتړي تنعيم نومې ځائے تۀ لاړ شي- چې د مكې نه درې كروهه لرې دے. هلته يو څو ركعته نمونځ وكړي- او بيا په ستنه مكې تۀ راشي- او د خانۀ كعبې طوافونه كوي. د صفا او د مروه نومې غونډو ترمېنځه منډې وهي. په حج كښې ځنې كارونه د دې نه زياتي كولے شي.</meaning></meanings></int></entry><entry><word>عمري</word><int><pron>(عُو+مْ+رِي)</pron><gram>[عپ تر-صف]</gram><poem/><meanings><meaning>عمر سره تعلق لرونكے- عمر ته منسوب.</meaning><meaning>د درست عمر- د ټول عمر.</meaning></meanings></int></entry><entry><word>عمرڤ</word><int><pron>(عُ+مْ+رے)</pron><gram>[لا حقه]</gram><poem></poem><meanings><meaning>لا حقه ده. د نورو الفاظو نه وروستو راځي. او د عمر معنٰى وركوي.</meaning></meanings></int></entry></words>
