<?xml version="1.0" encoding="UTF-8"?>
<words>
  <entry>
    <word>عضلات</word>
    <int>
      <pron>(عَ+ضَ+لا+تْ)</pron>
      <gram>[ع-اس-ج]</gram>
      <poem/>
      <meanings>
        <meaning>د ((عضله)) جمع ده.</meaning>
      </meanings>
    </int>
  </entry>
<entry><word>عضلاتي</word><int><pron>(عَ+ضْ+لا+تِي)</pron><gram>[عپ تر-صف]</gram><poem/><meanings><meaning>هغه څيز مرض يا كار چې د عضلو سره تعلق لري- د پلو سره متعلق- د پلو.</meaning></meanings></int></entry><entry><word>عضلاتي قوت</word><int><pron>(—+قُو+وَ+تْ)</pron><gram>[عپ تر-اس-مذ-ج:ونه]</gram><poem/><meanings><meaning>د عضلو (پلو) طاقت- داعصابو طاقت.</meaning></meanings></int></entry><entry><word>عضلاتي كار</word><int><pron>(—+كا+رْ)</pron><gram>[عپ تر-اس-مذ-ج:ونه]</gram><poem/><meanings><meaning>هغه كار چې تعلق يې عضلو (پلو) يا اعصابو سره وي- د بدن مشقت.</meaning></meanings></int></entry><entry><word>عضله</word><int><pron>(عَ+ضْ+لَ)</pron><gram>[ع-اس-مو-ج:لې-عضلات]</gram><poem/><meanings><meaning>كبوړے- د مټ غوښه- كلكه غوښه.</meaning><meaning>پله.</meaning></meanings></int></entry><entry><word>عضله دار</word><int><pron>(—+دا+ر)</pron><gram>[عف تر-صف]</gram><poem></poem><meanings><meaning>هغه حيوان چې عضلې (پلې) لري- د پلو واله حيوان.</meaning></meanings></int></entry></words>
