<?xml version="1.0" encoding="UTF-8"?>
<words>
  <entry>
    <word>عصر</word>
    <int>
      <pron>(عَ+صْ+رْ)</pron>
      <gram>[ع-اس-مذ-ج:ونه-اعصار-عصور]</gram>
      <poem/>
      <meanings>
        <meaning>زمانه- ورزګار- دور- (اوږده) موده.</meaning>
        <meaning>مازديګر- مازيګر- د ماسپښين او د ماښام ترمينځه وخت.</meaning>
      </meanings>
    </int>
  </entry>
<entry><word>عصري</word><int><pron>(عَ+صْ+رِي)</pron><gram>[عف-صف]</gram><poem/><meanings><meaning>هغه څيز يا كار چې عصر (موجوده وخت يا زمانې) سره تړون لري- موجوده وخت- يا زانې ته منسوب.</meaning></meanings></int></entry><entry><word>عصري كول</word><int><pron/><gram/><poem/><meanings><meaning>نوې زمانې سره مطابق كول- نوي حالاتو سره سمون وركول- جديد كول.</meaning></meanings></int></entry><entry><word>عصري كېدل</word><int><pron/><gram/><poem/><meanings><meaning>د نوې زمانې سره مطابق كول- جدت پېدا كول.</meaning></meanings></int></entry><entry><word>عصري كېدۀ</word><int><pron/><gram>(عپ تر-حمص)</gram><poem/><meanings><meaning>نوې زمانې سره سم كېدۀ.</meaning></meanings></int></entry><entry><word>عصريت</word><int><pron>(عَ+صْ+رِي+ىَ+تْ)</pron><gram>[ع-اس-مذ-ج:ونه]</gram><poem/><meanings><meaning>زمانې سره تړون- نوي وخت سره تعلق- نوے والے.</meaning></meanings></int></entry><entry><word>عصريه</word><int><pron>(عَ+صْ+رِي+ىَ)</pron><gram>[عف تر-اس-مو-ج:يې]</gram><poem></poem><meanings><meaning>د مازديګر د وخت خوړه- يا چائے- عصرانه- د مازديګر دوخت دعوت- لكه: روستۀ بيا يوه عصريه وخوړله شوه.</meaning></meanings></int></entry></words>
