<?xml version="1.0" encoding="UTF-8"?>
<words>
  <entry>
    <word>عيد</word>
    <int>
      <pron>(عِي+دْ)</pron>
      <gram>[ف-اس-مذ-ج:ونه]</gram>
      <poem>زۀ غم ژن په عيد په جشن خبر نه شوم&lt;br/&gt;كه درست خلق د دهليه ابتهاج كا&lt;br/&gt;(خوشحال)</poem>
      <meanings>
        <meaning>اختر- د خوشحالۍ ورځ. (دا د عود نه جوړ شوے دے ځكه چې د اختر ورځ په كال پس راګرځي).</meaning>
      </meanings>
    </int>
  </entry>
<entry><word>عيدګاه</word><int><pron>(—+ګا+هْ)</pron><gram>[عپ تر-اس-نظر]</gram><poem/><meanings><meaning>هغه ځائے (مېدان) چې د اختر د نمانځه دپاره مقرر شوے وي- د اختر د نمانځه ځائے. (دا عموماً د ښار يا كلي نه بهر لوئے ځائے وي، چې د ښار يا كلي ټول خلق پكښې د اختر لمونځ كوي).</meaning></meanings></int></entry><entry><word>عيدي</word><int><pron>(عِي+دِي)</pron><gram>[ار-اس-مو]</gram><poem></poem><meanings><meaning>د اختر د ورځې انعام چې ماشومانو له وركړے كېږي- د اختر پېسې.</meaning><meaning>د اختر مباركۍ خاص خط چې ډېر ښكلے چاپ شوے وي- او د مكتوب اليه د مناسبت سره پكښې د اختر د مباركۍ كلمات يا شعرونه ليكلي شوي وي- د  اختر د مباركۍ خط.</meaning></meanings></int></entry></words>
