<?xml version="1.0" encoding="UTF-8"?>
<words>
  <entry>
    <word>عائد</word>
    <int>
      <pron>(عا+ئې+دْ)</pron>
      <gram>[ع-صف-مذ-مؤ: عائده]</gram>
      <poem/>
      <meanings>
        <meaning>بېرته راتلونكے- پستنه راګرزېدونكے- چاته راګرزېدونكے.</meaning>
      </meanings>
    </int>
    <int>
      <pron>(عا+ئې+دْ)</pron>
      <gram>[ع-اس-فا-صف-مؤ: عائده]</gram>
      <poem/>
      <meanings>
        <meaning>راګزېدلے- واردكړے.</meaning>
      </meanings>
    </int>
  </entry>
<entry><word>عائشه</word><int><pron>(عا+ئې+شَ)</pron><gram>[اس-مع]</gram><poem/><meanings><meaning>ام المؤمنين (د مؤمنانو مور) حضرت عائشه الصديقه رضى الله تعالى عنها د حضور پاك صلعم د ټولونه كشره بي بي- د حضرت ابوبكر رضى الله عنه لور- 612ء كښې پېدا او په 677ء كښې وفات شوه. 656هـ كښې يې د جمل په جنګ كښې دحضرت على رضى الله عنه خلاف جنګېدلې وه ډېره لويه عالمه او فقيه وه ډېر حديثونه ترې روايت كړے شوي دي.</meaning><meaning>د مسلمانانو زنانه ؤ يو هام نوم دے.</meaning></meanings></int></entry><entry><word>عائدكول</word><int><pron/><gram>(مص تر)</gram><poem/><meanings><meaning>چاته راګرزول- په چا واردكول- په ذمه كول- درست راتلل.</meaning></meanings></int></entry><entry><word>عائدكېدل</word><int><pron/><gram>(مص تر)</gram><poem/><meanings><meaning>چاته راګرزېدل- د چا په ذمه كېدل- په چا وارد كېدل- ګټلے كېدل- په لاس راتلل.</meaning></meanings></int></entry><entry><word>عائدات</word><int><pron>(عا+ئې+دا+تْ)</pron><gram>[ع-اس-ج]</gram><poem/><meanings><meaning>د ”عائد“ جمع ده. واپس راګرزېدونكي- مجازاً آمدني- ګټې- فائدې- د آمدنۍ ذريعې- محصولات.</meaning></meanings></int></entry><entry><word>عائداتي</word><int><pron>(عا+ئې+دا+تِي)</pron><gram>[عف تر-صف]</gram><poem></poem><meanings><meaning>عائداتو سره تعلق لرونكے- ماليات يا آمدنۍ سره تعلق لرونكے.</meaning></meanings></int></entry></words>
