<?xml version="1.0" encoding="UTF-8"?>
<words>
  <entry>
    <word>عدوّ</word>
    <int>
      <pron>(عَ+دُو)</pron>
      <gram>[ع-اس-مذ]</gram>
      <poem/>
      <meanings>
        <meaning>دشمن- ميرځمن- مخالف- بد غوښتونكے- بدخواه.</meaning>
        <meaning>(شاعري) رقيب- د يو كس د معشوقې بل مئين.</meaning>
      </meanings>
    </int>
  </entry>
<entry><word>عدوان</word><int><pron>(عُ+دْ+وا+نْ)</pron><gram>[ع-اس-مذ-ج:ونه]</gram><poem/><meanings><meaning>دشمني- ميرځمني- مېرځي.</meaning><meaning>ظلم- جور- زياتے.</meaning></meanings></int></entry><entry><word>عدول</word><int><pron>(عَ+دُو+لْ)</pron><gram>[ع-صف]</gram><poem>ګرېوان لوند په ګرمو اوښكو ګونه زيړه&lt;br/&gt;د عاشق په مينه دوه ګواهان عدول شته&lt;br/&gt;(حافظ)</poem><meanings><meaning>د عدل خاوند- د اعتماد او اعتبار وړ اعتباري- معتمد.</meaning></meanings></int><int><pron>(عُ+دُو+لْ)</pron><gram>[ع-اس-مذ]</gram><poem></poem><meanings><meaning>دلارې نه ګرځېدنه- مخ ګرځونه- څټ اړونه. انكار- اعراض- نۀ منل.</meaning></meanings></int></entry></words>
