<?xml version="1.0" encoding="UTF-8"?>
<words>
  <entry>
    <word>عبراني</word>
    <int>
      <pron>(عَ+بْ+را+نِي)</pron>
      <gram>[اس-مع]</gram>
      <poem/>
      <meanings>
        <meaning>د يوې پخوانۍ ژبې نوم، چې د ډېرو پخوانو پېغمبرانو ژبه وه. او توران او ځنې نورې صحيفې په دې ژبې كښې نازلې شوې دي.</meaning>
      </meanings>
    </int>
  </entry>
<entry><word>عبرت</word><int><pron>(عِ+بْ+رَ+تْ)</pron><gram>[ع-اس-مذ-ج: عبرتونه]</gram><poem/><meanings><meaning>نصحيت اخېستل. پند قبلول.</meaning><meaning>دزمانې د پېښونه، سبق يا نصحيت اخېستل- (د دې لفظ اصل عربي معنٰى د طبيعت په يو خاص نوع سره د غفلت نه پوهې طرف ورپورې وتل دي. برنۍ معنې يې مجازي دي).</meaning></meanings></int></entry><entry><word>عبرت اخېستل</word><int><pron/><gram>(مص-تر)</gram><poem>همېشه يې مشغولا د خداے په ياد ده&lt;br/&gt;چې اخېستے يې ددۀ د خولې عبرت دے&lt;br/&gt;(خواجه محمد)</poem><meanings><meaning>نصحيت اخېستل- د څۀ خبرې كار يا د پېښې نه نصيحت تر لاسه كول.</meaning></meanings></int></entry><entry><word>عبرت انګېز</word><int><pron>(—+اَ+نْ+ګې+زْ)</pron><gram>[عف تر- صف-مذ-مؤ: عبرت انګېزه]</gram><poem/><meanings><meaning>عبرت راړونكے- داسې خبره يا پېښه چې سړے يې واوري يا وويني نو چې نصحيت ترې حاصل كړي- نصيحت وركوونكے.</meaning></meanings></int></entry><entry><word>عبرت ګرزول- نوروله</word><int><pron/><gram/><poem/><meanings><meaning>(داسې كاركول يا داسې سزا وركول چې د نورو ليدونكو يا اورېدونكو دپاره سبق وګرځي.</meaning></meanings></int></entry><entry><word>عبرت ناك</word><int><pron>(—+نا+كْ)</pron><gram>[عف تر-صف-مذ-ج: عبرت ناكه]</gram><poem/><meanings><meaning>عبرت وركوونكے- نصيحت وركوونكے.</meaning></meanings></int></entry><entry><word>عبرت ناكه</word><int><pron/><gram/><poem/><meanings><meaning>د عبرت ناك تانيث دے.</meaning></meanings></int></entry><entry><word>عبرت ناكه سزا</word><int><pron>(عپ تر-اس-مؤ-ج—كې—ګانې)</pron><gram/><poem/><meanings><meaning>داسې سزا، چې د مجرم په زړۀ كښې وېره پېدا شي او د مخې دپاره بيا د دغې كار جرات ونه كړي. سبق يا نصحيت وركوونكې سزا- مجازاً ډېره سخته سزا.</meaning></meanings></int></entry><entry><word>عبري</word><int><pron>(عِ+بَ+رِيْ)</pron><gram>[ع-اس-مو]</gram><poem></poem><meanings><meaning>د پخواني كنعان (شام) د ملك ژبه- عبراني چې اوس عموماً د يهوديانو ژبه ګڼلې شي- حقيقةً داسې نۀ ده. تورات په دې ژبه كښې وو. (د دې ژبې دنوم وجه تسميه په مختلف دول بيان شوې ده- لكه ((عبر)) غاړې ته وايي. او دا به پخوا د فرات د سيند په غاړو ويلې كېده- يا دا چې دا د ((عبر)) (بن سام بن نوح) په نام نومولې شوې ده.</meaning></meanings></int></entry></words>
