<?xml version="1.0" encoding="UTF-8"?>
<words>
  <entry>
    <word>عزت</word>
    <int>
      <pron>(عِي+(عِ)+زْ+زَ+تْ)</pron>
      <gram>[ع-اس-مذ-ج:ونه]</gram>
      <poem/>
      <meanings>
        <meaning>حرمت- پت- ابرو بزرګي- درناوے- شرف.</meaning>
        <meaning>غلبه- غالب كېدنه- زورورتيا.</meaning>
        <meaning>د نارينه ؤ په نومونو كښې هم استعماليږي.</meaning>
      </meanings>
    </int>
  </entry>
<entry><word>عزت اخېستل- اغېستل</word><int><pron/><gram/><poem/><meanings><meaning>بې عزتي كول- ذليل كول- سپك سلوك كول- ابروېزي كول.</meaning></meanings></int></entry><entry><word>عزت افزايي</word><int><pron>(—+اَ+ف+زا+يي)</pron><gram>[عف تر-اس-مو]</gram><poem/><meanings><meaning>د عزت زياتونه- د قدر او احترام زياتونه- درناوے وركونه.</meaning></meanings></int></entry><entry><word>عزت افزايي كول</word><int><pron/><gram/><poem/><meanings><meaning>عزت زياتول- درناوے (ور) كول.</meaning></meanings></int></entry><entry><word>عزت افزايي كېدل</word><int><pron/><gram/><poem/><meanings><meaning>عزت زياتېدل- قدر كېدل- درناوے وركړے كېدل.</meaning></meanings></int></entry><entry><word>عزت بېلل- تلل</word><int><pron/><gram/><poem/><meanings><meaning>عزت نه پاتې كېدل- بې عزتع كېدل- سپكېدل ذليل كېدل.</meaning><meaning>بدناميدل- تورپورې كېدل.</meaning></meanings></int></entry><entry><word>عزت ته كتل د چا</word><int><pron/><gram/><poem/><meanings><meaning>د چا د عزت او درناوي خيال ساتل داسې كار يا خبره نه كول، چې دبل پكښې سپكاوے وي.</meaning></meanings></int></entry><entry><word>عزت دار</word><int><pron>(—+دا+ر)</pron><gram>[عف تر-اس-صف-مذ-ج:ان-(مو): ه]</gram><poem/><meanings><meaning>عزت لرونكے- عزت واله- دروند قدر او بزرګي لرونكے.</meaning></meanings></int></entry><entry><word>عزت ساتل</word><int><pron/><gram/><poem/><meanings><meaning>(عزت په ځائے ساتل- د بې عزتۍ او سپكاوي نه بچ كول- داسې كار يا خبره نۀ كېدل چې پكښې دبل (يا خپله) بې عزتي او سپكاوے وي.</meaning></meanings></int></entry><entry><word>عزت كول</word><int><pron/><gram/><poem/><meanings><meaning>احترام كول- بزرګي او مشري منل- ادب كول.</meaning><meaning>عزت وركول- لكه: خدائے دې ستا عزت وكړي.</meaning></meanings></int></entry><entry><word>عزت مآب</word><int><pron>(—+مَ+آ+بْ)</pron><gram>[عف تر-صف]</gram><poem/><meanings><meaning>دعزت دور ګرځېدلو ځائے مجازاً عزتمند- لوئے عزت واله. (عموماً چا مشر يا لوئے سړي ته د عزت او احترام په طور ليكلے شي). د افغانستان يو خطاب چې د ((ع)) په مخفف سره څرګندولے كېدۀ.</meaning></meanings></int></entry><entry><word>عزت من</word><int><pron/><gram/><poem/><meanings><meaning>(—+مَ+نْ)</meaning></meanings></int></entry><entry><word>عزت مند</word><int><pron>(—+مَ+نْ+دْ)</pron><gram>[عف تر-مذ-ج:ان-(مؤ):ه]</gram><poem/><meanings><meaning>عزت واله- د عزت خاوند- عزت دار- دروند- (په خلقو كښې درناوے لرونكے</meaning></meanings></int></entry><entry><word>عزت النفس</word><int><pron>(—+تُ+نْ)+نَ+فَ+س)</pron><gram>[ع تر-اس-مذ]</gram><poem/><meanings><meaning>د خپل نفس عزت- د خپل ځان عزت- خودداري.</meaning></meanings></int></entry><entry><word>عزت وركول</word><int><pron/><gram/><poem/><meanings><meaning>درناوے وركول- ادب كول.</meaning></meanings></int></entry><entry><word>عزت ګزين</word><int><pron>(—+ګُ+زِي+نْ)</pron><gram>[عف تر-اس-مذ:ان-(مؤ):ه]</gram><poem></poem><meanings><meaning>ګوښه نيوونكے- ګوشه نشين.</meaning><meaning>د عبادت دپاره له خلقو (بال بچ وغېره) نه جدا كېدلو والا.</meaning></meanings></int></entry></words>
