<?xml version="1.0" encoding="UTF-8"?>
<words>
  <entry>
    <word>عرف</word>
    <int>
      <pron>( عُ+رِ+فْ)</pron>
      <gram/>
      <poem/>
      <meanings>
        <meaning>پېژندنه- شناخت- پېژندګلوي.</meaning>
        <meaning>د چا د اصل نوم په ځائے هغه نوم چې په خلقو كښې مشهور شي لكه: شينو.</meaning>
        <meaning>د خلقو دستور- رواج- (د شرعي په مقابله كښې).</meaning>
      </meanings>
    </int>
  </entry>
<entry><word>عرفا</word><int><pron>(عُ+رَ+فا)</pron><gram>[ع-اس-مذ]</gram><poem/><meanings><meaning>د ((عارف)) جمع ده. عارفان. حق شناسه خلق- حق پېژندونكي وګړي.</meaning></meanings></int></entry><entry><word>عرفات</word><int><pron>(عَ+رَ+فا+تْ)</pron><gram>[اس مع-مذ]</gram><poem>لوړه پوزه يې غونډۍ د عرفات ده&lt;br/&gt;د هرچا سوال پرې قبلېږي چې زاري كا&lt;br/&gt;(حافظ)</poem><meanings><meaning>د يو مقدس مېدان نوم دے چرته چې حاجيان د حج په موقع ايساريږي او لبيك او نورې دعاګانې كوي- او د ماسپښين او مازديګر مونځونه هلته كوي او بيا مكې ته ستانۀ شي. دا مېدان د مكې معظمې نه تقريباً دولس ميله لرې دے.</meaning><meaning>دغه ځائے په دې نوم يوه غونډۍ هم ده.</meaning></meanings></int></entry><entry><word>عرفان</word><int><pron>(عِ+رْ+فا+نْ)</pron><gram>[ع-اس-مذ]</gram><poem>ش شراب د عرفان نوش كړه&lt;br/&gt;زړۀ د عشق په مے مد هوش كړه&lt;br/&gt;(حافظ)</poem><meanings><meaning>پېژندنه- شناخت- واقفتيا.</meaning><meaning>معرفت- پېژندنه- د خدائے تعالى معرفت.</meaning><meaning>د مسسلمانانو نارينه ؤ په نومونو كښې هم راځي.</meaning></meanings></int></entry><entry><word>عرفان حاصلول</word><int><pron/><gram/><poem/><meanings><meaning>د خدائے پاك پېژندنه حاصلول- د خدائے پاك شناخت حاصلول.</meaning></meanings></int></entry><entry><word>عرفان كېدل</word><int><pron/><gram/><poem>د خدائے عرفان مې وشۀ په عرفان د محمدؐ&lt;br/&gt;پاك دے محمد پاك دے سبحان د محمدؐ&lt;br/&gt;(خوشحال)</poem><meanings><meaning>پېژندنه كېدل- پېژندل.</meaning></meanings></int></entry><entry><word>عرفان موندل</word><int><pron/><gram/><poem/><meanings><meaning>د خدائے پاك پېژندنه حاصلېدل.</meaning></meanings></int></entry><entry><word>عرفاني</word><int><pron>(عِ+رْ+فا+نِي)</pron><gram>[عف تر-صف]</gram><poem/><meanings><meaning>هغه چېعرفان سره تعلق لري. پېژندنې سره متعلق يا پېژندنې ته منسوب. عموماً د عرفان نه دخدائے پاك پېژندنه مراد اخستے شي.</meaning></meanings></int></entry><entry><word>عرفه</word><int><pron>(عَ+رَ+فَ)</pron><gram>[ع-اس-مو]</gram><poem/><meanings><meaning>د ذوالحج د مياشتې نهم تاريخ. په دې ورځ حاجيان د عرفات مېدان كښې جمع كېږي او د حج احكام په ځائے راوړي. (و_____________ عرفات).</meaning></meanings></int></entry><entry><word>عرفي</word><int><pron>(عُ+رْ+فِي)</pron><gram>[عف تر-صف]</gram><poem/><meanings><meaning>عام- اولسي- هغه كار يا عمل كوم چې د عام رواج مطابق شوے وي- اولسي رواج يا قانون.</meaning></meanings></int></entry><entry><word>عرفي قانون</word><int><pron>(—+قا+نُو+نْ)</pron><gram>[عپ تر-اس-مذ-ج:ونه]</gram><poem/><meanings><meaning>هغه قانون چې د عام رواج مطابق وي- رواجي قانون (د شرعې په مقابله كښې).</meaning></meanings></int></entry><entry><word>عرفي قباله</word><int><pron>(—+قِ+با+لَ)</pron><gram>[عف تر-اس-مو-ج:قبالې]</gram><poem/><meanings><meaning>د جائيداد او دخرڅ هغه كاغذ كوم چې د عام اولس د روج مطابق وي.</meaning></meanings></int></entry><entry><word>عرفي نكاحنامه</word><int><pron>(—+نِ+كا+(ح)+نا+مَ)</pron><gram>[عف تر-اس-مو-ج:مې]</gram><poem/><meanings><meaning>هغه نكاح نامه كومه چې د اولس د رواج مطابق ليكلې شوي وي.</meaning></meanings></int></entry><entry><word>عرفيه</word><int><pron>(عُ+رْ+فِي+ىَ)</pron><gram>[عف تر-صف-مو]</gram><poem/><meanings><meaning>د ((عرفي)) تانيث دے.</meaning></meanings></int></entry><entry><word>عرفيه قوانين</word><int><pron>(—+قَ+وا+نِي+نْ)</pron><gram>[عپ تر-اس-ج]</gram><poem></poem><meanings><meaning>هغه قوانين كوم چې عام رواج سره تعلق لري- رواجي قوانين.</meaning></meanings></int></entry></words>
