<?xml version="1.0" encoding="UTF-8"?>
<words>
  <entry>
    <word>عظيم</word>
    <int>
      <pron>(عَ+ظِي+مْ)</pron>
      <gram>[ع-صف-مذ-مؤ:ه]</gram>
      <poem/>
      <meanings>
        <meaning>لوئے- ستر- بزرګ.</meaning>
        <meaning>د خدائے پاك يو صفاتي نوم.</meaning>
      </meanings>
    </int>
  </entry>
<entry><word>عظيم تره</word><int><pron>(—+تَ+رَ)</pron><gram>[عف تر-صف]</gram><poem/><meanings><meaning>د نورو په مقابله كښې لوئے ډېر لوئے.</meaning></meanings></int></entry><entry><word>عظيم الجثه</word><int><pron>(—+(مُ+لْ)جُ+ثْ+ثَ)</pron><gram>[ع تر- صف]</gram><poem/><meanings><meaning>د لويې جُثې يعنې د بدن خاوند- غټ او لوړ دنګ.</meaning></meanings></int></entry><entry><word>عظيم الشان</word><int><pron>(—+(مُ+شْ)+شا+نْ)</pron><gram>[ع تر-صف-مذ-مو:ه]</gram><poem/><meanings><meaning>لوئے شان واله- لوئے قدر واله- ډېر شان شوكت واله.</meaning><meaning>ډېر لوئے او ښكلے- لكه: عظيم الشان بلډنګ- عظيم الشانه جلسه.</meaning></meanings></int></entry><entry><word>عظيم القدر</word><int><pron>(—+(مُ+لْ)+قَ+دُ+ر)</pron><gram>[ع-تر- صف-مذ-مو:ه]</gram><poem/><meanings><meaning>د لوئے قدر خاوند- لوئے قدر او عزت واله- د لوې درجې.</meaning></meanings></int></entry><entry><word>عظيم المرتبت</word><int><pron>(—+(مُ+لْ)+مَ+رْ+تَ+بَ+تْ)</pron><gram>[ع-تر-صف-مذ-مو:ه]</gram><poem/><meanings><meaning>د لوئې مرتبې خاوند- لوئې مرتبې واله.</meaning></meanings></int></entry><entry><word>عظيم خان كور</word><int><pron>(عَ+ظِي+مْ+خا+نْ+كو+رْ)</pron><gram>[اس-مع]</gram><poem></poem><meanings><meaning>دعمرخان خېلو څانګه ده- عمرخان خېل- علي شېر زي- لشكرزي اوركزي دي.</meaning></meanings></int></entry></words>
