<?xml version="1.0" encoding="UTF-8"?>
<words>
  <entry>
    <word>عبا</word>
    <int>
      <pron>(عَ+با)</pron>
      <gram>[ع-اس-مؤ-ج: عباګانې]</gram>
      <poem/>
      <meanings>
        <meaning>هغه اوږده جامه- چې عموماً د پشم نه جوړولے شي- او غريب خلق يې اغوندي (په مقابله كښې د (قبا) چې شته من خلق يې اغوندي) جُبه- عذكه- شوكه- اوږد كوټ شان.</meaning>
      </meanings>
    </int>
  </entry>
<entry><word>عباد</word><int><pron>(عُ+بْ+با+د)</pron><gram>[ع-اس-ج]</gram><poem/><meanings><meaning>د (عابد) جمع ده. عابدان- عبادت كوونكي- عبادت ګذاره خلق.</meaning></meanings></int></entry><entry><word>عبا پوش</word><int><pron>(— +پو+ش)</pron><gram>[عف تر- صف مذ]</gram><poem/><meanings><meaning>هغه سړے چې عبا يې اغوستې وي.</meaning><meaning>دروېش- فقير.</meaning></meanings></int></entry><entry><word>عباس خېل</word><int><pron>(عَ+با+سْ+خېل)</pron><gram>[اس مع]</gram><poem/><meanings><meaning>د شمشي خېلو څانګه ده. (شمشي خېل(شېخ خېل)(تاجي خېل)(بوسي)(نصري)(احمدزي)(دروېش خېل) وزير دي.</meaning></meanings></int><int><pron>(عَ+با+سْ+خېل)</pron><gram>[اس مع]</gram><poem/><meanings><meaning>د اباخېلو وړه څانګه ده او ابا خېل (د اسماعيل زي(دولت زي(ملېزي) بنېروال دي.</meaning></meanings></int><int><pron>(د دغه)</pron><gram>[اس مع]</gram><poem/><meanings><meaning>د پنځه پلارو څانګه ده. (پنځه پلاري (عبدالله ئي)(اېمل خېل)(بهلول زي) محسود دي.</meaning></meanings></int><int><pron>(د دغه)</pron><gram>[اس مع]</gram><poem/><meanings><meaning>د سمي خېلو څانګه ده. (شمي خېل) (پلي خېل)(منزي خېل)(علي زي)  محسود دي.</meaning></meanings></int><int><pron>(د دغه)</pron><gram>[اس مع]</gram><poem/><meanings><meaning>د ګيتا خېلو څانګه ده. (ګيتا خېل) (محمد خېل)(مَلخ)(ملي زاد) دوړ دي.</meaning></meanings></int><int><pron>(عَ+با+سْ+خېل)</pron><gram>[اس مع]</gram><poem/><meanings><meaning>د ترغرو څانګه ده. كاكړ دي.</meaning></meanings></int></entry><entry><word>عباسي</word><int><pron>(عَ+بْ+با+سِي)</pron><gram>[اس-مع]</gram><poem/><meanings><meaning>حضرت عباسؓ ته منسوب- د حضرت عباسؓ د اولاد څخه- د اسلامي سلطنت حكمرانان چې عموماً((خلفائې عباسيه)) بللے شي. دوي د 750ء نه واخلې تر 1258ء پورې حكومت كړے وو.</meaning></meanings></int><int><pron>(عَ+با+سي)</pron><gram>[عف تر-اس]</gram><poem/><meanings><meaning>تور رنګ- ځكه چې عباسي خليفه ګانو اكثر د توررنګ جامې اغوستې.</meaning><meaning>سور رنګ چې پكښې د اودي رنګ ګډون وي.</meaning><meaning>يوه پخوانۍ سكه.</meaning></meanings></int></entry><entry><word>عباسي ګل</word><int><pron/><gram/><poem>په يوه مزكه يوۀ باغبان كرلي&lt;br/&gt;عباسي ګلونه زېړو سپين و سرۀ كړے&lt;br/&gt;(خوشحال)</poem><meanings><meaning>(د يو مشهور ګل نوم دے- ګل عباسي- چې مختلف رنګونه لري- عام خلق ورته ګلاباسي وايي.</meaning></meanings></int></entry><entry><word>عباسيان</word><int><pron>(عَ+بْ+با+س+يا+نْ)</pron><gram>[عف تر- اس-ج]</gram><poem/><meanings><meaning>و____ عباسي.</meaning></meanings></int></entry><entry><word>عباسؓ</word><int><pron>(عَ+بْ+با+س)</pron><gram>[اس مع]</gram><poem>يو امير حمزهؓ سيدالشهداء وو&lt;br/&gt;بل عباسؓ د دين راسخ په خصمانه دے&lt;br/&gt;(حافظ)</poem><meanings><meaning>د حضور پاك صلى الله عليه وسلم د ټولونه د كشر ترۀ نوم په 652 هـ كښې 88 كالو په عمر كښې وفات شۀ. د اسلامي سلطنت عباسي خليفه ګان د دوي د اولاده څخه وو. چې د 132 هـ (749ء) نه واخلې تر 648 هـ (1258) پورې يې حكومت كړے دے.</meaning><meaning>د حضرت علي كرم الله وجهه د يو زوئے نوم چې د هغې بي بي نه وو. كومه چې هغوي د بي بي فاطمېؓ د وفات نه پس په نكاح كړې وه. د كربلا په سانجه كښې د امام حسين ملاتړ او علم بردار وو. ځكه ورته عباسي علم بردار هم وايي.</meaning></meanings></int></entry><entry><word>عباس</word><int><pron>(عَ+بْ+با+سْ)</pron><gram>[ع-صف]</gram><poem/><meanings><meaning>شلوونكے زمرے- داړونكے مزرے.</meaning></meanings></int></entry><entry><word>عبارت</word><int><pron>(عِ+با+رَ+تْ)</pron><gram>[ع-اس-مذ-ج: عبارتونه]</gram><poem>د بل خط په عبارت په نظر نۀ كا!&lt;br/&gt;چې نظر وكاندې ستا په خط و خال څوك&lt;br/&gt;(رحمان بابا)&lt;br/&gt;په زر ژبه يې ستا په واړه يو دے&lt;br/&gt;عبارت كه مختلف شۀ يو مضمون شۀ&lt;br/&gt;(خوشحال)</poem><meanings><meaning>بيان- وېنا- ليك- مضمون- ليكلے بيان يا وېنا.</meaning><meaning>د ليك انداز- انشاء</meaning><meaning>مراد- تعبير.</meaning></meanings></int></entry><entry><word>عبارت ارائي</word><int><pron>(— +آ+را+ئي)</pron><gram>[عف تر- اس-مؤ]</gram><poem/><meanings><meaning>د ليك آراسته كونه- مضمونه ښكلے كونه- په تكلف سره مضمون وغېره ليكنه انشاء پردازي.</meaning></meanings></int></entry><entry><word>عبارت ارائي كول</word><int><pron/><gram/><poem/><meanings><meaning>په ليك كښې د ښكلا دپاره د تكلف نه كار اخيستل- په ليك كښې ښكلي ښكلي الفاظ محاورې تشبيهات وغېره استعمالول- انشاء پردازي كول.</meaning></meanings></int></entry><entry><word>عبارت ترې دادے چې</word><int><pron/><gram/><poem/><meanings><meaning>(جمله) مراد دے- د دغې تحرير يا لفظ وغېره نه مراد دادے چې---- (عموماً په داسې موقع وېلے كېږي چې د جملې يا د لفظ د اصل معنو په ځائے بله څه معنٰى مراد وي. يعنې كنايه غوندې وي).</meaning></meanings></int></entry><entry><word>عبارت سازي</word><int><pron>(— +سا+زي)</pron><gram>[عف تر-اس-مؤ]</gram><poem/><meanings><meaning>عبارت آرايي- ښكلے عبارت (مضمون وغېره) ليكنه.</meaning></meanings></int></entry><entry><word>عبارت خېل</word><int><pron>(عِ+با+رَ+تْ+خېل)</pron><gram>[اس مع]</gram><poem/><meanings><meaning>د سلطان خېلو څانګه ده. او سلطان خېل (راڼي زي (اكوزي)  يوسفزي دي.</meaning></meanings></int></entry><entry><word>عباد الله</word><int><pron>(— +(دُ+لْ) لا+ه)</pron><gram>[ع تر-اس-ج]</gram><poem/><meanings><meaning>د الله پاك بنديان- د خدائے پاك مخلوق.</meaning></meanings></int></entry><entry><word>عباده</word><int><pron>(عا+ب+دَ)</pron><gram>[اس-مؤ-ج-دے]</gram><poem/><meanings><meaning>د ”عابد“ تانيث دے (و__دے) د مسلمانانو ښځو په نومونو كښې استعمالېږي</meaning></meanings></int></entry><entry><word>عبادت</word><int><pron>(ع+با+دَ+تْ)</pron><gram>[ع-اس-م-ج:عبادتونه]</gram><poem/><meanings><meaning>بندګي- پرستش. د خدائے يادونه- نمونځونه- دعاګانې.</meaning></meanings></int></entry><entry><word>عبادت خانه</word><int><pron/><gram/><poem/><meanings><meaning>(— +خا+نَ)</meaning></meanings></int></entry><entry><word>عبادت ګاه</word><int><pron>(— +ګا+(ه))</pron><gram>[عف تر-اس-مذ]</gram><poem/><meanings><meaning>هغه ځائے يا عمارت چرته چې د خپل معبود عبادت يا بندګي كولے شي- د پرستش كولو ځائے- معبد- مندر- جما- ماګت.</meaning></meanings></int></entry><entry><word>عبادت كول</word><int><pron/><gram/><poem/><meanings><meaning>پرستش كول- بندګي كول. خدائے يادول- د الله پاك بندي كول.</meaning></meanings></int></entry><entry><word>عبادتي</word><int><pron>(ع+با+دَ+تِي)</pron><gram>[عپ تر-صف]</gram><poem></poem><meanings><meaning>عبادت سره متعلق- عبادت ته منسوب.</meaning><meaning>عبادت كوونكے.</meaning></meanings></int></entry></words>
