<?xml version="1.0" encoding="UTF-8"?>
<words>
  <entry>
    <word>عدالت</word>
    <int>
      <pron>(عَ+دا+لَ+تْ)</pron>
      <gram>[ع-اس-مذ-ج: عدالتونه]</gram>
      <poem/>
      <meanings>
        <meaning>دعدل حالت يادكار برابرې- (دواه غاړې) برابرول- انصاف- نياؤ.</meaning>
        <meaning>هغه ځائے چرته چې انصاف كولے شي. كچهرۍ- د نياؤ ځائے. (هر كله چې څۀ جګړې يا تنازعې وغېره كښې ظلم كوونكے- مظلوم سره برابرولے شي ځكه يې دغه نوم شۀ).</meaning>
      </meanings>
    </int>
  </entry>
<entry><word>عدالت چلول</word><int><pron/><gram/><poem/><meanings><meaning>د جګړو او شخړو فېصلې كول- منصفي كول.</meaning><meaning>لكه د عدالت د حاكم حكم.</meaning></meanings></int></entry><entry><word>عدالت كول</word><int><pron/><gram/><poem/><meanings><meaning>عدل كول- انصاف كول- د جګړو او تنازعو، انصاف سره فېصله كول- كچهرۍ كول- يا په كچرهۍ كښې د مقدمو فېصلې كول.</meaning></meanings></int></entry><entry><word>عدالت لګول</word><int><pron/><gram/><poem/><meanings><meaning>دعدالت د حاكم- دعدالت په كرسۍ كښېناستل.</meaning><meaning>د شكايتونو د اورېدولو دپاره د مجاز افسر (مجسټريټ وغېره) كار شروع كول.</meaning></meanings></int></entry><entry><word>عدالت له تلل</word><int><pron/><gram/><poem/><meanings><meaning>د څۀ جګړې يا تنازعې وغېره د فېصلې دپاره قاضي يا مجسټريټ وغېره ته انصاف درخواست كول.</meaning></meanings></int></entry><entry><word>عدالتي</word><int><pron>(عَ+دا+لَ+تِي)</pron><gram>[عف تر-صف]</gram><poem/><meanings><meaning>عدالت يا كچهرۍ سره متعلق. عدالت يا كچهرۍ ته منسوب. د عدالت. لكه: عدالتي كاروايي.</meaning></meanings></int></entry><entry><word>عداوت</word><int><pron>(عَ+دا+وَ+تْ)</pron><gram>[ع-اس-مذ-ج:ونه]</gram><poem>عبادت له غزازيله عداوت دے&lt;br/&gt;د عابد ركوع سجود حاصل جهاد شي&lt;br/&gt;(حافظ)</poem><meanings><meaning>د شمني- ميرځي- ميرځمني- مخالفت- بغض- كينه.</meaning></meanings></int></entry></words>
