<?xml version="1.0" encoding="UTF-8"?>
<words>
  <entry>
    <word>عطا</word>
    <int>
      <pron>(عَ+طا)</pron>
      <gram>[ع-اس-مو-ج:ګانې]</gram>
      <poem/>
      <meanings>
        <meaning>بخشش- وركړه- بخښنه- انعام.</meaning>
        <meaning>سخاوت- فېض.</meaning>
        <meaning>د مسلمانانو په نومونو كښې استعمالېمږي.</meaning>
      </meanings>
    </int>
  </entry>
<entry><word>عطا سبحاني</word><int><pron/><gram/><poem>په اوبو د صبر مړ لره اور د قهر&lt;br/&gt;په صابر باندې عطا يې سبحاني ده&lt;br/&gt;(حافظ)</poem><meanings><meaning>د خدائے پاك وركړه- خدائے انعام- د الله پاك بخشش.</meaning></meanings></int></entry><entry><word>عطا كول</word><int><pron/><gram/><poem/><meanings><meaning>وربخښل- وركول- په انعام كښې يا مفت او وېړيا وركول</meaning></meanings></int></entry><entry><word>عطا كېدل</word><int><pron/><gram/><poem/><meanings><meaning>وربخښلے كېدل.</meaning></meanings></int></entry><entry><word>عطار</word><int><pron>(عَ+طا+رْ)</pron><gram>[ع-اس-صف-مذ-مؤ:ه]</gram><poem>چې يې هېچرې نه مثل نه مثال شته&lt;br/&gt;د هغو عطر و عطار دے رب زما&lt;br/&gt;(رحمان بابا)</poem><meanings><meaning>عطر خرڅونكے- عطر فروش.</meaning><meaning>داروګان خرڅونكے- دوا فروش- پساري.</meaning></meanings></int></entry><entry><word>عطارد</word><int><pron>(عَ+طا+رِ+دْ)</pron><gram>[ع-اس-مع]</gram><poem>عطارد د نور قلم له لاسه كښېږدي&lt;br/&gt;چې په دا خوبۍ بهرام انشاء املا كا&lt;br/&gt;(خوشحال)</poem><meanings><meaning>د يوې سيارې نوم- چې نمر ته د نورو ټولو سيارونه نزدې ده. د نمر نه يې فاصله درې كروړه او شپېتۀ لكه ميله ده. د نمر نه چاپېره يو چكر (د زمكې د ورځو په حساب) په 88 ورځو كښې پوره كوي. قطر يې 2702 ميله دے. د پخوانو خلقو د وېنا مطابق دا سياره په دوېم آسمان كښې ده. او د دې تعلق علم او عقل سره دے. له دې كبله ورته د بيرفلك (د آسمان منشي) هم وايي.</meaning><meaning>د كېمياګرو په اصطلاح كښې جستو (دهات) ته وايي.(د دې لفظ اصل لفظ د عېن پېښ سره عُطارد دے. خو عام طور سره زور سره وئيلے كېږي).</meaning></meanings></int></entry><entry><word>عطارد رقم</word><int><pron>(—+رَ+قَ+مْ)</pron><gram>[عف تر-صف-مذ-مو:ه]</gram><poem/><meanings><meaning>د عطارد په شان ليك كوونكے- ډېر ښۀ ليك كوونكے.</meaning></meanings></int></entry><entry><word>عطاري</word><int><pron>(عَ+طْ+طا+رِي)</pron><gram>[عف تر-اس-مو]</gram><poem/><meanings><meaning>د عطر د خرڅولو كار كول- عطر فروشي.</meaning><meaning>د داروګانو خرڅولو كار يا پېښه. دوا فروشي- پساري توب.</meaning></meanings></int></entry><entry><word>عطايي</word><int><pron>(عَ+طا+يي)</pron><gram>[عف تر-صف]</gram><poem>ددۀ علم عطايي وي&lt;br/&gt;نه سبق د داشمند!&lt;br/&gt;(خوشحال)</poem><meanings><meaning>هغه كس چې پخپله يې څۀ كار يا هنر زده كړے وي، چې بل چا ورته نه وي ښودلے- بغېر د استاد نه څه كار هنر زده كولو واله.</meaning></meanings></int></entry><entry><word>عطايي طبيعت</word><int><pron/><gram/><poem>طبيعت مې عطايي نۀ ده تحصيل دے&lt;br/&gt;كه خبر يم د املا په استعمال&lt;br/&gt;(خوشحال)</poem><meanings><meaning>د خپلې خوښې طبيعت- چې دبل چا په وېنا پسې نۀ ځي.</meaning></meanings></int></entry><entry><word>عطايا</word><int><pron>(عَ+طا+يا)</pron><gram>[ع-اس-ج]</gram><poem></poem><meanings><meaning>د عطيه جمع ده. بخښنې. انعامونه- وركړې.</meaning></meanings></int></entry></words>
