<?xml version="1.0" encoding="UTF-8"?>
<words>
  <entry>
    <word>عوض</word>
    <int>
      <pron>(عِ+وَ+ضْ)</pron>
      <gram>[ع-اس-مذ-ج:ونه]</gram>
      <poem/>
      <meanings>
        <meaning>بدل- معاوضه.</meaning>
        <meaning>انتقام- بدله.</meaning>
      </meanings>
    </int>
  </entry>
<entry><word>عوضانه</word><int><pron>(عِ+وَ+ضا+نَ)</pron><gram>[عف تر-اس-مو]</gram><poem/><meanings><meaning>بدله- معاوضه- د يو څيز په بدل كښې بل څيز- د بدل څيز.</meaning></meanings></int></entry><entry><word>عوضي</word><int><pron>(عِ+وْ+ضِي)</pron><gram>[عپ تر]</gram><poem></poem><meanings><meaning>بدلون- بدله- بدل كښې- قائم مقام.</meaning></meanings></int></entry></words>
