<?xml version="1.0" encoding="UTF-8"?>
<words>
  <entry>
    <word>عابد</word>
    <int>
      <pron>(عا+بِ+دْ)</pron>
      <gram>[ع-اس-مذ-ج-ان]</gram>
      <poem>عبادت له عزارائيله عداوت دے&lt;br/&gt;د عابد ركوع سجود حاصل جهاد شي&lt;br/&gt;(حافظ)</poem>
      <meanings>
        <meaning>عبادت كوونكے- عبادت ګذار پرستش كوونكے- پرهېزګار.</meaning>
      </meanings>
    </int>
  </entry>
<entry><word>عابر</word><int><pron>(عا+بِ+رْ)</pron><gram>[ع-اس-مذ-ج-ان/ ين-مؤ-ه]</gram><poem/><meanings><meaning>عبوركوونكے- پورے كوونكے- لاروے- رهګذر.</meaning></meanings></int></entry><entry><word>عابدين</word><int><pron>(عا+ب+دِى+نْ)</pron><gram>[ع-اس-ج]</gram><poem/><meanings><meaning>د ”عابد“ عربي جمع ده.</meaning></meanings></int></entry><entry><word>عابدانه</word><int><pron>(عا+بِ+دا+نَ)</pron><gram>[صف]</gram><poem></poem><meanings><meaning>عابدانو ته منسوب- د عابدانو په شان د عبادت كوونكو په رنګ كښې.</meaning></meanings></int></entry></words>
