<?xml version="1.0" encoding="UTF-8"?>
<words>
  <entry>
    <word>عام</word>
    <int>
      <pron>(عا+م)</pron>
      <gram>[ع-اس-مذ]</gram>
      <poem/>
      <meanings>
        <meaning>كال- (ف-سال)</meaning>
      </meanings>
    </int>
  <int><pron>(عا+مْ)</pron><gram>[ع-صف مذ- مؤ: عامه]</gram><poem/><meanings><meaning>د (خاص) ضد دے- هريو</meaning><meaning>هغه كار- خصوصيت يا حكم چې په هرچا كښې موندے شي.</meaning><meaning>په هرځائے كښې موندلے لېدونك.</meaning><meaning>ټول- كل.</meaning><meaning>معمولي- رواجي- ادنٰى.</meaning><meaning>خور وور.</meaning><meaning>مشهور- هرچاته معلوم.</meaning></meanings></int></entry>
<entry><word>عامي</word><int><pron>(عا+مِي)</pron><gram>[صف- مذ]</gram><poem/><meanings><meaning>عام سړے- اَن پړهـ- جاهل.</meaning></meanings></int></entry><entry><word>عامه خبره</word><int><pron/><gram/><poem/><meanings><meaning>مشهوره خبره- هغه خبره چې هر چاته معلومه وي. د خاص خبرې ضد دے.</meaning></meanings></int></entry><entry><word>عامه رايې</word><int><pron>(عف تر-اس-مؤ)</pron><gram/><poem/><meanings><meaning>هغه رايې يا خيال چې ټول اولس يا قام يې لري. د اكثريت رايې يا خيال.</meaning></meanings></int></entry><entry><word>عامه</word><int><pron>(عا+مْ+مَ)</pron><gram>[تف]</gram><poem/><meanings><meaning>د عامو خلقو- د عوامو متعلق- چې تعلق يې عامو خلقو يا رعيت سره وي.</meaning></meanings></int><int><pron>(عا+مَ)</pron><gram>[ع-صف]</gram><poem/><meanings><meaning>د (عام) تانيث دے. و_____ عام</meaning></meanings></int></entry><entry><word>عامل</word><int><pron>(عا+مِ+لْ)</pron><gram>[ع-اس-صف-مذ-ج: عاملان- عمال-(مؤ: عامله]</gram><poem>نېك عمل د عاملانو نېك فرزند دے&lt;br/&gt;خدائے څوك مه كړه شراب خور او قمار باز&lt;br/&gt;(رحمان بابا)</poem><meanings><meaning>عمل كوونكے- عملدار- حاكم.</meaning><meaning>كاريګر- كارنده.</meaning><meaning>د پېريانو او جناتو وغېره د عمل پوهان ټوڼې تعويذونه وغېره كوونكے- د جادو منتر پوهان.</meaning></meanings></int></entry><entry><word>عامر</word><int><pron>(عا+مِ+رْ)</pron><gram>[ع-اس-صف-مذ-ج:عامران-مؤ: عامره]</gram><poem/><meanings><meaning>ابادوُونكے- تعمير كوونكے.</meaning><meaning>آباد- ډك- معمور.</meaning><meaning>د نارينه ؤ په نومونو كښې هم استعماليږي.</meaning></meanings></int></entry><entry><word>عامؤل</word><int><pron>(عا+مَ+ؤ+لْ)</pron><gram>[مص]</gram><poem/><meanings><meaning>عام كول- عامو خلقو ته يا اولس ته رسول- مشهورول.</meaning></meanings></int></entry><entry><word>عامره</word><int><pron>(عا+مِ+رَ)</pron><gram>[ع-اس-صف-مؤ-ج: عامرې]</gram><poem/><meanings><meaning>د (عامر) تانيث دے.</meaning><meaning>آباد- تعمير شوے.</meaning><meaning>ډكه- لويه- د خزانې په صفت كښې استعماليږي يعنې خزانۀ عامره (شاهي خزانه)</meaning></meanings></int></entry><entry><word>عامري</word><int><pron>(عا+مِ+رِي)</pron><gram>[عف تر-اس-مذ]</gram><poem/><meanings><meaning>د بنو عامر نومې قبيلې سره تعلق لرونكے- ددغې قبيلې وګړے. مشهور افسانوي عاشق قېس (يا مجنون)  دې قبيلې ته منسوب كولے شي.</meaning></meanings></int></entry><entry><word>عام وګړے</word><int><pron>(— +ؤ+ګ+ړے)</pron><gram>[عف تر-اس]</gram><poem/><meanings><meaning>دخاص خلق وغېره ضد- چې هريو سړے نر ښځې پكښې شاملې وي- عوام.</meaning></meanings></int></entry><entry><word>عام والے</word><int><pron>(— +وا+لے)</pron><gram>[عپ تر- اس-مذ-ج:لي]</gram><poem/><meanings><meaning>عام كېدنه- هرچاته رسېدنه- (د خاص والي ضد).</meaning></meanings></int></entry><entry><word>عام مصرف</word><int><pron>(— +مَ+صْ+رَ+فْ)</pron><gram>[عف تر-اس-مذ]</gram><poem/><meanings><meaning>هغه پېسې ټكې لګول چې د عامو خلقو د ضرورت دپاره وي.</meaning><meaning>عمومي خرچ.</meaning></meanings></int></entry><entry><word>عام مقبوليت</word><int><pron>(— +مَ+قْ+بُو+لِي+ىَ+تْ)</pron><gram>[عف تر- اس مذ]</gram><poem/><meanings><meaning>په عامو خلقو كښې مقبول كېدنه- په عامو خلقو كښې غوره ګڼلے كېدنه.</meaning></meanings></int></entry><entry><word>عام كول</word><int><pron/><gram>(مص تر)</gram><poem/><meanings><meaning>خورول- هر خواته رسول- هرچاته رسول- مشهورول.</meaning></meanings></int></entry><entry><word>عام فهم</word><int><pron>(— +فَ+ۀ+مْ)</pron><gram>[عف تر- صف مذ- مؤ: فهمه]</gram><poem/><meanings><meaning>په آسانه په فهم او پوهه كښې راتلونكے، چې ټول پرې په آسانه پوهه شي- آسانه.</meaning></meanings></int></entry><entry><word>عام روش</word><int><pron>(— +رَ+وِ+شْ)</pron><gram>[عف تر-اس-مذ]</gram><poem/><meanings><meaning>عامه طريقه- عام دود عامه قاعده- هغه طريقه يا دود چې هرڅوك يې اختيار وي يا يې اختيار كړے وي.</meaning></meanings></int></entry><entry><word>عام خلق</word><int><pron/><gram/><poem/><meanings><meaning>(— +خَ+لَ+قْ)</meaning></meanings></int></entry><entry><word>عام بازار</word><int><pron>(— +با+زا+رْ)</pron><gram>[عف تر-اس-مذ- ج:بازارونه]</gram><poem/><meanings><meaning>هغه بازار چې عالم خلق پكښې سود سودا كوي لكه: دا څيز خو په عام بازار كښې په سل روپۍ مېلاويږي- تا په شپږ شلې څنګه واخست.</meaning></meanings></int></entry><entry><word>عام اولس</word><int><pron/><gram/><poem/><meanings><meaning>(— +اُو+لْ+سْ)</meaning></meanings></int></entry><entry><word>عام اصطلاح</word><int><pron>(— +اِ+صْ+طِ+لا+حْ)</pron><gram>[عف تر- اس-مو-ج: ګانې]</gram><poem/><meanings><meaning>هغه اصطلاح كومه چې عام طور په استعمال كښې راځي.</meaning></meanings></int></entry><entry><word>عامېدل</word><int><pron>(عا+مې+د+لْ)</pron><gram>[مص]</gram><poem/><meanings><meaning>عام كېدل- تر هر چا رسېدل- تر عامو خلقو پورې خورېدل- مشهورېدل- هرچاته معلومه كېدل.</meaning></meanings></int></entry><entry><word>عاميانه</word><int><pron>(عا+مِ+يا+نَ)</pron><gram>[عف تر- صف]</gram><poem></poem><meanings><meaning>د عامو خلقو په انداز يا طريقه- د كمې درجې- بازاري.</meaning></meanings></int></entry></words>
