<?xml version="1.0" encoding="UTF-8"?>
<words>
  <entry>
    <word>عكسري خېل</word>
    <int>
      <pron>(عَ+سْ+كَ+رِيْ+خېل)</pron>
      <gram>[اس-مع]</gram>
      <poem/>
      <meanings>
        <meaning>د ابراهيم خېلو وړه څانګه ده. ابراهيم خېل-علي خېل-ماموزي- لشكرزي اوركزي دي.</meaning>
      </meanings>
    </int>
  </entry>
<entry><word>عكس</word><int><pron>(عَ+كْ+سْ)</pron><gram>[ع-اس-مذ-ج:ونه]</gram><poem>نۀ يې فهم فراست وي او نۀ يې عقل&lt;br/&gt;خالي نقش لكه عكس د معكوس!&lt;br/&gt;(رحمان بابا)</poem><meanings><meaning>اړولے- اُلټه- اپوټه.</meaning><meaning>څهره يا شكل كوم چې په آئينه يا اوبو كښې ښكاري.</meaning><meaning>تصوير- فوټو.</meaning></meanings></int></entry><entry><word>عكس اخېستل</word><int><pron/><gram/><poem/><meanings><meaning>د يو نقش وغېره دپاسه نرے كاغذ كښېښودل- او د لانديني نقش نقل جوړول.</meaning><meaning>تصوير اخېستل (په كيمره كښې) فوټو اخېستل.</meaning></meanings></int></entry><entry><word>عكس اخېستونكڤ</word><int><pron>(—+اَ+خِ+سْ+تُو+نْ+كَے)</pron><gram/><poem/><meanings><meaning>تصوير اخېستونكے- فوټو اخېستونكے.</meaning></meanings></int></entry><entry><word>عكس افګن</word><int><pron>(—+اَ+فْ+ګَ+نْ)</pron><gram>[عف تر-صف-مذ-مو:ه]</gram><poem/><meanings><meaning>عكس اچوونكے- عكس غورزوونكے.</meaning></meanings></int></entry><entry><word>عكس ((بودل))</word><int><pron/><gram/><poem/><meanings><meaning>((بودل)) اپوټه ((بودل)). (په عادت- شكل- وغېره كښې) د چانه بالكل اُلټه ((بودل)).دا شعر د تېر شعر عكس دے. (يعنې بېخي بدله معنى لري) لكه: دا هلك بخېي د خپل پلار عكس دے. (يعنې په عادت كړۀ وړه وغېره كښې د پلار په شان دے. (دا لخت اضداد دے). مخالف</meaning></meanings></int></entry><entry><word>عكس جوړول</word><int><pron/><gram/><poem/><meanings><meaning>تصويرجوړول- فوټو جوړول.</meaning></meanings></int></entry><entry><word>عكس كول</word><int><pron/><gram/><poem/><meanings><meaning>ضدكول- رشك يا حسد كول- خبره نۀ منل- مخالفت كول- مخالفت كاركول.</meaning></meanings></int></entry><entry><word>عكس وترد</word><int><pron>(—+(سو)+تَ+رَ+دْ)</pron><gram>[عف تر-اس-مذ]</gram><poem/><meanings><meaning>د شعر ديو صنعت نوم دے- چې پكښې د نيمې مصرعې الفاظ اړولي كړي او پاتې نيمه مصرع ترې جوړه كړي- لكه
ستا شونډې دي مېګونې، مېګونې دي ستا شونډې</meaning></meanings></int></entry><entry><word>عكسي</word><int><pron>(عَ+كَ+سِي)</pron><gram>[عف تر-صف]</gram><poem/><meanings><meaning>د عكس سره تعلق لرونكے- عكس ته منسوب. د فوټو- په فوټو ګرام (كيمره) جوړ شوے (تصوير)</meaning></meanings></int></entry><entry><word>عكس تصوير</word><int><pron></pron><gram></gram><poem></poem><meanings><meaning>فوټو- فوټو ګراف</meaning></meanings></int></entry></words>
