<?xml version="1.0" encoding="UTF-8"?>
<words>
  <entry>
    <word>عجوبه</word>
    <int>
      <pron>(عَ+جُو+بَ)</pron>
      <gram>[ع-اس-مو-ج:عجوبې]</gram>
      <poem/>
      <meanings>
        <meaning>عجيبه- نوے څيز- داسې څيز چې په كتو يا اورېدو يې سړے حېرانه شي.</meaning>
      </meanings>
    </int>
  </entry>
<entry><word>عجوز</word><int><pron>(عَ+جُو+ز)</pron><gram>[ع-اس-مو-ج: عجوزې]</gram><poem/><meanings><meaning>بوډۍ- زړه ښځه- ضعيفه ښځه.</meaning><meaning>مجازاً- دا فاني دنيا. (ځنې وخت د پښتو د قواعدو تر لاندې د تانيث دپاره ورسره ((ه)) هم لګولے شي- خو ((عجوز)) پخپله هم مونث دے مذكر نه دے).</meaning></meanings></int></entry><entry><word>عجوسي</word><int><pron>(عَ+جُو+سِي)</pron><gram>[اس مع]</gram><poem></poem><meanings><meaning>د بدين زئيو څانګه ده. (بدين زئ- د عبدالله زئ- د سنزر خېل كاكړ دي.</meaning></meanings></int></entry></words>
