<?xml version="1.0" encoding="UTF-8"?>
<words>
  <entry>
    <word>عماد</word>
    <int>
      <pron>(عَ+ما+دْ)</pron>
      <gram>[ع-اس-مذ-ج:ونه]</gram>
      <poem/>
      <meanings>
        <meaning>ستن (د كوټې وغېره) په القابو كښې نورو الفاظو سره راځي.</meaning>
        <meaning>د نارينه ؤ په نومونو كښې هم استعمالېږي.</meaning>
      </meanings>
    </int>
  </entry>
<entry><word>عمال</word><int><pron>(عُ+مْ+ما+لْ)</pron><gram>[ع-اس-ج]</gram><poem/><meanings><meaning>د عامل جمع- عاملان- كړوني- د حكومت كارنده يا ايجنټان- د مالي معاملاتو كاركوونكي- تحصيلداران.</meaning></meanings></int></entry><entry><word>عمامه</word><int><pron>(عَ+ما+مَ)</pron><gram>[ع-اس-مو-ج:عمامې]</gram><poem/><meanings><meaning>پټكے- پګړۍ-دستار- پنډوس- خرټه.</meaning></meanings></int></entry><entry><word>عمان</word><int><pron>(عُ+مْ+ما+نْ)</pron><gram>[اس-مع]</gram><poem>په چمټه كښې لوئے غر ځائے كا&lt;br/&gt;په كوزه كښې ږدي عمان&lt;br/&gt;(خوشحال)</poem><meanings><meaning>د يو اسلامي ملك نوم.</meaning><meaning>د عمان ملك سره پېوست سمندر- بحر عمان.</meaning></meanings></int></entry></words>
