<?xml version="1.0" encoding="UTF-8"?>
<words>
  <entry>
    <word>عقاب</word>
    <int>
      <pron>(عُ+قا+بْ)</pron>
      <gram>[ع-اس-مذ-ج:ونه-ان]</gram>
      <poem/>
      <meanings>
        <meaning>يو تور رنګے ښكاري مارغۀ دے- چې ډېر تېز پرك او طاقتور وي- چې د كال نيم ماشوم هم تښتوي- باتور.</meaning>
      </meanings>
    </int>
  </entry>
<entry><word>عقابي</word><int><pron>(عُ+قا+بِي)</pron><gram>[عف-تر-صف]</gram><poem/><meanings><meaning>د عقاب سره تعلق لرونكے عقاب ته منسوب.</meaning><meaning>د عقاب په شان- لكه: عقابي سترګې.</meaning></meanings></int></entry><entry><word>عقارب</word><int><pron>(عَ+قا+رِ+بْ)</pron><gram>[ع-اس-ج]</gram><poem/><meanings><meaning>د ((عقرب))  جمع ده. لړمانان.</meaning></meanings></int></entry><entry><word>عقائد</word><int><pron>(ع+قا+ئې+دْ)</pron><gram></gram><poem></poem><meanings><meaning>د ((عقيده)) جمع ده. عقيدې.</meaning></meanings></int></entry></words>
