<?xml version="1.0" encoding="UTF-8"?>
<words>
  <entry>
    <word>عشر</word>
    <int>
      <pron>(عَ+شْ+ر)</pron>
      <gram>[اس-عدد]</gram>
      <poem/>
      <meanings>
        <meaning>لس- دوه ځله پنځه.</meaning>
      </meanings>
    </int>
  <int><pron>(عُ+شْ+ر)</pron><gram>[ع-عدد]</gram><poem/><meanings><meaning>لسم- لسمه برخه. لكه: يو عشر يې د آمدن په فقيرانو ووېشۀ.</meaning><meaning>اصطلاحاً د غلې زكوة.</meaning></meanings></int></entry>
<entry><word>عشر عشير</word><int><pron>(—+عَ+شِي+رْ)</pron><gram>[عف تر-عدد]</gram><poem/><meanings><meaning>د لسمې برخې لسمه برخه- يعنې سلمه برخه- مجازاً ډېر لږ مقدار- يو پوټے يو پوټسكے.</meaning></meanings></int></entry><entry><word>عشرات</word><int><pron>(عَ+شَ+را+تْ)</pron><gram>[ع-اس-عدد]</gram><poem/><meanings><meaning>د عشره جمع ده. د لسو لسو شمېر- د هايي- دا ټولې ټالې نهه دي- يعنې لس، شل، دېرش، څلوېښت، پنځوس، شپېتۀ، اويا، اتيا او نوي.</meaning></meanings></int></entry><entry><word>عشرت</word><int><pron>(عِ+شْ+رَ+تْ)</pron><gram>[ع-اس-مذ-ج:ونه]</gram><poem/><meanings><meaning>ښه ژوند- د خوشحالۍ او د هوس ژوند- د عېش ژوند.</meaning><meaning>په خپله كښې ښۀ ژوند تېرونه.</meaning><meaning>نفساني خوند اخستنه- مباشرت.</meaning></meanings></int></entry><entry><word>عشرت انګيز</word><int><pron>(—+اَ+نْ+ګِي+زْ)</pron><gram>[عف تر-صف]</gram><poem/><meanings><meaning>عشرت يا خوشحالي پېدا كوونكے، خوشحاله وونكے.</meaning></meanings></int></entry><entry><word>عشره</word><int><pron>(عَ+شَ+رَ)</pron><gram>[ع-اس-عدد]</gram><poem/><meanings><meaning>لس (ورځې وغېره) عموماً هفته سره يوځائے راځي- لكه: په هفته عشره كښې به راستون شم.</meaning></meanings></int></entry><entry><word>عشره احكام</word><int><pron>(—+اَ+حْ+كا+مْ)</pron><gram>[عف تر-اس-ج]</gram><poem/><meanings><meaning>لس احكام- لس حكمونه- هغه لس احكام كوم چې حضرت موسى عليه السلام ته د طور په غرۀ وركړے شوي وو.</meaning></meanings></int></entry><entry><word>عشره كامله</word><int><pron>(—+كا+مِ+لَ)</pron><gram>[عف تر-اس-مذ]</gram><poem/><meanings><meaning>پوره لس ورځې- مراد ترې د هغو لس ورځو روژې دي- په كومو كښې چې درې خو د حج نه وړاندې او پاتې اووۀ ددې نه وروستو نيوې شي.</meaning></meanings></int></entry><entry><word>عشرمبشره</word><int><pron>(—+مُ+بَ+شْ+شِ+رَ)</pron><gram>[عف تر-اس-مذ]</gram><poem></poem><meanings><meaning>هغه لس صحابيان د چا په حله چې د هغوي په ژوند كښې د جنت زيرے وركړے شوے ؤ- هغه كسان دادي: حضرت ابوبكرؐ- حضرت عمرؐ- حضرت عثمانؐ- حضرت علىؐ- حضرت زبيرؐ- حضرت طلحهؐ- حضرت سعدؐ- حضرت سعيدؐ- حضرت ابوعبېدهؐ- او حضرت عبدالرحمٰن بن عوفؐ.</meaning></meanings></int></entry></words>
