<?xml version="1.0" encoding="UTF-8"?>
<words>
  <entry>
    <word>عجلت</word>
    <int>
      <pron>(عُ+جْ+لَ+تْ)</pron>
      <gram>[ع-اس-مذ-ج: ونه]</gram>
      <poem/>
      <meanings>
        <meaning>تادي- جلتي- تلوار- بېړه</meaning>
      </meanings>
    </int>
  </entry>
<entry><word>عجلت كول</word><int><pron></pron><gram></gram><poem></poem><meanings><meaning>تادي كول- تُندي كول- بيړه كول- تلوار كول.</meaning></meanings></int></entry></words>
