<?xml version="1.0" encoding="UTF-8"?>
<words>
  <entry>
    <word>عېب</word>
    <int>
      <pron>(عَې+بْ)</pron>
      <gram>[ع-اس-مذ-ج:ونه]</gram>
      <poem/>
      <meanings>
        <meaning>د هنر نقيض دے</meaning>
        <meaning>بدي- بدوالے- خراب- نقص- نقصان كمے.</meaning>
        <meaning>بد-ګناه- غلطي.</meaning>
      </meanings>
    </int>
  </entry>
<entry><word>عېب بودل</word><int><pron/><gram/><poem/><meanings><meaning>نقص ((بودل)) كمے ((بودل)) خرابے ((بودل)).</meaning></meanings></int></entry><entry><word>عېب بين</word><int><pron>(—+بِي+نْ)</pron><gram>[عف تر-صف-مذ-مو:ه]</gram><poem/><meanings><meaning>عېب كتونكے- په عېب نظرلرونكے- عېب لټونكے.</meaning></meanings></int></entry><entry><word>عېب پټول</word><int><pron/><gram/><poem/><meanings><meaning>د چا عېب يا نقص پټول- د چا په نقص يا عېب پرده اچول- پرده پوشي كول.</meaning><meaning>د كوم څيز د نقص د پټولو دپاره څۀ طريقه اختيارول- په څه طريقه د څۀ طريقه عېب د نظر نه پناه كول.</meaning></meanings></int></entry><entry><word>عېب پوش</word><int><pron>(—+پو+ش)</pron><gram/><poem/><meanings><meaning>عېب پټونكے- په عېب پرده اچونكے- نقص نه ښكاره كوونكے.</meaning></meanings></int></entry><entry><word>عېب پوشي</word><int><pron>(—+پو+شي)</pron><gram>[عف تر-اس-مو]</gram><poem/><meanings><meaning>عېب يا نقص پټه ونه په عيب يا نقص پرده اچونه.</meaning></meanings></int></entry><entry><word>عېب جو</word><int><pron>(—+جو)</pron><gram>[عف تر-اس-مذ-ج:ان]</gram><poem>عيب جويو خلقو حميد هسې خولې خولې كړ&lt;br/&gt;لكه وږي سپي چې كېباسي په ښكار خولې&lt;br/&gt;(حميدبابا)</poem><meanings><meaning>عېب لټونكے- نقص لټونكے- په كوم كس، كار يا څيز كښې خرابۍ يا نقص يا د څۀ كمي لټون كونكے.</meaning></meanings></int></entry><entry><word>عېب جوئڤ</word><int><pron/><gram/><poem>چې عېب جوئے دې پاك كليم شۀ&lt;br/&gt;ځكه دے د خدائے غليم شۀ&lt;br/&gt;(حافظ)</poem><meanings><meaning>(و_________ عېب جو)</meaning></meanings></int></entry><entry><word>عېب جوئي</word><int><pron>(—+جُو+ئي)</pron><gram/><poem/><meanings><meaning>عېب لټونه- د نقص لټون- د خرابۍ يا كمي لټون.</meaning></meanings></int></entry><entry><word>عېب جوئي كول</word><int><pron/><gram/><poem/><meanings><meaning>عېب لټول- د نقص يا د كمي لټون كول.</meaning></meanings></int></entry><entry><word>عېب ښكاره كول</word><int><pron/><gram/><poem/><meanings><meaning>د چا نقص ښكاره كول- د چا بدي يا خرابے ښكاره كول.</meaning></meanings></int></entry><entry><word>عېب ښكاره كېدل</word><int><pron/><gram/><poem/><meanings><meaning>نقص ښكاره كېدل- خرابے څرګندېدل- نقص په نظر كښې راتلل- عېب يا نقص وغېره هرچاته معلومېدل.</meaning></meanings></int></entry><entry><word>عېب ژن</word><int><pron>(—+ژ+نْ)</pron><gram/><poem/><meanings><meaning>عېب واله- نقص واله- خراب.</meaning></meanings></int></entry><entry><word>عېب ګڼل</word><int><pron/><gram/><poem/><meanings><meaning>نقص ګڼل- خرابے يا كمے ګڼل- بدكار ګڼل.</meaning></meanings></int></entry><entry><word>عېب ګوئڤ</word><int><pron/><gram/><poem>سيند د سپي په خولۀ باندې نه خړ شي نه ناپاك&lt;br/&gt;زار دې د عېب ګويو چې د پاكو په كار بلوسي&lt;br/&gt;(حافظ)</poem><meanings><meaning>عېب ويونكے- بد ويونكے.</meaning></meanings></int></entry><entry><word>عېب ناك</word><int><pron/><gram/><poem/><meanings><meaning>وګورئ- عېب ژن.</meaning></meanings></int></entry><entry><word>عېب واله</word><int><pron>(—+وا+ل)</pron><gram/><poem/><meanings><meaning>هغه څيز وغېره چې څه نقص لري- نقص واله ناقص- خرابۍ واله.</meaning></meanings></int></entry><entry><word>عېب وئيل</word><int><pron>(مص-تر)</pron><gram/><poem>د غائب مسلمان عېب وئيل غېبت دے&lt;br/&gt;اخترا ده چې علت په بې علت ږدي&lt;br/&gt;(حافظ)</poem><meanings><meaning>بدوئيل- د چا نقصونه كمزورۍ بيانول.</meaning></meanings></int></entry><entry><word>عېبي</word><int><pron>(عَې+بِي)</pron><gram>[عپ تر-صف]</gram><poem/><meanings><meaning>عېب واله- نقص واله- ناقص- خرابۍ واله- عېب ژن.</meaning></meanings></int></entry><entry><word>عېبي كېدل</word><int><pron></pron><gram></gram><poem></poem><meanings><meaning>عېب ژن كېدل.</meaning></meanings></int></entry></words>
