<?xml version="1.0" encoding="UTF-8"?>
<words>
  <entry>
    <word>عدل</word>
    <int>
      <pron>(عَ+دَ+لْ)</pron>
      <gram>[ع-اس-مذ-ج:ونه]</gram>
      <poem>دا يې كومه دلسوزي عدل و انصاف دے&lt;br/&gt;چې لا ګل شګفته نۀ وي بيا يې خور كا&lt;br/&gt;(حميد)</poem>
      <meanings>
        <meaning>برابري- مساوات.</meaning>
        <meaning>انصاف- نياؤ- داد.</meaning>
      </meanings>
    </int>
  </entry>
<entry><word>عدل كول</word><int><pron/><gram/><poem/><meanings><meaning>انصاف كول- نياؤ كول- انصاف سره فېصله كول.</meaning><meaning>د افراط او تفريط نه بچ كېدل- د مېنځ لار اختيارول.</meaning></meanings></int></entry><entry><word>عدل كېدل</word><int><pron/><gram/><poem/><meanings><meaning>انصاف كېدل- انصاف سره فېصله كېدل.</meaning></meanings></int></entry><entry><word>عدليه</word><int><pron>(عَ+دْ+لِى+ىَ)</pron><gram>[ع-اس-مو-ج:يې]</gram><poem/><meanings><meaning>د عدل سره متعلق- د انصاف سره نسبت لرونكے.</meaning></meanings></int></entry><entry><word>عدليې</word><int><pron>(عَ+دْ+لِي+يې)</pron><gram>[اس-ج]</gram><poem></poem><meanings><meaning>د ((عدليه)) جمع ده.</meaning><meaning>د ((عدليه)) اضافي او مجروري وغېره شكل دے.</meaning></meanings></int></entry></words>
