<?xml version="1.0" encoding="UTF-8"?>
<words>
  <entry>
    <word>عنصر</word>
    <int>
      <pron>(عَ+نْ+صَ+رْ)</pron>
      <gram>[ع-اس-مذ-ج:ونه- عناصر]</gram>
      <poem></poem>
      <meanings>
        <meaning>اصل بنياد- د څيزونو بنيادي جز چې مركب نه وي. (د پخوانو خلقو په نزد، صرف څلور عنصرونه وو. يعنې خاوره- اوبۀ- هوا او اور- خو د نوي تحقيقاتو له رويه په دې كښې يو هم عنصر نه دے- دا ټول مركبات دي- داصل عنصرونو شمېره اوس د سلو نه اوړېدلې ده.</meaning>
      </meanings>
    </int>
  </entry>
</words>
