<?xml version="1.0" encoding="UTF-8"?>
<words>
  <entry>
    <word>عناب</word>
    <int>
      <pron>(عُ+نا+ب)</pron>
      <gram>[ع-اس-مذ]</gram>
      <poem/>
      <meanings>
        <meaning>د بېرو په شان يوه شوخ سُورنګ واله مېوه ده- په داروګانو كښې استعالېږي.</meaning>
        <meaning>كنايةً- د معشوقې شونډې.</meaning>
      </meanings>
    </int>
  </entry>
<entry><word>عنابي</word><int><pron>(عُ+نا+بي)</pron><gram>[عف تر-صف]</gram><poem/><meanings><meaning>د عناب په شان- عناب سره منسوب.</meaning><meaning>تك سُور رنګ (چې قدرې توروالے هم راوړي- دا د مختلفو څيزونو نه جوړولے شي).</meaning></meanings></int></entry><entry><word>عناصر</word><int><pron>(عَ+نا+صِ+رْ)</pron><gram>[ع-اس-ج]</gram><poem/><meanings><meaning>د عنصر جمع ده. عنصورنه- بينادي اجزاء</meaning></meanings></int></entry><entry><word>عنايت</word><int><pron>(عِ+نا+ىَ+تْ)</pron><gram>[ع-اس-مذ-ج:ونه-عنايات]</gram><poem></poem><meanings><meaning>مهرباني- لطف- شفقت.</meaning><meaning>توجه- التفات.</meaning><meaning>وركړه- عطا.</meaning><meaning>د مسلمانانو نارينه ؤ په نومونو كښې راځي (د ځنو زنانه ؤ په نوم كښې هم راځي). (اصلاً: تكلف كښل- د چا دپاره رنځ كېدل).</meaning></meanings></int></entry></words>
