<?xml version="1.0" encoding="UTF-8"?>
<words>
  <entry>
    <word>عقل</word>
    <int>
      <pron>(عَ+ق+لْ)</pron>
      <gram>[ع-اس-مذ-ج:ونه]</gram>
      <poem/>
      <meanings>
        <meaning>پوهه- دانش- ادارك- دانايي- تميز- شعور- فهم- زيركي- خرد. ( د دې لفظ اصل معنٰى د اوښ پښه په پړي تړل ده. خو هركله چې پوهه، بني آدم بدو كارونو نه منع كوي- ځكه يې دغه نوم شۀ). (د پخوانو خلقو خيال ؤ- چې دا په لسو فرښتو كښې د يوې فرښتې نوم ؤ- ځكه د هغو نوم عقول عشره (لس عقلونه) كېښودے شو.)</meaning>
      </meanings>
    </int>
  </entry>
<entry><word>عقل په پُوندو كښې</word><int><pron/><gram/><poem/><meanings><meaning>لا يې عقل سر (مغزو) ته نه دے را رسېدلے- كم عقل- د بېوقوف سړي په حقله (عموماً طنزاً) وئيلے شي.</meaning></meanings></int></entry><entry><word>عقل په ځائڤ نه ((بودل))</word><int><pron/><gram/><poem/><meanings><meaning>كم عقل ((بودل)) بې وقوف ((بودل)). د بې وقوفۍ يا كم عقلۍ كار يا خبره كول.</meaning></meanings></int></entry><entry><word>عقل جنګول</word><int><pron/><gram/><poem/><meanings><meaning>د عقل نه كار اخستل- سوچ كول- فكر كول.</meaning></meanings></int></entry><entry><word>عقل چرته تلل</word><int><pron/><gram/><poem/><meanings><meaning>عقل په سر كښې نه ((بودل))- مجازاً بېوقوف كېدل كم عقل كېدل. لكه: تا چې پردي سړي له دومره روپۍ وركولې نو عقل دې چرته تلے ؤ.</meaning></meanings></int></entry><entry><word>عقل حېران پاتې كېدل</word><int><pron/><gram/><poem/><meanings><meaning>داسې كارلېدل يا داسې خبره اورېدل چې په پوهه كښې نۀ راځي- ډېر عجيبه كارلېدل يا خبره اورېدل.</meaning></meanings></int></entry><entry><word>عقل خطا ((بودل))</word><int><pron/><gram/><poem>د خوشحال عقل خطا نۀ ؤ نور څۀ ؤ&lt;br/&gt;چې خاني يې په بهرام كړله نامزده</poem><meanings><meaning>غلطه فېصله كول.</meaning></meanings></int></entry><entry><word>عقل خوزېدل</word><int><pron/><gram/><poem/><meanings><meaning>مجازاً د ډېرې حېرانتيا كار يا خبره ليدل- چې په عقل كښې نه راځي.</meaning></meanings></int></entry><entry><word>عقل زده كول</word><int><pron/><gram/><poem/><meanings><meaning>د چانه زده كړه كول- ځان پوهول- هوښيارېدل.</meaning></meanings></int></entry><entry><word>عقل زغلول</word><int><pron/><gram/><poem/><meanings><meaning>سوچ او فكر كول.</meaning></meanings></int></entry><entry><word>عقل سره ډزې كول</word><int><pron/><gram/><poem/><meanings><meaning>عقل سره دشمني لرل- مجازاً ډېر كم عقل بودل- د بې وقوفۍ كار (يا كارونه) كول.</meaning></meanings></int></entry><entry><word>عقل سليم</word><int><pron>(—+سَ+لِي+مْ)</pron><gram>[عف تر-اس-مذ]</gram><poem/><meanings><meaning>صحيح او پوره عقل- صحيح او درسته رايې.</meaning></meanings></int></entry><entry><word>عقل ښودل</word><int><pron>(مص-تر)</pron><gram/><poem/><meanings><meaning>چاته د عقل خبره ښودل- سبق وركول- نصيحت كول. لكه زۀ په خپل كار ښۀ پوهېږم- تۀ ماته عقل مه ښايه.</meaning></meanings></int></entry><entry><word>عقل ښئيل</word><int><pron/><gram/><poem/><meanings><meaning>چاته د عقلمندۍ كار ښېئل- پوهول.</meaning></meanings></int></entry><entry><word>عقل كار نۀ كول</word><int><pron/><gram/><poem/><meanings><meaning>څۀ خبره په پوهه كښې نۀ راتلل- د څه خبرې په حقله د صحيح سوچ او فكر نۀ پاتې راتلل.</meaning></meanings></int></entry><entry><word>عقل من</word><int><pron>(—+مُ+نْ)</pron><gram/><poem/><meanings><meaning/></meanings></int></entry><entry><word>عقل مند</word><int><pron>(—+مَ+نْ+دْ)</pron><gram/><poem/><meanings><meaning>د عقل څښتن- عقل واله- هوښيار- زيرك- پوهه- پوهان.</meaning></meanings></int></entry><entry><word>عقل مندي</word><int><pron>(—+مَ+نْ+دِي)</pron><gram/><poem/><meanings><meaning/></meanings></int></entry><entry><word>عقل مني</word><int><pron>(—+مَ+نِي)</pron><gram>[عپ تر-اس-مو]</gram><poem/><meanings><meaning>هوښيارتيا- پوهه- زيركي دانش مندي- دانايي- فهم.</meaning></meanings></int></entry><entry><word>عقل وركول</word><int><pron/><gram/><poem/><meanings><meaning>بل ته عقل ښېئل- بل سړے پوهول- بل ته د هوښيارتيا خبرې كول.</meaning></meanings></int></entry><entry><word>عقل يې له سره څخه ځي</word><int><pron/><gram/><poem/><meanings><meaning>عقل يې د سر نه لاړ شي- بې عقله شي- كم عقله شي.</meaning></meanings></int></entry><entry><word>عقلا</word><int><pron>(عُ+قَ+لا)</pron><gram>[ع-اس-ج]</gram><poem/><meanings><meaning>د ((عاقل)) جمع ده. عاقلان- هوښياران</meaning></meanings></int></entry><entry><word>عقلاً</word><int><pron>(عَ+قْ+لَ+نْ)</pron><gram>[ع-تف]</gram><poem/><meanings><meaning>د عقل له رويه- د عقل مطابق.</meaning></meanings></int></entry><entry><word>عقلي</word><int><pron>(عَ+قْ+لِي)</pron><gram>[عف-تر-صف]</gram><poem/><meanings><meaning>عقل سره متعلق يا عقل ته منسوب- دعقل مطابق.</meaning><meaning>هغه خبره چې صرف په ذهن كښې موجود وي- په خارج كښې وجود نۀ لري.</meaning></meanings></int></entry><entry><word>عقلي دليل</word><int><pron>(—+دَ+لِي+لْ)</pron><gram>[عف-تر-اس-مذ-ج:ونه]</gram><poem/><meanings><meaning>هغه دليل يا حجت چې د عقل او پوهې سره سمون خوري- د عقل مطابق دليل يا حجت.</meaning></meanings></int></entry><entry><word>عقليه</word><int><pron>(عَ+قْ+لِي+ىَ)</pron><gram>[ع-صف]</gram><poem/><meanings><meaning>عقل سره متعلق يا عقل ته منسوب.</meaning></meanings></int></entry><entry><word>عقليه دلائل</word><int><pron>(—+دَ+لا+ئ+لْ)</pron><gram/><poem/><meanings><meaning/></meanings></int></entry><entry><word>عقليه دليلونه</word><int><pron>(—+دَ+لِي+لُو+نَ)</pron><gram/><poem/><meanings><meaning>هغه دليلونه يا حجتونه كوم چې د عقل سره سم وي- د عقل او پوهې مطابق دليلونه.</meaning></meanings></int></entry><entry><word>عقليه مرضونه</word><int><pron>(—+مَ+رَ+ضُو+نَ)</pron><gram>[عف-پ-تر-اس-ج]</gram><poem/><meanings><meaning>هغه ناجوړتيا ګانې چې عقل يعنې دماغ سره تعلق لري- دماغي مرضونه چې پكښې د بني آدم پوهه او عقل كار نۀ كوي.</meaning></meanings></int></entry><entry><word>عقلانه استعمال</word><int><pron></pron><gram></gram><poem></poem><meanings><meaning>د څۀ څيز د عقل مطابق استعمال- صحيح استعمال.</meaning></meanings></int></entry></words>
