<?xml version="1.0" encoding="UTF-8"?>
<words>
  <entry>
    <word>عار</word>
    <int>
      <pron>(عا+رْ)</pron>
      <gram>[ع-اس-مذ]</gram>
      <poem>هسې خوارو زار شوم زۀ خوشحال په عاشقۍ كښې
خپل دي كه پردي دي، راته نۀ ګوري له عاره
(خوشحال)</poem>
      <meanings>
        <meaning>شر- ننګ.</meaning>
      </meanings>
    </int>
  </entry>
<entry><word>عاربه سعودي</word><int><pron>(عا+رِ+بَ+—)</pron><gram/><poem/><meanings><meaning/></meanings></int></entry><entry><word>عارضي</word><int><pron>(عا+ر+ضِي)</pron><gram>[صف]</gram><poem/><meanings><meaning>هغه څيز چې لا حقي وي- اصل نۀ وي.</meaning><meaning>لږ وخت سره متعلق- د لږ وخت- وقتي- غېر مستقل.</meaning><meaning>سرسري- سرسېرن.</meaning></meanings></int></entry><entry><word>عارضيه</word><int><pron>(عا+رِ+ضي+ىَ)</pron><gram>[ع-صف]</gram><poem/><meanings><meaning>د عارضي تانيث دے. وقتي طور سره پېښېدونكے، چې مستقل يا ذاتي نۀ وي لكه: عارضيه صفات.</meaning></meanings></int></entry><entry><word>عارضه</word><int><pron>(عا+رِ+ضَ)</pron><gram>[اس-مؤ-ج: عارضې]</gram><poem/><meanings><meaning>لګېدونكې- لاحق كېدونكې.</meaning><meaning>بيماري- رنځ- ناجوړتيا- مرض.</meaning><meaning>پېښه- واقعه- اتفاق.</meaning></meanings></int></entry><entry><word>عارض كېدل</word><int><pron/><gram/><poem/><meanings><meaning>پېښېدل- لاحق كېدل- لګېدل لكه: څۀ مرض عارض كېدل.</meaning><meaning>عرضي كول- عدالت له تلل.</meaning></meanings></int></entry><entry><word>عارف</word><int><pron>(عا+ر+فْ)</pron><gram>[ع-اس-م-ج: عارفان/عرفا-مؤ: عارفه]</gram><poem>د عارف په بخره علم لُدني دے&lt;br/&gt;په اَلستُ ئې روزي شوه بې تحصيله&lt;br/&gt;(خوشحال)</poem><meanings><meaning>پېژندونكے- واقف.</meaning><meaning>د خدائے پېژندونكے- ولي.</meaning><meaning>د سړو په نومونو كښې هم راځي.</meaning></meanings></int></entry><entry><word>عارض</word><int><pron>(عا+رِ+ضْ)</pron><gram>[ع-اس-مذ-ج: عارضونه]</gram><poem/><meanings><meaning>رخسار- بارخو- پاړخو- غومبورے.</meaning></meanings></int><int><pron>(عا+رِ+ضْ)</pron><gram>[ع-صف-مذ-مؤ: عارضه]</gram><poem/><meanings><meaning>ملاوېدونكے- پېښېدونكے- لاحق كېدونكے.</meaning><meaning>شكايت كؤونكے- انصاف غوښتونكے- عرضي كؤونكے- مُدعي.</meaning></meanings></int></entry><entry><word>عارفانه</word><int><pron>(عا+ر+فا+نَ)</pron><gram>[عف تر-صف]</gram><poem/><meanings><meaning>د عارفانو په شان- عارفانو سره تعلق لرونكے. (عموماً د شعرونو يا د كلام د صفت په طور راځي. يعنې هغه شعرونه يا كلام چې تصوف سره تعلق لري- سوچه كلام يا د حقيقت بيان).</meaning></meanings></int></entry><entry><word>عارفانه شعر</word><int><pron>(عا+ر+فا+نَ+ش+رْ)</pron><gram/><poem/><meanings/></int></entry><entry><word>عارفانه كلام</word><int><pron>(عا+ر+فا+نَ+كَ+لا+مْ)</pron><gram/><poem/><meanings><meaning>و____ نوټ د ”عارفانه“ د لاندې.</meaning></meanings></int></entry><entry><word>عار بودل</word><int><pron/><gram/><poem/><meanings><meaning>شرم ”بودل“- د شرم يا د بې ننګۍ كار ”بودل“</meaning></meanings></int></entry><entry><word>عاريت</word><int><pron>(عا+رِ+ىَ+تْ)</pron><gram>[ع-اس-مذ-ج: عاريتونه]</gram><poem>واړه وركول د جهان ګوره عاريت دے&lt;br/&gt;غم د بېلتانۀ زما زړګيه په وصال كړه&lt;br/&gt;(خوشحال)</poem><meanings><meaning>غوښتنه- په غوښتلو څۀ اخستنه- پور- قرض- مستعار- (اريتي يا ايرتي) اصلاَ دا لفظ د ”عار“ نه اخستے شوے دے، ځكه چې د چانه څۀ څيز غوښتل د عار يا د شرم خبره وي.</meaning></meanings></int></entry><entry><word>عاريتاً</word><int><pron>(عا+رِ+ىَ+تَ+نْ)</pron><gram>[ع-تف]</gram><poem/><meanings><meaning>پور كړے- پور اخستے شوے. د لږ وخت دپاره غوښتلے شوے. مستعار.</meaning></meanings></int></entry><entry><word>عاريتاً اخېستل</word><int><pron/><gram/><poem/><meanings><meaning>(د لږ وخت دپاره اخېستل. عارضي طور سره د لږ وخت د استعمال دپاره اخېستل څۀ څيز پورول يا قرض اخېستل</meaning></meanings></int></entry><entry><word>عاريتاً غوښتل</word><int><pron/><gram/><poem/><meanings><meaning>د لږ وخت دپاره غوښتل- مستعار غوښتل- قرض يا پور غوښتل.</meaning></meanings></int></entry><entry><word>عاريتاً وركول</word><int><pron/><gram/><poem/><meanings><meaning>څۀ څيز د لږ وخت دپاره وركول- مستعار وركول- قرض يا پور وركول.</meaning></meanings></int></entry><entry><word>عاريتي</word><int><pron>(عا+رِي+تِي)</pron><gram>[صف-مو]</gram><poem/><meanings><meaning>غوښتلې شوے- په غوښته اخيستے شوے- سوالي څيز- د لږ وخت دپاره اخيستلے شوے يا پور كړے څيز- قرضي.</meaning></meanings></int></entry><entry><word>عاريتي وركول</word><int><pron/><gram/><poem/><meanings><meaning>پور وركول- د څو ورځو دپاره وركول.</meaning></meanings></int></entry><entry><word>عاريتي وېښتۀ</word><int><pron>(عا+رِي+ىَ+تِي+وې+خ+تُ)</pron><gram/><poem/><meanings/></int></entry><entry><word>عاريتي وېښتان</word><int><pron>(عا+رِي+ىَ+تِي+وې+ښ+تا+نْ)</pron><gram>[عپ تر+اس جم]</gram><poem/><meanings><meaning>نغلي وېښتۀ- بناوټي وېښتۀ- مصنوعي وېښتۀ- انګ- وګْ]</meaning></meanings></int></entry><entry><word>عارفه</word><int><pron>(عا+رِ+فَ)</pron><gram>[اس/ صف-مؤ-ج: عارفې]</gram><poem/><meanings><meaning>د عارف تانيث دے. (و__________ عارف) (فشار په ”ر“ دے)</meaning><meaning>د زنانه ؤ د نوم په طور هم راځي. (فضار په ”ف“دے).</meaning></meanings></int></entry><entry><word>عاري</word><int><pron>(عا+رِي)</pron><gram>[ع-صف]</gram><poem/><meanings><meaning>بربنډ- برمنډ- لغړ- لڅ- لوڅ.</meaning><meaning>نه لرونكے- پاك- لكه فلانے د علم نه عاري دے.</meaning><meaning>ساده نثر، چې پكښې سجع يا نور څۀ صنعت وغېره نۀ وي.</meaning><meaning>هغه كار يا خبره چې ”عار، شرم، ننګ“ سره تعلق لري.</meaning></meanings></int></entry><entry><word>عارياتي</word><int><pron>(عا+ر+يا+تِي)</pron><gram/><poem/><meanings><meaning>(و عاريتي)</meaning></meanings></int></entry><entry><word>عار لرل</word><int><pron/><gram/><poem>زۀ عار نۀ لرم په عشق كښې له پېغوره&lt;br/&gt;بې پروايم دستي په څېر له اُوره&lt;br/&gt;(رحمان بابا)</poem><meanings><meaning>د شر خبره ګڼل.</meaning></meanings></int></entry><entry><word>عار ګڼل</word><int><pron></pron><gram></gram><poem></poem><meanings><meaning>د شرم خبره ګڼل- د بې ننګۍ كار ګڼل.</meaning></meanings></int></entry></words>
