<?xml version="1.0" encoding="UTF-8"?>
<words>
  <entry>
    <word>عراده</word>
    <int>
      <pron>(عَ+(ر)+را+د)</pron>
      <gram>[ع-اس-مو-ج:عرادې]</gram>
      <poem/>
      <meanings>
        <meaning>پخوا د جنګ يوه آله وه- د مچغنې په اندزه، چې په دشمن به يې كاڼي ورول.</meaning>
        <meaning>هغې ګاډي ته وايي چې دوه پا يې لري او توبې به پرې خېږولے شوې.</meaning>
        <meaning>د توپو د شمېر دپاره استعمالېدۀ- لكه مثل عراوي توپې- اوس صرف د عراوې لفظ هم د توپې دپاره استعمالولے شي.</meaning>
      </meanings>
    </int>
  </entry>
<entry><word>عراق</word><int><pron>(عِ+را+قْ)</pron><gram>[اس-مع]</gram><poem/><meanings><meaning>د عراق اصل معنٰى د سيند غاړه ده. هغه ملك يا ملكونه ترې مراد دي، چې د كوم سيند په غاړه وي خو اوس هغې ملك ته ويلې شي- كوم چې د دي سيند او د فرات د سيند په څنډو آباد دي- دې ته عراق عرب وايي. پخوا به هغې ملك ته هم عراق وايه شه كوم چې د جېحون سيند په څنډو پروت وو- چې پكښې اصفهان او خراسان وغېره شامل وو. او ورته به يې ((عراق عجم)) وې- اوس فقط بره ذكر شوي ملك ته عراق وايي، چې بغداد يې دارالحكومت دے. 123 په موسيقۍ كښې د يو ((راګ)) ياد مقام نوم دے- چې د وئيلو (يا د غږولو) وخت يې د څاښت وخت دے.</meaning></meanings></int></entry><entry><word>عراقي</word><int><pron>(عِ+را+قِي)</pron><gram>[عف تر-اس-مذ-ج:ان]</gram><poem></poem><meanings><meaning>د اسونو يو قسم چې اصلاً په عراق كښې پېدا كېدل- د تازي اس په شان ډېر قيمتي او د قدر وړ ګڼلے شي- ځنې دا هم په عربي يا تازي اسونو كښې شمېري لكه:
خرچه كم بها دے عراقي تازي به نۀ شي (حافظ)</meaning><meaning>عراقي سره تعلق لرونكے- د عراق اوسېدونكے- د عراق ملك ته منسوب.</meaning></meanings></int></entry></words>
