<?xml version="1.0" encoding="UTF-8"?>
<words>
  <entry>
    <word>غار</word>
    <int>
      <pron>(غا+رژې)</pron>
      <gram>[ع-اس-مذ-ج: غارونه]</gram>
      <poem>كۀ په خپله د خپل ځان په بدۍ نه يې&lt;br/&gt;د مارونو په غار مه وهه لاسونه&lt;br/&gt;(خوشحال)</poem>
      <meanings>
        <meaning>لويه ارته پلنه سوړه- خصوصاً هغه لوئے ارت او دنهه ننوتے ځائے چې په غر كښې قدرتي طور سره جوړ شوے وي. ګاړه- سمڅه- څمڅ.</meaning>
        <meaning>د غار دشكل ځائے- (كۀ په غرۀ كښې نه هم وي) لوئے ډوغل.</meaning>
        <meaning>(تشبيها) لوئے ژور زخم.</meaning>
        <meaning>(عو) كُنه- كُس (په كنځلو كښې استعمالېږي).</meaning>
        <meaning>د ځنګلي ځناورو د اوسېدو ځائے چې په غرونو يا زمكه كښې د لويې سوړې په شكل وي- غالے.</meaning>
        <meaning>عامې سوړې ته هم وايي.</meaning>
      </meanings>
    </int>
  <int><pron>(غا+رْ)</pron><gram>[اس-مذ-ج: غارونه]</gram><poem>د غار خولې ته يې غارونه واړول په اړمونو. (ګل صنوبر)</poem><meanings><meaning>ډېر لوئے كاڼے- لوئے ګټ.</meaning></meanings></int><int><pron>(غا+رْ)</pron><gram>[ف-اس-مذ]</gram><poem/><meanings><meaning>د يوې ونې نوم دے- چې خوشبويه وي- عموماً ورته شجرة الغار (د غارونه) وايي. او تخم ته يې حب الغار وايي.</meaning></meanings></int></entry>
<entry><word>غار حرا</word><int><pron>(—+حِ+را)</pron><gram>[پ-تر]</gram><poem/><meanings><meaning>د هغې سمڅې نوم دے چې د مكې معظمې ته نزدې په غرۀ كښې دے. دغلته بۀ حضور پاك صلعم د پېغمبرۍ نه آګاهو عبادت كولو. ځان سره به يې خوراكه واخستله او څو څو ورځې شپې بۀ هلته كښې وو.</meaning></meanings></int></entry><entry><word>غارندونه</word><int><pron>(غَا+رَ+نْ+دُو+نَ)</pron><gram>[اس-مو-ج: غارندونې]</gram><poem/><meanings><meaning>د ځنګلي څمڅرو يو لوئے قسم.</meaning></meanings></int></entry><entry><word>غارمه</word><int><pron>(غا+رْ+مَ)</pron><gram>[اس-جم]</gram><poem>عاقبت به مې غارمۀ د هجر وريت كا&lt;br/&gt;د آه چتر به تر كومه په سر نيسم&lt;br/&gt;(علي خان)</poem><meanings><meaning>نمر- لمر- نور (د سوري په مقابله كښې).د نمرتاؤ- سخت نمر.</meaning></meanings></int></entry><entry><word>غاروزينه</word><int><pron>(غا+رو+زِي+نَ)</pron><gram>[اس-مو-ج: غاروزينې]</gram><poem/><meanings><meaning>غارندوئے- د څمڅرو يو قسم چې عموماً په دشتونو كښې موندے شي.</meaning></meanings></int></entry><entry><word>غارڤ</word><int><pron>(غا+رَے)</pron><gram>[اس-مذ]</gram><poem/><meanings><meaning>ډېر زيات خوراك كونكے- خېټه ور-</meaning><meaning>بد زبانه.</meaning><meaning>په غار كښې استوګن- مجازاً ځنګلي.</meaning></meanings></int></entry><entry><word>غاري</word><int><pron>(غا+رِي)</pron><gram>[صف]</gram><poem/><meanings><meaning>غار سره تعلق لرونكے- غار سمڅې ته منسوب.</meaning><meaning>دغر (كوه) سره تعلق لرونكے- غرته منسوب.</meaning></meanings></int></entry><entry><word>غارېدونڤ</word><int><pron>(غا+رې+دُو+نَے)</pron><gram>[اس-مذ]</gram><poem/><meanings><meaning>د څمڅرو يو قسم- سمساره غواروه- غاروے.</meaning></meanings></int></entry><entry><word>غاريقون</word><int><pron>(غا+رِي+قُو+نْ)</pron><gram>[ى-اس-مذ]</gram><poem></poem><meanings><meaning>يو قسم سپك لرګے دے چې په داروګانو كښې استعمالېږي- دستونه راولي.</meaning></meanings></int></entry></words>
