<?xml version="1.0" encoding="UTF-8"?>
<words>
  <entry>
    <word>غيّور</word>
    <int>
      <pron>(غَ+(ىْ)+يُو+رْ)</pron>
      <gram>[ع-صف-مذ-مو:ه]</gram>
      <poem></poem>
      <meanings>
        <meaning>-</meaning>
        <meaning>ډېر غېرتي. ډېر غېرت واله. ډېر ننګيالے.</meaning>
        <meaning>د خداے پاك صفاتي نوم.</meaning>
        <meaning>ځينو د غرور په معنىٰ كښې هم استعمال كړے دے- خو شاذ استعمال دے.</meaning>
      </meanings>
    </int>
  </entry>
</words>
