<?xml version="1.0" encoding="UTF-8"?>
<words>
  <entry>
    <word>غونځه</word>
    <int>
      <pron>(غ+ؤ+نْ+زَ)</pron>
      <gram>[اس-مو-ج:ځې]</gram>
      <poem/>
      <meanings>
        <meaning>- د يوې مشهورې ونې نوم چې سرې دانې كوي. (ف: دولانه)</meaning>
      </meanings>
    </int>
  <int><pron>(غُ+نْ+زَ)</pron><gram>[اس-مو-ج:ځې]</gram><poem/><meanings><meaning>- ګړونجه- شكن.</meaning></meanings></int><int><pron>(غُ+نْ+زَ)</pron><gram>[اس-مو-ج:ځې]</gram><poem/><meanings><meaning>- حركت- خوزونه راخوزونه.</meaning></meanings></int></entry>
<entry><word>غونځڤ</word><int><pron>(غُ+نْ+زَے)</pron><gram>[اس-مذ-ج:ځي]</gram><poem></poem><meanings><meaning>- لويه بوجۍ- غُوندے.</meaning></meanings></int></entry></words>
