<?xml version="1.0" encoding="UTF-8"?>
<words>
  <entry>
    <word>غېبي اواز راتلل</word>
    <int>
      <pron/>
      <gram>(اص)</gram>
      <poem/>
      <meanings>
        <meaning>الهام کېدل ،د غېب نه خبر راتلل ، د څۀ خبرې په حقله په زړۀ کښې وسوسه پېدا کېدل ، غېبي اواز کېدل ، اګاهي کېدل ، د هاتف اواز راتلل</meaning>
      </meanings>
    </int>
  </entry>
<entry><word>غېبي اواز کېدل</word><int><pron></pron><gram>(اص)</gram><poem></poem><meanings><meaning>(و غېبي آواز راتلل)</meaning></meanings></int></entry></words>
