<?xml version="1.0" encoding="UTF-8"?>
<words>
  <entry>
    <word>غال</word>
    <int>
      <pron>(غا+لْ)</pron>
      <gram>[اس-مذ-ج:ونه]</gram>
      <poem/>
      <meanings>
        <meaning>ټګي برګي- چل ول- خصوصاً هغه ټګي كوم چې په لوبه يا جوارۍ وغېره كښې كولے شي.</meaning>
        <meaning>جګړه- (كاكړ)</meaning>
      </meanings>
    </int>
  </entry>
<entry><word>غال كول</word><int><pron/><gram/><poem>تا چې غال كاوۀ د لوبې مطلبي وې&lt;br/&gt;په چوګان دې ګوتې وېستلو له مېدانه&lt;br/&gt;(جناب)</poem><meanings><meaning>ټګي كول- په لوبه يا جوارۍ كښې ملګروله دهوكه وركول.</meaning></meanings></int></entry><entry><word>غال وبول</word><int><pron>(—+(لو)+بُو+لْ)</pron><gram/><poem/><meanings><meaning>[و__________ غالبول]</meaning></meanings></int></entry><entry><word>غال وغول</word><int><pron>(—+(لو)+غُو+لْ)</pron><gram>[اس-مذ]</gram><poem>سر رشته د چارې هېڅ معلومه نۀ ده&lt;br/&gt;خو دا هسې غول وغال دې په دا مېنځ كښې&lt;br/&gt;(خوشحال)</poem><meanings><meaning>شور زوږ- شور شار- هله ګوله- شورغوغا. غول وغال هم وايي.</meaning></meanings></int></entry><entry><word>غال مغال</word><int><pron>(غا+لْ+مَ+غا+ل)</pron><gram/><poem/><meanings><meaning>(و_________ غالبول)</meaning></meanings></int></entry><entry><word>غال مغال كول</word><int><pron/><gram/><poem/><meanings><meaning>شور شار كول- شور زوږ جوړول- هله ګُوله جوړول.</meaning></meanings></int></entry><entry><word>غالب</word><int><pron>(غا+لِ+بْ)</pron><gram>[ع-صف-مذ-مو:ه]</gram><poem/><meanings><meaning>غلبه موندونكے- زبردست- زورور- برے موندونكے- فتح موندونكے.</meaning></meanings></int></entry><entry><word>غالب بودل</word><int><pron/><gram/><poem>په تږي باندې تل وي د اوبو مينه غالبه (خوشحال)</poem><meanings><meaning/><meaning>زور ور بودل- په زور كښې (بودل).</meaning></meanings></int></entry><entry><word>غالب كول</word><int><pron/><gram/><poem/><meanings><meaning>برے وركول- كاميابول.</meaning></meanings></int></entry><entry><word>غالب كېدل</word><int><pron/><gram/><poem/><meanings><meaning>غلبه موندل- برے موندل- مېدان وړل- زور وركېدل- وړكېدل.</meaning></meanings></int></entry><entry><word>غالب ګومان</word><int><pron>(—+ګُو+ما+نْ)</pron><gram>[عپ تر-اس-مذ]</gram><poem/><meanings><meaning>هغه ګومان چې د حقيقت پكښې غلبه وي- رښتياؤ ته نزدې ګومان.</meaning></meanings></int></entry><entry><word>غالباً</word><int><pron>(غا+لِ+بَ+نْ)</pron><gram>[ع-تف]</gram><poem/><meanings><meaning>د داسې شك په موقع ويلے شي چې دغه شك يا ګومان حقيقت ته ډېر ورته وي. يقين ته ډېر نزدې كار يا خبره.</meaning></meanings></int></entry><entry><word>غالبوزك</word><int><pron>(غا+لْ+بُو+زَ+كَ)</pron><gram>[اس-مذ-ج:ونه]</gram><poem/><meanings><meaning>دګل خطي يو غرئيز قسم دے- چې سرۀ او سپين ګلونه كوي- خيروګل- خيرو كوكۍ</meaning></meanings></int></entry><entry><word>غالبوزه</word><int><pron>(غا+لْ+بو+زَ)</pron><gram>[اس-مو-ج:زې]</gram><poem/><meanings><meaning>مچۍ- زنبور.</meaning></meanings></int></entry><entry><word>غالبوزڤ</word><int><pron>(غا+لْ+بو+زے)</pron><gram>[اس-مذ]</gram><poem/><meanings><meaning>دګنډلو قسم دے- چې دوه جدا جدا ټوكي يوځائے كوي- او ګنډئ لكه ځنځې په شان وي- مچۍ- كنډه.</meaning></meanings></int></entry><entry><word>غالبوزڤ كول</word><int><pron/><gram/><poem/><meanings><meaning>د غالبوزے په اندازه دوه ټوكي يوځائے ګنډل- مچي كنډه كول.</meaning></meanings></int></entry><entry><word>غالبوزې</word><int><pron>(غا+لْ+بو+زې)</pron><gram/><poem/><meanings><meaning>د (غالبوزه) جمع ده.</meaning><meaning>د (غالبوزه) اضافي او مجروري وغېره (متغير) شكل.</meaning></meanings></int></entry><entry><word>غالبول</word><int><pron>(غا+لْ+بُو+لْ)</pron><gram>[اس-مذ]</gram><poem/><meanings><meaning>شورشار- شور زوږ- هله ګُوله.</meaning></meanings></int><int><pron>(غا+لِ+بَ+و+لْ)</pron><gram>[مص]</gram><poem/><meanings><meaning>غالب كول- زوروركول.</meaning></meanings></int></entry><entry><word>غالبه</word><int><pron>(غا+لِ+بَ)</pron><gram>[ع-اس-مو]</gram><poem/><meanings><meaning>د غالب تانيث دے.</meaning></meanings></int></entry><entry><word>غالبه ده</word><int><pron>(—+دَ)</pron><gram>[جمله]</gram><poem/><meanings><meaning>غالب ګومان دا دے چې....... يقين ته نزدې خبره داده چې.......</meaning></meanings></int></entry><entry><word>غالبيت</word><int><pron>(غا+لِ+بِي+ىَ+تْ)</pron><gram>[ع-صف]</gram><poem/><meanings><meaning>غلبه- غلبه موندنه- غلبه كېدنه- فتح- سوبه- برے.</meaning></meanings></int></entry><entry><word>غالبېدل</word><int><pron>(غا+لِ+بې+د+ل)</pron><gram/><poem/><meanings><meaning>بريالے كېدل- برے موندل- كاميابه كېدل.</meaning></meanings></int></entry><entry><word>غالوشه</word><int><pron>(غا+لْ+و+شه)</pron><gram>[اق-اس-مو-ج:ې]</gram><poem/><meanings><meaning>د غوا د پيو لوشلو وركوټے لوښے.</meaning></meanings></int></entry><entry><word>غالۍ</word><int><pron>(غا+لَ+ۍ)</pron><gram>[اس-مذ]</gram><poem/><meanings><meaning>قالين- غالينه.</meaning></meanings></int></entry><entry><word>غالۍ ګۍ</word><int><pron>(—+ګَ+ۍ)</pron><gram>[اس-مو]</gram><poem/><meanings><meaning>وړوكے قالين- قالين چه- غاليچه.</meaning></meanings></int></entry><entry><word>غالۍ والا</word><int><pron/><gram>(اس-مذ)</gram><poem/><meanings><meaning>قالين فروش- قالين خرڅونكے.</meaning></meanings></int></entry><entry><word>غالڤ</word><int><pron>(غا+لے)</pron><gram>[اس-مذ-ج:لي]</gram><poem/><meanings><meaning>دوكه- ټګي- فرېب- دروغ. (غالي هم وايي).</meaning></meanings></int><int><pron>(غا+لے)</pron><gram>[اس-مذ]</gram><poem></poem><meanings><meaning>ور- غولے- انګڼ- مېدان- د لاحقې په توګه د ځينو كلمو په آخره كښې راځي.</meaning></meanings></int></entry></words>
