<?xml version="1.0" encoding="UTF-8"?>
<words>
  <entry>
    <word>غوړګې</word>
    <int>
      <pron>(غو+ړْ+ګې)</pron>
      <gram>[اس-ج]</gram>
      <poem/>
      <meanings>
        <meaning>ده.</meaning>
      </meanings>
    </int>
  </entry>
<entry><word>غوړلۍ</word><int><pron>(غ+ؤ+ړْ+لْ+ۍ)[</pron><gram>[اس-مو]</gram><poem/><meanings><meaning>چې دانې ئې لا نۀ وي پېدا كړي- تشه توكه.</meaning></meanings></int></entry><entry><word>غوړم</word><int><pron>(غ+ؤ+ړَ+مْ)</pron><gram>[اس-صوت]</gram><poem/><meanings><meaning>-</meaning><meaning>غړنب غړمب- د زمري- سپي وغېره د حملې اواز.</meaning><meaning>د توپې اواز.</meaning></meanings></int></entry><entry><word>غوړمال</word><int><pron>(غ+وَ+ړْ+ما+لْ)</pron><gram>[پ تر-اس-مذ]</gram><poem/><meanings><meaning>ډېر دولت-</meaning><meaning>ښائسته جينۍ يا هلك.</meaning></meanings></int></entry><entry><word>غوړمالي</word><int><pron>(غ+وَ+ړْ+ما+لِي)</pron><gram>[پ-اس-مو]</gram><poem/><meanings><meaning>- خوشامندګري- چاپلوسي- لاپې- ډوزې- مكر- فرېب.</meaning></meanings></int></entry><entry><word>غوړمبه</word><int><pron>(غُ+ړَ+مْ+بَ)</pron><gram>[اس-مو-ج:بې]</gram><poem></poem><meanings><meaning>- لمبه- شعله- د اور لويه لنبه.</meaning></meanings></int></entry></words>
