<?xml version="1.0" encoding="UTF-8"?>
<words>
  <entry>
    <word>غوټه اچول</word>
    <int>
      <pron></pron>
      <gram></gram>
      <poem></poem>
      <meanings>
        <meaning>لُغ : ګنډه يا غوټه ورکول اص :</meaning>
        <meaning>بخيلي او شومتيا کول ، مال جمع کول ، پېسو ته غوټه اچول</meaning>
        <meaning>د سپي او سپۍ خپلو کښې نښتل ، د سپۍ او سپي تار ترَکۍ اچول ، د سپي سپۍ ته غوټه اچول ، د سپي سپۍ غوټه کېدل</meaning>
      </meanings>
    </int>
  </entry>
</words>
