<?xml version="1.0" encoding="UTF-8"?>
<words>
  <entry>
    <word>غاړبندڤ</word>
    <int>
      <pron>(غا+ړْ+بَ+نْ+دَے)</pron>
      <gram>[پ تر-صف]</gram>
      <poem/>
      <meanings>
        <meaning>هغه سړے چې غاړه يې بنده وي. چې د مرۍ نه تړلے شوے وي يا يې په خبرو پابندي لګېدلې وي. زبان بندے.</meaning>
      </meanings>
    </int>
  </entry>
<entry><word>غاړبوجن</word><int><pron>(غا+ړ+بو+جَ+نْ)</pron><gram>[صف-مذ-مو: غاړبوجنه]</gram><poem/><meanings><meaning>يو مرض دے. د غوږ شاته يا پښې د ګوتو مينځ زخمي شي او سوے كوي (خو وينې يا نو ترې نۀ ځي) د دې مرض مريض ته غاړبوجن وايي (په فارسۍ كښې ورته كاردك وايي).</meaning><meaning>هغه سړے چې خارښت پرې لګېدلے وي- د خارښت د مرض مريض.</meaning></meanings></int></entry><entry><word>غاړبوجن كېدل</word><int><pron/><gram/><poem/><meanings><meaning>د خارښت مرض لګېدل.</meaning><meaning>د غوږ شا د پښو د ګوتو مينځ زخمي كېدل او سوے كول.</meaning></meanings></int></entry><entry><word>غاړبوجنېدل</word><int><pron>(غا+ړْ+بو+جَ+نې+دُ+ل)</pron><gram>[مص]</gram><poem/><meanings><meaning>غاربوجن كېدل- ( په فارسۍ كښې ورته كاردك شدن وايي) (و________ غاړبوجن)</meaning></meanings></int></entry><entry><word>غاړپټۍ</word><int><pron>(غا+ړْ+پَ+ټَ+ۍ)</pron><gram>[پ تر-اس مو]</gram><poem/><meanings><meaning>هغه كپړه چې غاړه پرې پټوي- د غاړې رومال.</meaning></meanings></int></entry><entry><word>غاړكۍ</word><int><pron>(غا+ړَ+كَ+ۍ)</pron><gram>[اس-مع]</gram><poem/><meanings><meaning>هغه كالے هار وغېره چې غاړه كښې اچولےشي.</meaning><meaning>هغه ښكلې جوړه سوې پټه چې ښځې يې د زينت دپاره په غاړه كښې تړي- ګلوبند- ګله بند.</meaning><meaning>هغه ښكلې پټه چې د اس په مرۍ كښې اچولې شي- غړ څونډے.</meaning><meaning>د څرمنې وغېره هغه پټه چې كارتوسو پكښې ټومبلي وي. او په غاړه كښې اچولې شي- ګردنۍ.</meaning></meanings></int></entry><entry><word>غاړګۍ</word><int><pron>(غا+ړَ+ګَ+ۍ)</pron><gram>[اس-مو]</gram><poem/><meanings><meaning>په غاړه كښې د اچولو يو كالے. اوږۍ- غاړه كۍ- هار- بندۍ- د روپيو نه جوړ شوے امېل دے چې ښځې يې په غاړه كښې اچوي.</meaning></meanings></int></entry><entry><word>غاړو</word><int><pron>(غا+ړُو)</pron><gram>[پ تر-اس-مذ-ج: ګاړوګان]</gram><poem/><meanings><meaning>هغه سړے چې غاړه (مرۍ) يې اوږده وي- اوږدې غړانګې واله- غړانګو.</meaning></meanings></int><int><pron/><gram/><poem/><meanings><meaning>د غاړو_ اضافي او مجروري شكل.</meaning></meanings></int></entry><entry><word>غاړو غرونو</word><int><pron>(—+غ+رُو+نو)</pron><gram/><poem/><meanings><meaning>د غارے غرونه اضافي او مجروري وغېره مغيره شكل دے.</meaning></meanings></int></entry><entry><word>غاړه</word><int><pron>(غا+ړَ)</pron><gram>[اس-مو-ج: غاړې]</gram><poem>تۀ د لشتې په غاړه كښېنه&lt;br/&gt;زۀ په د باغ مڼې لښتي كښې درلېږمه&lt;br/&gt;(ټپه)&lt;br/&gt;كاكړۍ غاړې لا ښې دي&lt;br/&gt;رنګا رنګ ټپې پكښې دي&lt;br/&gt;(غاړه)</poem><meanings><meaning>مرۍ- غړۍ- ګردن- دسر او تنې ترمېنځه برخه لكه (صراحي).</meaning><meaning>حاشيه- د ټوپك شپېلۍ.</meaning><meaning>آواز- خوش آوازي.</meaning><meaning>ځنې خلق ټپو مصرعو ته هم غاړه وايي- خو اصلاً د بلوچستان کاکړو غاړی ته وائي.</meaning><meaning>جۍ- ژۍ- كناره- څنډه.</meaning><meaning>ګرېوان- د قميص هغه برخه چې مرۍ سره تړلې كېږي.</meaning><meaning>زكام- يخ.</meaning><meaning>طرف- لور. لكه: دې غاړه خلق ښۀ نۀ دي.</meaning><meaning>ساحل.</meaning><meaning>ټوقه- مسخره.</meaning><meaning>افق- د اسمان غاړه.</meaning><meaning>كانه- لوبه.</meaning><meaning>د اولسي سندرو يو قسم چې دبلوچستان په كاكړو كښې ډېر عام دے. اصلاً دا د لنډ بحر شعرونه دي.</meaning><meaning>ذمه.</meaning></meanings></int><int><pron>(غا+ړَ)</pron><gram>[اس-مو-ج: غاړې]</gram><poem/><meanings><meaning>غېږ- بغل- ترخ.</meaning><meaning>دومره څيز چې په ترخ كښې په يو لاس نيولے كېدے شي- غېږ. لكه يو غاړه واښۀ.</meaning></meanings></int><int><pron>(غا+ړَ)</pron><gram>[اس-مو-ج: غاړې]</gram><poem/><meanings><meaning>شذه- كانه- لويه.</meaning></meanings></int></entry><entry><word>غاړه اخېستل</word><int><pron/><gram/><poem/><meanings><meaning>په زكام اخته كېدل. د زكام زياتېدل.</meaning><meaning>څوك تر غاړه كول- سينه كول.</meaning></meanings></int></entry><entry><word>غاړه ادا كول</word><int><pron>(مص-تر)</pron><gram/><poem>چې د ستا د عاشقۍ په تېغ شهيد شي&lt;br/&gt;د رحمان غاړه بۀ هاله شي ادا&lt;br/&gt;(رحمان بابا)</poem><meanings><meaning>ذمه واري پوره كول- فرض ادا كول.</meaning></meanings></int></entry><entry><word>غاړه آزادول</word><int><pron/><gram/><poem/><meanings><meaning>(و_____________ غاړه خلاصول)</meaning></meanings></int></entry><entry><word>غاړه اېستل</word><int><pron/><gram/><poem/><meanings><meaning>غاړه خلاصول.</meaning></meanings></int></entry><entry><word>غاړه اېښودل- كښېښودل- اېښل</word><int><pron/><gram>(مص تر)</gram><poem/><meanings><meaning/><meaning>ذمه واري قبلول- ذمه اخېستل.</meaning><meaning>منل.</meaning></meanings></int></entry><entry><word>غاړه باسل</word><int><pron/><gram>(مص- تر)</gram><poem/><meanings><meaning>تر غاړه كول- پخلا كول- د چا روغه جوړه كول.</meaning></meanings></int></entry><entry><word>غاړه بسته</word><int><pron>(—+بَ+س+تَ)</pron><gram>[فپ تر- صف]</gram><poem/><meanings><meaning>هغه چې غاړه يې تړلې وي. مجازاً خدمت ته ولاړ- تيار.</meaning><meaning>پړے په غاړه. (ستا پړے او زما غاړه)</meaning></meanings></int></entry><entry><word>غاړه بندول</word><int><pron/><gram>(مص تر)</gram><poem/><meanings><meaning>دروغ وئيل- ناحقه وېنا كول.</meaning></meanings></int></entry><entry><word>غاړه بندي كېدل</word><int><pron/><gram/><poem/><meanings><meaning>غاړه نيولې كېدل- د مو اخذې وړ ګرزېدل. لكه په پردي څيز به مو غاړې بندې شي.</meaning></meanings></int></entry><entry><word>غاړه بوږه كېدل</word><int><pron/><gram/><poem>تۀ به څو بې غمه خاندې خوشحالي كړې&lt;br/&gt;زما غاړه په ژړا درپسې بوږه&lt;br/&gt;(خوشحال)</poem><meanings><meaning>اواز كښېناستل- مرۍ كښېناستل- اواز د مرۍ نه صفا نه راوتل.</meaning></meanings></int></entry><entry><word>غاړه پورې كول</word><int><pron/><gram/><poem/><meanings><meaning>په خپل زكام كښې بل څوك ګرفتار كول. خپل زكاك بل له وركول لكه: غاړه دې را پورې كړه.</meaning></meanings></int></entry><entry><word>غاړه پوره كېدل</word><int><pron/><gram/><poem/><meanings><meaning>زكام كېدل- دبل نه زكام ورلګېدل. يخنۍ وهل.</meaning></meanings></int></entry><entry><word>غاړه پېچل د څه نه</word><int><pron/><gram/><poem/><meanings><meaning>مخ اړول- انكار كول- نۀ منل.</meaning></meanings></int></entry><entry><word>غاړه تازه كول</word><int><pron/><gram/><poem/><meanings><meaning>د مرۍ نه خراشكے لرې كول دپاره سپك شان ټوخے كول، چې خبرې په اسانه وكړې شي.</meaning><meaning>ټوخے كول.</meaning><meaning>مصنوعي توخي سره بل ته اشاره كول يا د خپلې موجودګۍ نه خبرول.</meaning></meanings></int></entry><entry><word>غاړه خپه كول</word><int><pron/><gram/><poem/><meanings><meaning>مرۍ خپه كول- مرۍ خپي كول- مرۍ له زور وركول چې ساه يې بنده شي.</meaning></meanings></int></entry><entry><word>غاړه د ټوپك</word><int><pron>(—+ دَ+ټُو+پَ+ك)</pron><gram/><poem>تور ټوپك نرۍ يې غاړې&lt;br/&gt;زوره ور خاوندان غواړي&lt;br/&gt;(غاړه)</poem><meanings><meaning>د ټوپك شپېلۍ.</meaning></meanings></int></entry><entry><word>غاړه غټۍ</word><int><pron>(—+غَ+ټَ+ۍ)</pron><gram>[پ تر- اس-مو]</gram><poem/><meanings><meaning>غاړه په غاړه- سينه په سينه. هم غاړه- هم كنار.</meaning><meaning>څنګ په څنګ- اوږه په اوږه- يو شان - لكه: شاعري او موسيقي يو تربله سره غاړه غټۍ ورغلي دي. (و-ق)</meaning></meanings></int></entry><entry><word>غاړه غټۍ كول</word><int><pron/><gram/><poem/><meanings><meaning>تر غاړې پاسل- تر غاړې كول- سينه په سينه كول- (لاس د يوبل نه چاپېره كول).</meaning><meaning>صلح كول- د چا مېنځ كښې د صلح كولو نه پس تر غاړې باسل.</meaning></meanings></int></entry><entry><word>غاړه غټۍ كېدل</word><int><pron/><gram/><poem/><meanings><meaning>تر غاړه وتل- سينه په سينه جنګول او لاس د يوبل نه تاوؤل- هم غاړه كېدل- هم كنار كېدل.</meaning></meanings></int></entry><entry><word>غاړه غټۍ ورتل</word><int><pron/><gram/><poem/><meanings><meaning>سينه په سينه ورتلل- ځان سره جختول- تر غاړه باسلوله نزدې ورتلل. د كومې بلا نه چې نۀ خلاصېږي غاړه غټۍ ورځه- متل.</meaning></meanings></int></entry><entry><word>غاړه غجي</word><int><pron>(—+ غَ+جي)</pron><gram/><poem/><meanings><meaning>[و______________ غاړه غټۍ]</meaning></meanings></int></entry><entry><word>غاړه غچۍ</word><int><pron>(—+غَ+چَ+ۍ)</pron><gram/><poem/><meanings><meaning>[و_________ غاړه غړۍ].</meaning></meanings></int></entry><entry><word>غاړه غړول</word><int><pron/><gram/><poem/><meanings><meaning>مخ اړول- اعراض كول- خبره نۀ منل- نافرماني كول.</meaning></meanings></int></entry><entry><word>غاړه غړۍ پراتۀ</word><int><pron/><gram/><poem>څوك مايوس څوك امېدوار د يار د وصل&lt;br/&gt;څوك پراتۀ غاړه غړۍ په پالنګونه&lt;br/&gt;(خوشحال)</poem><meanings><meaning>يوبل ته غاړه وتلي پراتۀ- يوبل سره څنګ په څنګ پراتۀ- سينه په سينه جنګېدلي پراتۀ.</meaning></meanings></int></entry><entry><word>غاړه غړۍ څملاستل</word><int><pron/><gram/><poem>په دنيا ټپرېده ډېر پكار نۀ دي&lt;br/&gt;څۀ ..... له دې بوډۍ غاړه غړۍ&lt;br/&gt;(حميد)</poem><meanings><meaning>غاړه تر غاړې اودۀ كېدل- همكناره څملاستل.</meaning></meanings></int></entry><entry><word>غاړه غړۍ كول</word><int><pron/><gram/><poem/><meanings><meaning>(و________________ غاړه غټۍ كول).</meaning></meanings></int></entry><entry><word>غاړه غړۍ كېدل</word><int><pron/><gram/><poem>زما خوار سره چې تل غاړه غړۍ وه&lt;br/&gt;اوس نظر را باندې نۀ كاندي له عاره&lt;br/&gt;(خوشحال)</poem><meanings><meaning>(و______________ غاړه غټۍ كېدل).</meaning></meanings></int></entry><entry><word>غاړه غړۍ ورتلل</word><int><pron/><gram/><poem/><meanings><meaning>(و_____________ غاړه غټۍ ورتلل)</meaning></meanings></int></entry><entry><word>غاړه كښېښول</word><int><pron/><gram/><poem/><meanings><meaning>راضي كېدل.</meaning></meanings></int></entry><entry><word>غاړه كښېناستل</word><int><pron/><gram/><poem/><meanings><meaning>آواز كښېناستل- د مرۍ د خرابۍ په وجه د مرۍ نه اواز نه راوتل- مرۍ كښېناستل.</meaning></meanings></int></entry><entry><word>غاړه كول</word><int><pron/><gram/><poem/><meanings><meaning>نازكول- فخر كول لكه: فلانفے په فلاني غاړه كوي.</meaning></meanings></int><int><pron/><gram/><poem/><meanings><meaning>ډډه كول- اړخ كول.</meaning></meanings></int></entry><entry><word>غاړه كول- په چا</word><int><pron/><gram/><poem>بېلتانۀ را باندې هسې غاړې وكړې&lt;br/&gt;چې مې نه وې په خاطر كښې هسې شونې&lt;br/&gt;(حسېن)</poem><meanings><meaning>شنده كول- لوبه كول- كانه كول.</meaning></meanings></int></entry><entry><word>غاړه لكؤل</word><int><pron/><gram/><poem>چې د قام په ننګ كښې و مړ هغه زويه&lt;br/&gt;په عالم كښې د خپل پلار غاړه كا لكه&lt;br/&gt;(خوشحال)</poem><meanings><meaning>په فخر سره سر لوړؤل- سر خرو كول.</meaning></meanings></int></entry><entry><word>غاړه مې دې خدائڤ نۀ نيسي</word><int><pron/><gram/><poem/><meanings><meaning>خدائے مې دې د سزا مستجب نه ګر زوي په دروغو مې دې خدائے نه نيسي. (عموماً په داسې موقع ويلے شي، چې څوك څۀ داسې خبره كوي، د كومې په حقله چې يې پوخ يقين وي، خو په خپل خيال يې يقين ته نزدې ګڼي.</meaning></meanings></int></entry><entry><word>غاړه نښل</word><int><pron/><gram>(مص تر)</gram><poem/><meanings><meaning>مرۍ نښتل- راګېرېدل- ذمه وار كېدل.</meaning></meanings></int></entry><entry><word>غاړه نه وړل، چاسره</word><int><pron/><gram/><poem/><meanings><meaning>ملګرتيا نۀ كول- طرفداري نۀ كول.</meaning></meanings></int></entry><entry><word>غاړه نيول</word><int><pron/><gram/><poem/><meanings><meaning>د سزا موجوب ګرځول- ملزم ګرځول- په دروغو نېول. لكه: زما غاړه دې خدائے نۀ نيسي خو.......</meaning></meanings></int></entry><entry><word>غاړه نيولڤ كېدل</word><int><pron/><gram/><poem/><meanings><meaning>د بې انصافۍ ملزم ګرځېدل. د نا انصافۍ كار د چانه كېدل- دروغژن ګرځېدل.</meaning></meanings></int></entry><entry><word>غاړه ور اچول</word><int><pron/><gram/><poem/><meanings><meaning>په شپيلۍ كښې كومه خاص سندهر اړول.</meaning><meaning>يو (ګران) كارته لاس اچول- پيل پرې كول.</meaning></meanings></int></entry><entry><word>غاړه وړل</word><int><pron/><gram/><poem/><meanings><meaning>فرمانبرداري كول- حكم منل- غاړه اېښودل.</meaning></meanings></int></entry><entry><word>غاړه وړونكڤ</word><int><pron>(—+وُ+ړُو+نْ+كَے)</pron><gram>[اس-فا-ج:كي]</gram><poem/><meanings><meaning>عاجزي كونكے- فروتن- كمينه.</meaning></meanings></int></entry><entry><word>غاړه هسكول</word><int><pron/><gram/><poem/><meanings><meaning>(و_______________ غاړه لكول)</meaning></meanings></int></entry><entry><word>غاړه غوټه</word><int><pron>(—+غُ_ټَ)</pron><gram>[پ تر-اس-مو-ج: غاړې غوټې]</gram><poem/><meanings><meaning>بوڅخكۍ او ګاټلۍ- هغه بوڅخكۍ وغېره چې پكښې پېسې ټكې پرتې وي. لكه: هلكو! خپلې غاړې غوټې سنبالې كړئ.</meaning></meanings></int></entry><entry><word>غاړې اوږدې كول</word><int><pron/><gram/><poem/><meanings><meaning>مرۍ اوږدؤل- دټوپكو په حقله ويلے شي- يعنې د ټوپكو چلېدل شروع شوه- د ټوپكو نه د ګوليو و تنه شروع شوه.</meaning></meanings></int></entry><entry><word>غاړې شنې كول</word><int><pron/><gram/><poem/><meanings><meaning>په اوچت آواز آوازونه وركول.</meaning><meaning>ډېرې خبرې (د نصيحت وغېره) كول. لكه: فلاني ته مې غاړې وچې كړې چې دا هسې مه كوه.</meaning></meanings></int></entry><entry><word>غاړې غاړې</word><int><pron>(—+غا+ړې)</pron><gram/><poem>لكه رايې زما د زړۀ هغه لا نور دي&lt;br/&gt;خلق څو خبرې كاندي غاړې غاړې&lt;br/&gt;(خوشحال)</poem><meanings><meaning>مالامال په افراط سره.</meaning><meaning>پوره ډك- تر غاړو پورې ډك (سيند، خوړ وغېره) تر څنډو- تر ژيو.</meaning><meaning>رنګ رنګ- قسم قسم.</meaning></meanings></int></entry><entry><word>غاړې غاړې راتلل</word><int><pron/><gram/><poem/><meanings><meaning>سيند يا خوړ پوره ډك بهېدل- لوئے سېلاب راتلل چې د سيند يا د خوړ وغېره اوبۀ تر (ژيو) پورې ډك شي.</meaning></meanings></int></entry><entry><word>غاړې غرونه</word><int><pron>(—+غ+رَو+نَ)</pron><gram>[پ تر-مذ-ج]</gram><poem>ژاړي غاړې غرونه په احوال د عاشقانو&lt;br/&gt;سېل د واورې دے چې را درومي له كهساره&lt;br/&gt;(خوشحال)</poem><meanings><meaning>غرونه او د غرونو غاړې- غرونه او مېدانونه.</meaning><meaning>هره خوا. هر طرف.</meaning></meanings></int></entry><entry><word>غاړې غرونه كچ كول</word><int><pron/><gram/><poem/><meanings><meaning>په غرونو او مېدانونو ګرځېدل- آواره ګرځېدل.</meaning><meaning>لېونے كېدل.</meaning></meanings></int></entry><entry><word>غاړې غړول</word><int><pron/><gram/><poem/><meanings><meaning>(و___________ غاړه غړول).</meaning></meanings></int></entry><entry><word>غاړې كول، په چا</word><int><pron/><gram/><poem/><meanings><meaning>چا سره سلوك كول- بد سلوكي كول (چاسره).</meaning></meanings></int></entry><entry><word>غاړې نيول</word><int><pron/><gram>(مص تر)</gram><poem>داوښانو غاړې چا نيولي دي؟ (متل)</poem><meanings><meaning>مرۍ نيول- د مرۍ نه نيول- زور كول- په زور څه كار كول په چا-</meaning></meanings></int></entry><entry><word>غاړې ويل</word><int><pron/><gram/><poem/><meanings><meaning>سندرې ويل (غاړه رسوېلي پښتونخواه د لور د اولسي سندرو يو قسم دے).</meaning></meanings></int></entry><entry><word>غاړيت</word><int><pron>(غا+ړي+تْ)</pron><gram>[اس-مذ-ج:— ونه]</gram><poem/><meanings><meaning>دوكه- فرېب- ټګي- تېر</meaning></meanings></int></entry><entry><word>غاړه اچول</word><int><pron></pron><gram>(اص)</gram><poem></poem><meanings><meaning></meaning><meaning>مېچنې ته يو چُونګ دانې د وړولو دپاره وراچول</meaning><meaning>په ژرندې لږې شان دانې د ضرورت دپاره اوړۀ کول</meaning></meanings></int></entry></words>
