<?xml version="1.0" encoding="UTF-8"?>
<words>
  <entry>
    <word>غاسل</word>
    <int>
      <pron>(غا+سِ+لْ)</pron>
      <gram>[ع-اس-صف-مذ-ج:ان-مؤ:ه]</gram>
      <poem>په جامو يې هوسېږي&lt;br/&gt;مرده شوے او غاسلان&lt;br/&gt;(رحمان بابا)</poem>
      <meanings>
        <meaning>غسل كوونكے.</meaning>
        <meaning>غسل وركوونكے- لنبوونكے.</meaning>
      </meanings>
    </int>
  </entry>
<entry><word>غاسول</word><int><pron>(غا+سُو+لْ)</pron><gram>[اس-مذ]</gram><poem></poem><meanings><meaning>يو قسم بوټے دے چې (سجر) ترې حاصلېږي- زمۍ- يروځه. (ف- اشنان)</meaning></meanings></int></entry></words>
