<?xml version="1.0" encoding="UTF-8"?>
<words>
  <entry>
    <word>غوږ ته اچول</word>
    <int>
      <pron></pron>
      <gram>(اص)</gram>
      <poem></poem>
      <meanings>
        <meaning></meaning>
        <meaning>څۀ کالے غوږونو ته د ښائست او ډول دپاره اچول</meaning>
        <meaning>غوږو ته دوائي ورڅڅول ، غوږ کښې دارو اچول</meaning>
        <meaning>يوه خبره چاته اورول</meaning>
        <meaning>د چا څۀ خبره په غور سره اورېدل</meaning>
        <meaning>په غوږ وهل</meaning>
      </meanings>
    </int>
  </entry>
</words>
