<?xml version="1.0" encoding="UTF-8"?>
<words>
  <entry>
    <word>غائي علت</word>
    <int>
      <pron>(غا+ئي+—)</pron>
      <gram>[عف تر-اس-مذ]</gram>
      <poem></poem>
      <meanings>
        <meaning>اصطلاحاً د څۀ كار يا د څۀ څيز فائده- نتيجه- حاصل. (د نورو علتونو نه وروستو غائي علت په ظهور كښې راځي. خو ذهن او عقل ته د ټولو نه اول راځي).(غائيه علت هم ورته واي يعنې چې د كوم غايت يا غرض دپاره جوړ كړے شوے وي).</meaning>
      </meanings>
    </int>
  </entry>
</words>
