<?xml version="1.0" encoding="UTF-8"?>
<words>
  <entry>
    <word>غاپ</word>
    <int>
      <pron>(غا+پْ)</pron>
      <gram>[اس- سوت]</gram>
      <poem/>
      <meanings>
        <meaning>غپ- دسپي اواز- غپا.</meaning>
      </meanings>
    </int>
  </entry>
<entry><word>غاپل</word><int><pron>(غا+پ+لْ)</pron><gram>[مص- مت]</gram><poem/><meanings><meaning>د سپي آواز كول- غپ غپ كول- غپا كول- غپېدل- غپل.</meaning><meaning>بكواس كول.</meaning></meanings></int></entry><entry><word>غاپونكڤ</word><int><pron>(غا+پُو+نْ+كِے)</pron><gram>[اس-فا-مذ-ج: غاپونكي]</gram><poem/><meanings><meaning>غپ غپ كؤنكے- غپېدونكے- عوعو كونكے- عف عف كونكے.</meaning><meaning>بكواس كونكے.</meaning></meanings></int></entry><entry><word>غاپي</word><int><pron>(غا+پِي)</pron><gram>[جمله]</gram><poem></poem><meanings><meaning>غپ غپ كوي- غپا كوي.</meaning><meaning>بكواس كوي- خوشې شور كوي- بې فايدې شور كوي. (عموماً خوشې غاپي- يا هسې غاپي وايي).</meaning></meanings></int></entry></words>
