<?xml version="1.0" encoding="UTF-8"?>
<words>
  <entry>
    <word>غاز</word>
    <int>
      <pron>(غا+زْ)</pron>
      <gram>[اس-مذ]</gram>
      <poem/>
      <meanings>
        <meaning>وهل شوي مالوچ- پنبه- كريوسكه.</meaning>
        <meaning>وهلې شوې زړه وړۍ.</meaning>
        <meaning>سورے- شګاف.</meaning>
        <meaning>يوه پخوانۍ وړه سكه- دمړے غاز.</meaning>
      </meanings>
    </int>
  <int><pron>(غا+ز)</pron><gram>[ف-اس-مذ-ج:— ونه]</gram><poem/><meanings><meaning>ګاز- ګېس. (د انګرېزۍ د ګېس بدل شكل دے).</meaning></meanings></int><int><pron>(غا+زْ)</pron><gram>[اس-مذ-ج:— ونه- مو: غازه- ج: غازې]</gram><poem/><meanings><meaning>د مرغابو يو قسم- غټه مرغابۍ.</meaning></meanings></int></entry>
<entry><word>غاز درلودونكڤ</word><int><pron/><gram>[فپ تر- اس-مذ-ج:— كي]</gram><poem/><meanings><meaning>ګېس لرونكے.</meaning></meanings></int></entry><entry><word>غاز سازي</word><int><pron>(—+سا+زي)</pron><gram>[ف تر-اس-مو]</gram><poem/><meanings><meaning>ګېس جوړؤنه- ګېس تيارونه.</meaning></meanings></int></entry><entry><word>غازه</word><int><pron>(غا+زَ)</pron><gram>[ف-اس-مو-ج: غازې]</gram><poem/><meanings><meaning>هغه ګلابي يوډر چې ښځې يې د ښكلا دپاره په مخ مږي. ګلګونه- سُرخي- سُركۍ.</meaning><meaning>لكه لمے- ډونګه.</meaning></meanings></int></entry><entry><word>غازونه</word><int><pron>(غا+زوُ+نَ)</pron><gram/><poem/><meanings><meaning>د (غاز) جمع ده- ګېسونه.</meaning></meanings></int></entry><entry><word>غازي</word><int><pron>(غا+زِي)</pron><gram>[ع-اس-مذ-ج: غازيان]</gram><poem/><meanings><meaning>غزاكؤنكے- د خدائے په لار كښې جنګ كونكے- مجاهد.</meaning><meaning>مړنے- مېړۀ- توريالے- بهادر.</meaning><meaning>يو لقب چې د هغې سړي دپاره استعمالېږي چا چې د اسلام دپاره كفارو سره جنګ كړے وي.</meaning><meaning>فاتح- بريالے- سوبه مند.</meaning></meanings></int><int><pron>(غا+زي)</pron><gram>[صف]</gram><poem/><meanings><meaning>غاز يعنې ګېس سره تعلق لرونكے. ګېس واله- ګېس ته منسوب.</meaning></meanings></int></entry><entry><word>غازيانه</word><int><pron>(غا+زي+آ+نَ)</pron><gram>[عف تر-صف]</gram><poem/><meanings><meaning>د غازي په شان- د مجاهد په رنګ- د توريالي جنګيالي په طور.</meaning></meanings></int></entry><entry><word>غازي ماسكه</word><int><pron>(—+ما+س+كَ)</pron><gram>[انګ تر-اس-مو-ج:— ون]</gram><poem></poem><meanings><meaning>د ګېسونونه د بچ كېدو ماسك.</meaning></meanings></int></entry></words>
