<?xml version="1.0" encoding="UTF-8"?>
<words>
  <entry>
    <word>غلۍ</word>
    <int>
      <pron>(غّ+لَ+ۍ)</pron>
      <gram/>
      <poem/>
      <meanings>
        <meaning>بدله لهجه (وزير)</meaning>
      </meanings>
    </int>
  </entry>
<entry><word>غلۍ پلۍ</word><int><pron>(—+پَ+لَ+ۍ)</pron><gram>[پ-صف]</gram><poem></poem><meanings><meaning>- غلے پلے- خاموش. غلۍ پلۍ په كونه كښې ئې خلۍ. (متل- وز)</meaning></meanings></int></entry></words>
