<?xml version="1.0" encoding="UTF-8"?>
<words>
  
<entry><word>غنا شكۍ</word><int><pron>(غّ+نا+شْ+كۍ)</pron><gram>[اس-مو]</gram><poem/><meanings><meaning>-</meaning><meaning>د اوبو ورو ورو بهېدنه.</meaning><meaning>د بند نه د اوبو لږ لږ راڅڅېدنه.</meaning></meanings></int><int><pron>(غّ+نا+شْ+كۍ)</pron><gram>[اس-مو]</gram><poem/><meanings><meaning>-</meaning><meaning>د اوبو ورو ورو بهېدنه.</meaning><meaning>د بند نه د اوبو لږ لږ راڅڅېدنه.</meaning></meanings></int></entry><entry><word>غنايي</word><int><pron>(غِ+نا+يي)</pron><gram>[عف تر-صف]</gram><poem/><meanings><meaning>- غنا سره تعلق لرونكے- سندرو وغېره ته منسوب. په سُر سره د وئيلو وړ. لكه: غنايي شعرونه.</meaning></meanings></int></entry><entry><word>غنا</word><int><pron/><gram/><poem/><meanings/></int><int><pron>(غِ+نا)</pron><gram>[ع-اس-مو-ج:ګانې-وې]</gram><poem/><meanings><meaning>- نغمه- سندره- راګ.</meaning></meanings></int></entry></words>
