<?xml version="1.0" encoding="UTF-8"?>
<words>
  <entry>
    <word>غ</word>
    <int>
      <pron>(غِے+نْ)</pron>
      <gram>[اس-مذ-ج_____ ونه]</gram>
      <poem></poem>
      <meanings>
        <meaning>د پښتو د الفبا نهه  ويشتم تورے دے. (د عربۍ نوولسم، د فارسۍ دوه ويشتم او د اردو پنځويشتم حرف دے) د زيات وضاحت دپاره ورته معميه يا منقطوطه (يعنې نقطې واله) غېن هم وايي. په هندۍ او سنسكرت وغېره پخوانۍ هندي ژبو كښې نشته. د دې ژبو په الفاظو كښې په ”ګ“ بدلولے شي. دا اصلاً خاص د عربۍ تورے ګڼلے شي. خو په پښتو كښې ډېر داسې الفاظ دي، چې دا غږ لري. خو اصلاً د عربۍ نۀ دي، ځكه دا د پښتو خپل غږ دے. دا د ژبې وروستنۍ پلنې برخې، تر مې اورۍ سره د لګولو په ذريعه پېدا كولے شي. آواز يې كلك بندېز نۀ لري. مخرج ئې د ”خ“ او ”ق“ ته ورته دے. دا تورے ځنې وخت ق سره او ځنې وخت (خ) او (ګ) سره هم بدلېږي.</meaning>
      </meanings>
    </int>
  </entry>
</words>
