<?xml version="1.0" encoding="UTF-8"?>
<words>
  <entry>
    <word>غاښ</word>
    <int>
      <pron>(غا+خ/ شْ)</pron>
      <gram>[اس-مذ-ج:ونه]</gram>
      <poem/>
      <meanings>
        <meaning>د خولې هغه واړۀ واړۀ هډوكي چې خوراك پرې مېده كولے شي. دندان. د ارې هغه درې ګوتيزه تېرې څوكې چې لرګے پرې كولے شي. دندانه- غاښے.</meaning>
      </meanings>
    </int>
  </entry>
<entry><word>غاښ برېښول</word><int><pron/><gram/><poem/><meanings><meaning>د تريو څيز په غاښ كښې برېښ پېدا كول.</meaning><meaning>سزا وركول.</meaning></meanings></int></entry><entry><word>غاښ برېښېدل</word><int><pron/><gram/><poem/><meanings><meaning>د مقابلې توان نۀ لرل- د زوره ور مقابلې ته نۀ وړاندې كېدل (د سخت تريو څيز په خوراك كښې غاښونه كار نۀ كوي. ددې نه برنۍ محاوره جوړه شوه.</meaning></meanings></int></entry><entry><word>غاښ پوه</word><int><pron>(—+پو+هـ)</pron><gram>[پ تر-اس-مذ-ج:ان]</gram><poem/><meanings><meaning>د غاښونو د مرضونو يا علاج ماهر. د غاښونو ډاكټر يا حكيم.</meaning></meanings></int></entry><entry><word>غاښ تودېدل</word><int><pron/><gram/><poem/><meanings><meaning>د خوراك په څه څيز د غاښ ګرمېدل عموماً د لږ څيز په حقله د نفى په شكل كښې استعمالېږي.</meaning></meanings></int></entry><entry><word>غاښ تېرول</word><int><pron/><gram/><poem/><meanings><meaning>(و_____________ غاښونه تېرول).</meaning></meanings></int></entry><entry><word>غاښ ټومبونڤ</word><int><pron>(—+ټُو+مْ+بُو+نَے)</pron><gram>[پ تر-اس-مذ-ج:ني]</gram><poem/><meanings><meaning>هغه ډكے چې د غاښونو نه پرې نښتے خوراك را اوباسي.</meaning></meanings></int></entry><entry><word>غاښ چيچك</word><int><pron>(—+چِي+جَ+كْ)</pron><gram>[پ تر-صف-مذ-مو:ه]</gram><poem/><meanings><meaning>هغه څيز چې شګې پكښې ګډې وي، چې په خوراك كښې د غاښونو لاندې راځي. شګلن- ريګدار.</meaning></meanings></int></entry><entry><word>غاښ چيچل</word><int><pron/><gram>(مص تر)</gram><poem/><meanings><meaning/><meaning>غاښونه يوبل سره جنګول- دا د ډېرې غصې علامه ده. ځكه مجازاً ډېر زيات په قهركېدل- په تاؤ كښې كېدل.</meaning><meaning>صبر تحمل كول- واركول. لكه: څو ورځې غاښ وچيچه، كتاب ورته پېدا كوم. (ر پ ق)</meaning></meanings></int></entry><entry><word>غاښ چيچن</word><int><pron>(—+چِي+چ+نْ)</pron><gram>[پ تر-صف-مذ-مؤ:ه]</gram><poem/><meanings><meaning>و--- غاښ چيچك شګلن.</meaning><meaning>غضبناك- په قهر كښې- قهرژن.</meaning></meanings></int></entry><entry><word>غاښ چيچنه</word><int><pron>(—+چِي+چ+نَ)</pron><gram>[حمص]</gram><poem/><meanings><meaning>د غاښ چيچل.</meaning><meaning>غصه- غضبناكي- قهر.</meaning></meanings></int></entry><entry><word>غاښ چيچنه كول، چاته</word><int><pron/><gram/><poem/><meanings><meaning>چاته غاښ چيچل- غصه كول- ډېر په قهر كېدل چاته- زورل.</meaning></meanings></int></entry><entry><word>غاښ چيچــــڤ</word><int><pron>(—+چِي+چے)</pron><gram>[پ تر-اس-مو]</gram><poem/><meanings><meaning>غاښ چيچنه- غاښونه يوبل سره په قوت سره مږل چې آواز ترې وځي. مجازاً د قهر- غصې او غضب څرګندونه.</meaning></meanings></int></entry><entry><word>غاښ چيچڤ كول چاته</word><int><pron/><gram/><poem/><meanings><meaning>د ډېره قهره چاته غاښوړه چيچل د غاښونو په چيچلو د خپلې غصې او قهر اظهار كول- ډېر قهرېدل (چاته).</meaning></meanings></int></entry><entry><word>غاښ سپينول</word><int><pron/><gram/><poem>غاښ كه دانا سپين كه زړۀ يې خلاص نۀ وي له درده&lt;br/&gt;نۀ خاندي بې بالكه خندا خوي د لېونو دے&lt;br/&gt;(حافظ)</poem><meanings><meaning>خاندل- په خندا كښې غاښوړه ښكاره كول.</meaning></meanings></int></entry><entry><word>غاښ سكوڤ</word><int><pron>(—+سْ+كُو+ئے)</pron><gram>[پ تر-اس-مذ-ج: ئي]</gram><poem/><meanings><meaning>د غاښ چاؤد.</meaning></meanings></int></entry><entry><word>غاښ ښګرڤ</word><int><pron>(—+خُ/شُ+ګْ+رَے)</pron><gram>[پ تر-اس-مذ-ج:ري]</gram><poem/><meanings><meaning>د خوراك هغه څيز چې د خوراك نه پس د غاښونو ۀ مينځ كښې نښتے پاتې شي- غاښ سكوے.</meaning></meanings></int></entry><entry><word>غاښ غاښ</word><int><pron/><gram/><poem/><meanings><meaning>هغه څوك چې سپي يا بل داسې ځناور ډېر خوړلے- داړلے- چيچلے وي- يعنې زخمونه يې ډېر زيات وي.</meaning></meanings></int></entry><entry><word>غاښ غاش كښې وړل</word><int><pron/><gram/><poem/><meanings><meaning>څوك ډېر زخمي كول- غوښې غوښې كول- دا اكثر مخاطب ته د ډېرې غصې او د قهر په حالت كښې وئيلے شي. يعنې دا چې غاښ غاښ كښې به دې يوسم. دا اكثر داسې حالت كښې هم وئيلے شي- چې يو حمله اور خپل ښكار يا مقابل په وړومبي وار كښې ختم كړي او ډېر خراب يې كړي.</meaning></meanings></int></entry><entry><word>غاښ غاښ كول</word><int><pron/><gram/><poem/><meanings><meaning>د سپي يا بل داسې ځناور څوك په داسې رنګ داړل- خوړل- چيچل چې ډېر يې زخمي كړي.</meaning></meanings></int></entry><entry><word>غاښ غاښ كېدل</word><int><pron/><gram/><poem/><meanings><meaning>څوك د سپي يا بل داسې ځناور له لاسه خوړلے- داړلے- چيچلے كېدل.</meaning></meanings></int></entry><entry><word>غاښ كتل</word><int><pron/><gram/><poem>چې په غوجل دې لوئے شي، غاښ يې مه ګوره. (متل)</poem><meanings><meaning>عمر معلومول- د عمر اندازه لګول- (د ځناور عمر د غاښونو په شمېر معلومولے شي)</meaning></meanings></int></entry><entry><word>غاښ كښل-اباسل-وېستل</word><int><pron/><gram>(مص تر)</gram><poem/><meanings><meaning>رنځور غاښ (په دندان ساز) راوباسل.</meaning></meanings></int></entry><entry><word>غاښ كنډاس</word><int><pron>(—+كَ+نْ+ډا+سْ)</pron><gram/><poem>وېښته سپين سترګې تاريكې غاښ كنډاس&lt;br/&gt;نۀ وكاږي د دنيا له چارو لاس&lt;br/&gt;(رحمان بابا)</poem><meanings><meaning>غاښ كنډاو شوے- چې غاښ يا غاښونه ووځي او د هغوي ځائے خالي پاتې شي.</meaning></meanings></int></entry><entry><word>غاښ كنډاس كېدل</word><int><pron/><gram/><poem/><meanings><meaning>غاښ يا غاښونه وتل- او د پريوتو غاښونو ځائے خالي كېدل- مجازاً ډېر بوډا كېدل.</meaning></meanings></int></entry><entry><word>غاښ كول</word><int><pron/><gram/><poem/><meanings><meaning>غاښ پېدا كول- د ماشوم په اول سر كښې غاښ پېدا كول.</meaning><meaning>د چيچلو جوګه ګرځېدل- طاقت پېدا كول.</meaning></meanings></int></entry><entry><word>غاښ كېدل</word><int><pron/><gram/><poem/><meanings><meaning>غاښ پېدا كېدل- د ماشوم په اول ځل غاښ راټوكېدل.</meaning><meaning>د چيچلو جرګه ګرځېدل- طاقت پېدا كېدل.</meaning></meanings></int></entry><entry><word>غاښ لګول</word><int><pron/><gram>(مص تر)</gram><poem/><meanings><meaning>په خولۀ كښې د پريوتي غاښ (يا غاښونو) په ځائے بل مصنوعي غاښ (يا غاښونه) لګول- غاښ اېښودل يا كېښودل.</meaning></meanings></int></entry><entry><word>غاښ ماتول د چا</word><int><pron/><gram/><poem/><meanings><meaning>مجازاً چاله ماتې وركول- څوك وهل- ډبول.</meaning></meanings></int></entry><entry><word>غاښ ماتڤ سر ماتڤ</word><int><pron/><gram/><poem/><meanings><meaning>جنګ جګړه چې پكښې يوبل زخمي او سخت خوږ كړي.</meaning></meanings></int></entry><entry><word>غاښ مښونڤ</word><int><pron>(—+مَ+خُو/ شو+نَے)</pron><gram>[پ-تر اس-مذ-ج:نې]</gram><poem/><meanings><meaning>د غاښونو د مږلو آله- برش- مسواك.</meaning></meanings></int></entry><entry><word>غاښ نۀ تودېدل</word><int><pron/><gram/><poem/><meanings><meaning>غاښ د خوراك په څيز نه ګرمېدل- مجازاً د ډېر لږ څۀ خوراك په حقله ويلے شي. لكه: په دې حلوا خو زما غاښ هم نۀ تودېږي- (يعنې ډېره لږه ده).</meaning></meanings></int></entry><entry><word>غاښ وتلڤ</word><int><pron/><gram>(پ تر-صف)</gram><poem>غاښ وتلے ږيره سپينه لا تر اوسه&lt;br/&gt;باز په لاس ګرځم په غرونو په جبال&lt;br/&gt;(خوشحال)</poem><meanings><meaning>هغه چې غاښ يې پريوتے وي. مجازاً بوډا.</meaning></meanings></int></entry><entry><word>غاښ وله</word><int><pron>(—+ؤ+لَ)</pron><gram>[پ تر-اس-مو-ج:لې]</gram><poem/><meanings><meaning>د ولو د ونې يو قسم- بېد مجنون- زېړه وله- خړانګو.</meaning></meanings></int></entry><entry><word>غاښ ولۍ</word><int><pron>(—+و+لَ+ۍ)</pron><gram>[پ-تر-اس-مو]</gram><poem/><meanings><meaning>د غاښ ريښه.</meaning></meanings></int></entry><entry><word>غاښك</word><int><pron>(غا+شْ+كْ)</pron><gram>[اس-صف-مذ-مو:ه]</gram><poem/><meanings><meaning>غاښونو واله- غاښور- دندانه دار.</meaning></meanings></int></entry><entry><word>غاښو</word><int><pron>(غا+شُو)</pron><gram>[صف]</gram><poem/><meanings><meaning>غاښور- غاښونو واله- دندانه دار.</meaning></meanings></int></entry><entry><word>غاښور</word><int><pron>(غا+ښَ+وْ+ر)</pron><gram>[اس-مذ]</gram><poem/><meanings><meaning>غاښونو واله-</meaning><meaning>د زميندارو يوه آله ده چې د هغې په مدد زمكې او پټي اواروي او د يوځائے نه بل ځائے ته د غوايانو په ذريعه خاوره وړي.</meaning></meanings></int></entry><entry><word>غاښور كېدل</word><int><pron/><gram/><poem/><meanings><meaning>په غاښور سره پټے هوارول يا پكښې دكر دپاره پولې جوړول.</meaning></meanings></int></entry><entry><word>غاښونه</word><int><pron/><gram/><poem/><meanings><meaning>د غاښ جمع</meaning></meanings></int></entry><entry><word>غاښونه اېستل دچا</word><int><pron/><gram/><poem/><meanings><meaning>د چا ډېره وهنه- دچا ډېره بې عزتي كونه- څوك ډېر كمزورے او بې وسه كول.</meaning></meanings></int></entry><entry><word>غاښونه تېرول</word><int><pron/><gram/><poem/><meanings><meaning>مجازاً د مقابلې تياري كول- مقابلې ته ځان برابرول-</meaning><meaning>(مذاقاً) غاښونه بريش كول- غاښونه په پرش صفا كول.</meaning></meanings></int></entry><entry><word>غاښونه چيچل</word><int><pron/><gram/><poem>په خولۀ د هېڅ راته ونۀ وې&lt;br/&gt;د سور پېزوان لاندې دې ووچيچل غاښونه&lt;br/&gt;(ټپه)</poem><meanings><meaning>و__________ غاښ چيچل</meaning></meanings></int></entry><entry><word>غاښونه چيچل چاته</word><int><pron/><gram/><poem/><meanings><meaning>چاته ډېر زيات په قهرېدل.</meaning></meanings></int></entry><entry><word>غاښونه سپېنول</word><int><pron/><gram/><poem/><meanings><meaning>مجازاً- خاندل- په خندا كښې غاښونه ښكاره كول- مسكېدل- مساكول.</meaning></meanings></int></entry><entry><word>غاښونه شمېرل</word><int><pron/><gram/><poem/><meanings><meaning>د څاروي عمر معلومول.</meaning><meaning>ډېر سخت وهل- ډېر سخته سزا وركول.</meaning></meanings></int></entry><entry><word>غاښونه ښكاره كول</word><int><pron/><gram/><poem/><meanings><meaning>خاندل- مسكېدل- مسېدل</meaning></meanings></int></entry><entry><word>غاښونه كرپول</word><int><pron/><gram/><poem/><meanings><meaning>د غاښونو په جنګولو سره اواز پېدا كول.</meaning></meanings></int></entry><entry><word>غاښونه كول</word><int><pron/><gram/><poem/><meanings><meaning>د ماشوم په اول ځل غاښ پېدا كېدل-</meaning><meaning>زور او طاقت حاصلول.</meaning></meanings></int></entry><entry><word>غاښۍ</word><int><pron>(غا+شَ+ۍ)</pron><gram>[اس-مو]</gram><poem/><meanings><meaning>دزميدارنو يوه آله- چې لوئے لاسكے لري او په سر كښې (عموماً) د لرګي اوږدۀ تېرۀ غاښي پكښې لګېدلي وي- په دې باندې د درمن غله او بوس الوزوي او بوس او غنم خپله جدا كوي. ((درې غاښۍ)) هم ورته وايي. ښاخۍ- خاښۍ- شاخۍ- سكو.</meaning></meanings></int></entry><entry><word>غاښڤ</word><int><pron>(غا+خَے)</pron><gram>[اس-مذ-ج:ښي]</gram><poem>مكړه نادانه، د نۀ كړو كار دے&lt;br/&gt;دا چې پرې خېژې غاښے دشوار دے&lt;br/&gt;(خوشحال)</poem><meanings><meaning>په غره كښې د غاښ په شان وتې څوكه.</meaning><meaning>كوتل- پچومے- د غرۀ نه د ور اوړېدلو لار.</meaning></meanings></int></entry><entry><word>غاښيز</word><int><pron>(غا+شِي+زْ)</pron><gram>[پ تر-صف-مذ-مو:ه]</gram><poem></poem><meanings><meaning>غاښونو واله- دندانه دار.</meaning></meanings></int></entry></words>
