<?xml version="1.0" encoding="UTF-8"?>
<words>
  <entry>
    <word>غاب</word>
    <int>
      <pron>(غا+بْ)</pron>
      <gram>[ع-اس-مذ-ج: غابونه]</gram>
      <poem/>
      <meanings>
        <meaning>د (غابه) جمع ده. ځنګلونه- ځنګلے- بڼونه- درګه.</meaning>
        <meaning>د قاب بدل شكل- لوئے تالے تال.</meaning>
        <meaning>د زمري د استوګنې ځائے.</meaning>
      </meanings>
    </int>
  </entry>
<entry><word>غابوڼڤ</word><int><pron>(غا+بو+ڼَ+ے)</pron><gram>[ق-اس-مذ-ج: غابوڼي]</gram><poem></poem><meanings><meaning>يو قسم بوټے دے د ګندنا په شان تر يخ دے او ژبي شان ګلونه كوي.</meaning></meanings></int></entry></words>
