<?xml version="1.0" encoding="UTF-8"?>
<words>
  <entry>
    <word>فروشي</word>
    <int>
      <pron>(فُ+رو+شِي)</pron>
      <gram>[ف تر-اس-مو]</gram>
      <poem/>
      <meanings>
        <meaning>-</meaning>
        <meaning>خرڅونه- پلورنه.</meaning>
        <meaning>د لاحقې په طور نورو الفاظو سره راځي- او د خرڅ يا پلورنې معنې وركوي.</meaning>
      </meanings>
    </int>
  </entry>
<entry><word>فروع</word><int><pron>(فُ+رُو+عْ) د ((فرع))</pron><gram>[و_____فرع]</gram><poem/><meanings><meaning>جمع ده.</meaning></meanings></int></entry><entry><word>فروغ</word><int><pron>( فَ+رو+غْ)</pron><gram>[ف-اس-مذ]</gram><poem/><meanings><meaning>-</meaning><meaning>رڼا- زلک- ځلک- روڼ والے- روښانتيا</meaning><meaning>زياتوالے- ترقي.</meaning></meanings></int></entry><entry><word>فروغ بخش</word><int><pron>(—+بَ+خْ+شْ)</pron><gram>[ف تر-صف-مذ-ج:ه]</gram><poem></poem><meanings><meaning>-</meaning><meaning>رڼابخښونكے</meaning></meanings></int></entry></words>
