<?xml version="1.0" encoding="UTF-8"?>
<words>
  <entry>
    <word>في الحال</word>
    <int>
      <pron>(فِ+لْ+حا+لْ)</pron>
      <gram>[ع-تر-تف]</gram>
      <poem/>
      <meanings>
        <meaning>-</meaning>
        <meaning>فوراً- همه په دې حال كښې- هم په دې وخت- فوراً- زر- په تادۍ.</meaning>
        <meaning>په موجوده وخت په حاضر وخت كښې.</meaning>
      </meanings>
    </int>
  </entry>
<entry><word>في صد</word><int><pron>(—+صَ+دْ)</pron><gram>[عف تر]</gram><poem/><meanings><meaning>- په سكو كښې- په سلو كښې دومره برے. لكه: شل فيصده ګټه.</meaning></meanings></int></entry><entry><word>في الفور</word><int><pron>(فِ+لْ+فَو+رْ)</pron><gram>[ع-تر-تف]</gram><poem/><meanings><meaning>- فوراً- مخې سره- په دې ساعت. سمدستي.</meaning></meanings></int></entry><entry><word>في كس</word><int><pron>(—+ك+سْ)</pron><gram>[عف تر-تف]</gram><poem></poem><meanings><meaning>- د يو كس په سر- هريو كس لره.</meaning></meanings></int></entry></words>
