<?xml version="1.0" encoding="UTF-8"?>
<words>
  <entry>
    <word>فهم</word>
    <int>
      <pron>( ـــــــــــــ ف+هـ+م )</pron>
      <gram>[ف تر، صف، مذ، مو ه]</gram>
      <poem/>
      <meanings>
        <meaning>کم فهم واله، کمې پوهې واله، کم عقل، ناپوهه</meaning>
      </meanings>
    </int>
  </entry>
<entry><word>فهمي</word><int><pron>( ــــــــــــــ ف+هـ+مي )</pron><gram>[ف تر، اس، مو]</gram><poem></poem><meanings><meaning>د پوهې کموالے، کم پوهي، کم عقلي، ناپوهي، ناداني</meaning></meanings></int></entry></words>
