<?xml version="1.0" encoding="UTF-8"?>
<words>
  <entry>
    <word>فوځداري عدالت</word>
    <int>
      <pron>(فَو+ځ+دا+ري+—)</pron>
      <gram/>
      <poem/>
      <meanings>
        <meaning>هغه عدالت يا كچهرۍ چرته چې د جنګ، جګړو، مرګ ژوبلې وغېره مقدمې فېصله كولې شي. (د دېواني په مقابله كښې).</meaning>
      </meanings>
    </int>
  </entry>
<entry><word>فوځي عدالت</word><int><pron>(فَو+زِي+—)</pron><gram></gram><poem></poem><meanings><meaning>هغه عدالت په كوم كښې چې فېصله كوونكي د عامو قاضاينو يا منصفانو يا ججانو وغېره په ځائے د فوځ افسران وي.</meaning></meanings></int></entry></words>
