<?xml version="1.0" encoding="UTF-8"?>
<words>
  <entry>
    <word>فقاره</word>
    <int>
      <pron>(فَ+قا+رَ)</pron>
      <gram>[ع-اس-مو-ج:ې]</gram>
      <poem/>
      <meanings>
        <meaning>- د ملا د تير يوه مهره يا بند.</meaning>
      </meanings>
    </int>
  </entry>
<entry><word>فقاريه</word><int><pron>(فَ+قا+ري+ىَ)</pron><gram>[غ-صف]</gram><poem/><meanings><meaning>- فقارواله- هغه چې فقار سره تعلق لري.</meaning></meanings></int></entry><entry><word>فقاهت</word><int><pron>(ف+قا+هَ+تْ)</pron><gram>[ع-اس]</gram><poem></poem><meanings><meaning>-</meaning><meaning>عقلمندي- پوهه.</meaning><meaning>دين د علم پوهه.</meaning></meanings></int></entry></words>
