<?xml version="1.0" encoding="UTF-8"?>
<words>
  <entry>
    <word>فکري</word>
    <int>
      <pron>( ــــــــــــــ ف/ في+ک+ري )</pron>
      <gram>[اس، مو]</gram>
      <poem/>
      <meanings>
        <meaning>د فکر توجه کمے، غفلت لکه : د کم فکرۍ ځنې کار مه اخله</meaning>
      </meanings>
    </int>
  </entry>
<entry><word>فکر</word><int><pron>( ــــــــ ف / في + ک + ر )</pron><gram>[ صف ، مذ ، مو ]</gram><poem></poem><meanings><meaning>کم فکر واله ، کمې توجه واله</meaning></meanings></int></entry></words>
