<?xml version="1.0" encoding="UTF-8"?>
<words>
  <entry>
    <word>فوق العاده</word>
    <int>
      <pron>(فَوْ+قُ+لْ+عا+دَ+ه]</pron>
      <gram/>
      <poem/>
      <meanings>
        <meaning>و___________ خارق العاده.</meaning>
      </meanings>
    </int>
  </entry>
<entry><word>فوقتاً</word><int><pron>( ـــــــ ف+و+ق+ت+ن )</pron><gram>[ع تر ، تف ]</gram><poem></poem><meanings><meaning>وخت په وخت، کله کله، ځينې ځينې وخت، په مناسب وختونو کښې</meaning></meanings></int></entry></words>
