<?xml version="1.0" encoding="UTF-8"?>
<words>
  <entry>
    <word>فقر</word>
    <int>
      <pron>(فَ+ق+رْ)</pron>
      <gram>[ع-اس-مذ]</gram>
      <poem/>
      <meanings>
        <meaning>- فقيري- درويشي- نيشتيا- محتاجي- غريبي.</meaning>
      </meanings>
    </int>
  </entry>
<entry><word>فقر الدم</word><int><pron>(— +(ر+دْ)+دَ+مْ)</pron><gram>[ع تر-اس-مذ]</gram><poem/><meanings><meaning>- د يو مرض نوم دے چې په بدن كښې د وينې كمښت راشي- كم خوني. انګ-امينيا.</meaning></meanings></int></entry><entry><word>فقراء</word><int><pron>(فُ+قَ+را)[ع-اس-ج]- د ((فقير))</pron><gram>[ع-اس-ج]</gram><poem/><meanings><meaning>جمع- فقيران.</meaning></meanings></int></entry><entry><word>فقرات</word><int><pron>(فِ+قْ+را+تْ) د ((فقره))</pron><gram>[جمع ده.]</gram><poem></poem><meanings><meaning></meaning></meanings></int></entry></words>
