<?xml version="1.0" encoding="UTF-8"?>
<words>
  <entry>
    <word>فديه</word>
    <int>
      <pron>(فِ+دْ+ىَ)</pron>
      <gram>[ع-اس-مو-ج:ئې]</gram>
      <poem></poem>
      <meanings>
        <meaning>-</meaning>
        <meaning>سربها. د قاتل د طرفه كوم رقم چې د صلحې دپاره د مقتول وارثانو له وركولے شي.</meaning>
        <meaning>د قيدي يا د نيولې شوي مال د را خلاصولو دپاره وركېدونكے رقم.</meaning>
        <meaning>صدقه- كفاره.</meaning>
      </meanings>
    </int>
  </entry>
</words>
