<?xml version="1.0" encoding="UTF-8"?>
<words>
  <entry>
    <word>قضا</word>
    <int>
      <pron>(قَ+ضا)</pron>
      <gram>[ع-اس-مو-ج:ګانې]</gram>
      <poem/>
      <meanings>
        <meaning>-</meaning>
        <meaning>حكم-هغه حكم چې د خداے پاك د طرفه د مخلوق په باره كښې وي.</meaning>
      </meanings>
    </int>
  </entry>
<entry><word>قضات</word><int><pron>(قُ+ضا+ت)</pron><gram>[ع-اس-ج]</gram><poem/><meanings><meaning>-د ”قاضي“ جمع ده.</meaning></meanings></int></entry><entry><word>قضاوت</word><int><pron>(قَ+ضا+وَ+تْ)</pron><gram>[عف تر-اس-مذ-ج:ونه]</gram><poem/><meanings><meaning>-</meaning><meaning>فېصله-شرعي فېصله يا حكم-د انصاف فېصله.</meaning><meaning>د قضا شوي نمونځ يا روژې ادا كول.</meaning><meaning>قاضي توب-فېصله كونه-د عدالت كار-ججي.</meaning></meanings></int></entry><entry><word>قضائي</word><int><pron>(قَ+ضا+ئي)</pron><gram>[ف تر—]</gram><poem></poem><meanings><meaning>-</meaning><meaning>د ”قضا“ مضافي شكل.</meaning><meaning>پوره كول-ترسره كول-(په فارسي مركباتو كښې، استعمالېږي)</meaning></meanings></int></entry></words>
