<?xml version="1.0" encoding="UTF-8"?>
<words>
  <entry>
    <word>قصداً</word>
    <int>
      <pron>(قَ+صْ+دَ+نْ)</pron>
      <gram>[ع-تف]</gram>
      <poem/>
      <meanings>
        <meaning>-په قصد سره-په ارادې سره-په كست-په نامت-له</meaning>
        <meaning>قسته.</meaning>
      </meanings>
    </int>
  </entry>
<entry><word>قصدي</word><int><pron>(قَ+صْ+دِي)</pron><gram>[عف تر-صف]</gram><poem></poem><meanings><meaning>- قصداً-په اراده سره-په نامت-هغه چې په خطا يا قدرتي نۀ وي. لكه: قصدي خندا.</meaning></meanings></int></entry></words>
