<?xml version="1.0" encoding="UTF-8"?>
<words>
  <entry>
    <word>قصر</word>
    <int>
      <pron>(قَ+صْ+ر)</pron>
      <gram>[ع-اس-مذ-ج:ونه/قصور]</gram>
      <poem/>
      <meanings>
        <meaning>-كمے-لنډوالے-كوتاهي-نقص-عېب.</meaning>
      </meanings>
    </int>
  </entry>
<entry><word>قصر كول</word><int><pron>(قَ+صْ+ر)</pron><gram>[ع-اس-مذ-ج:ونه/قصور]</gram><poem></poem><meanings><meaning>-كمے-لنډوالے-كوتاهي-نقص-عېب.</meaning></meanings></int></entry></words>
