<?xml version="1.0" encoding="UTF-8"?>
<words>
  <entry>
    <word>قدير</word>
    <int>
      <pron>(قَ+دِي+رْ)</pron>
      <gram>[اس-صف-مذ-مو:ه]</gram>
      <poem/>
      <meanings>
        <meaning>د خداے پاك يو صفاتي نوم.</meaning>
        <meaning>د نارينه ؤ په نوم كښې استعمالېږي.</meaning>
      </meanings>
    </int>
  </entry>
<entry><word>قديم</word><int><pron>(قَ+دِي+م)</pron><gram>[ع-صف-مذ-مو:ه]</gram><poem/><meanings><meaning>-</meaning><meaning>قدامت لرونكے-زوړ-پخوانے-د پخوانۍ زمانے-لرغونے.</meaning><meaning>د خداے پاك يو صفاتي نوم.</meaning><meaning>د نارينه ؤ په نومونو كښې استعمالېږي.</meaning></meanings></int></entry><entry><word>قديمي</word><int><pron>(قَ+دِي+مِي)</pron><gram>[عف تر-صف]</gram><poem></poem><meanings><meaning>-زوړ-پخوانے-لرغونے.</meaning></meanings></int></entry></words>
