<?xml version="1.0" encoding="UTF-8"?>
<words>
  <entry>
    <word>قورچي</word>
    <int>
      <pron>(قو+ر+چي)</pron>
      <gram>[ت-اس-مذ-ج:ان]</gram>
      <poem/>
      <meanings>
        <meaning>لوهار-اهنګر</meaning>
        <meaning>د اسلحه خانې محافظ.</meaning>
      </meanings>
    </int>
  </entry>
<entry><word>قورغندل</word><int><pron>(قو+ر+غَ+نْ+د+لْ)[اس-جم]-يو ازغن (اغزن)</pron><gram>[اس-جم]</gram><poem/><meanings><meaning>بوټے چې ډېر تر يخ وي. (وائي چې د دوزخيانو خوراك په وي).</meaning></meanings></int></entry><entry><word>قورمه</word><int><pron/><gram>[ت-اس-مو-ج:ونه]</gram><poem/><meanings><meaning>دا په دعوتونو كښې پولاؤ د پاسه اچولے شي.</meaning></meanings></int></entry><entry><word>قوري</word><int><pron>(قُو+رِي)</pron><gram>[ف-اس-مو]</gram><poem/><meanings><meaning>-چايېنك-چائې داني.</meaning></meanings></int></entry><entry><word>قوريه</word><int><pron>(قو+رِى+ىَ)</pron><gram>[اس-مو-ج:ئې/ګاڼې]</gram><poem></poem><meanings><meaning>بوزغلے.</meaning></meanings></int></entry></words>
