<?xml version="1.0" encoding="UTF-8"?>
<words>
  <entry>
    <word>قوز</word>
    <int>
      <pron>(قُو+ز)كُب-</pron>
      <gram>[ف-صف]</gram>
      <poem/>
      <meanings>
        <meaning>باهرته وتې برخه.</meaning>
      </meanings>
    </int>
  </entry>
<entry><word>قوز پشت</word><int><pron></pron><gram>[ف تر-صف- مذ-مو:ه]</gram><poem></poem><meanings><meaning>- هغه چې ملا كښې كب لري-كوبے-كُبے.</meaning></meanings></int></entry></words>
