<?xml version="1.0" encoding="UTF-8"?>
<words>
  <entry>
    <word>قوس</word>
    <int>
      <pron>(قَو+س)</pron>
      <gram>[ع-اس-مذ-ج:ونه/اقواس]</gram>
      <poem/>
      <meanings>
        <meaning>-</meaning>
        <meaning>لينده-كمان.</meaning>
        <meaning>د اسمان د نهم برج نوم چې د ليندې په شكل ګڼلے شوے دے.</meaning>
        <meaning>د شمسي كال د يوې مياشتې نوم.</meaning>
        <meaning>د دائرې د محيط يوه ټوټه.</meaning>
        <meaning>د بوډۍ ټال.</meaning>
      </meanings>
    </int>
  <int><pron>(قَو+س)</pron><gram>[ع-اس-مذ-ج:ونه/اقواس]</gram><poem></poem><meanings><meaning>-</meaning><meaning>لينده-كمان.</meaning><meaning>د اسمان د نهم برج نوم چې د ليندې په شكل ګڼلے شوے دے.</meaning><meaning>د شمسي كال د يوې مياشتې نوم.</meaning><meaning>د دائرې د محيط يوه ټوټه.</meaning><meaning>د بوډۍ ټال.</meaning></meanings></int></entry>
<entry><word>قوس دار</word><int><pron>(— دا+ر)</pron><gram>[عف تر-صف-مذ-مو:ه]</gram><poem/><meanings><meaning>-قوس لرونكے-د قوس په شكل د ليندې په شكل.</meaning></meanings></int></entry></words>
