<?xml version="1.0" encoding="UTF-8"?>
<words>
  <entry>
    <word>كند په غاړه كول</word>
    <int>
      <pron></pron>
      <gram></gram>
      <poem>خدايه كه زۀ تاته نزدې كېږم په افلاس!&lt;br/&gt;زر مې كند په غاړه كړه يو مات كچكول په لاس&lt;br/&gt;(خوشحال)</poem>
      <meanings>
        <meaning>ځان نه فقير جوړول- دروېشي اختيارول- فقير كېدل.</meaning>
      </meanings>
    </int>
  </entry>
</words>
