<?xml version="1.0" encoding="UTF-8"?>
<words>
  <entry>
    <word>كو غالڤ</word>
    <int>
      <pron>(كَ+و+—)</pron>
      <gram>[پ تر-اس-مذ-ج:لي]</gram>
      <poem></poem>
      <meanings>
        <meaning>هغه وړه شان كنده چې د غټو- سټو وريژو په مېنځ كښې جوړولے شي. او غوړي يا ماستۀ پكښې اچولے شي. د خوراك په وخت كښې په ركيبۍ يا تالي كښې خپل طرف ته كنده كول- په عمومي توه هم د هر قسمه كندې دپاره استعمالېږي.</meaning>
      </meanings>
    </int>
  </entry>
</words>
