<?xml version="1.0" encoding="UTF-8"?>
<words>
  <entry>
    <word>لټ په لټ اړول</word>
    <int>
      <pron></pron>
      <gram>(اص)</gram>
      <poem></poem>
      <meanings>
        <meaning></meaning>
        <meaning>لوټ په لوټ اړول ، ډډې په ډډې اړول ، څنګ په څنګ اړول</meaning>
        <meaning>زيات ناقلاره کول ،په غم يافراق کښې د چا ناقلاره کول ، بې قراري ، بې تابي</meaning>
      </meanings>
    </int>
  </entry>
</words>
