<?xml version="1.0" encoding="UTF-8"?>
<words>
  <entry>
    <word>لدني علم</word>
    <int>
      <pron>(لَ+دُ+نْ+نِي+—)</pron>
      <gram>[پ-تر]</gram>
      <poem>د عارف په بخره علم لدني دے&lt;br/&gt;په الست يې روزي شوې بې تحصيله&lt;br/&gt;(خوشحال)</poem>
      <meanings>
        <meaning>هغه علم چې بغېر د لوستې او زده كړې له خدائے له طرفه وركړے شوے وي.</meaning>
      </meanings>
    </int>
  </entry>
</words>
