<?xml version="1.0" encoding="UTF-8"?>
<words>
  <entry>
    <word>لا علاج</word>
    <int>
      <pron></pron>
      <gram></gram>
      <poem></poem>
      <meanings>
        <meaning>هغه مرض يا تكليف چې په دارو درملو هم نۀ رغېږي، نه رغېدونكے چې هېڅ قسم علاج يې نۀ وي. د علاج نه بهر.</meaning>
        <meaning>هغه ګران يا تكليف وغېره چې حل يې نه وي.</meaning>
      </meanings>
    </int>
  </entry>
</words>
