<?xml version="1.0" encoding="UTF-8"?>
<words>
  <entry>
    <word>لوټ په لوټ اوړېدل</word>
    <int>
      <pron></pron>
      <gram>(اص)</gram>
      <poem></poem>
      <meanings>
        <meaning></meaning>
        <meaning>په يو مخ او په بل مخ رغړېدل، په خربازو اوړېدل</meaning>
        <meaning>ډېر بې قراره کېدل، د درد له کبله زيات بې ارامه کېدل</meaning>
      </meanings>
    </int>
  </entry>
</words>
