<?xml version="1.0" encoding="UTF-8"?>
<words>
  <entry>
    <word>له عقل پلـــڤ</word>
    <int>
      <pron/>
      <gram/>
      <poem>سوارۀ د عقل په براق ختلي دي&lt;br/&gt;له عقله پلي په غم نيولي دي&lt;br/&gt;(خوشحال)</poem>
      <meanings>
        <meaning>بې عقله- كم عقله چې سوچ فكر نۀ لري.</meaning>
      </meanings>
    </int>
  </entry>
<entry><word>له عقل نه بهر</word><int><pron/><gram/><poem/><meanings><meaning>په عقل كښې نۀ راتلونكے- داسې كار يا خبره چې (د چا) عقل يې نه مني.</meaning></meanings></int></entry><entry><word>له غاړې اړول</word><int><pron/><gram/><poem/><meanings><meaning>له غاړې لرې كول- ذمه داري يا بوج د ځانه لرې كول</meaning></meanings></int></entry><entry><word>له اخ توخ اچول</word><int><pron/><gram>(اص)</gram><poem/><meanings><meaning>بې طاقت کول ، دومره وهل چې بيا د خوځېدو نۀ وي د بيمارۍ په وجه زيات کمزورے کېدل ، ضعيف کېدل ، د برمه پرې يستل</meaning></meanings></int></entry><entry><word>له انده پاس</word><int><pron/><gram>(اف)</gram><poem/><meanings><meaning>اص: هغه کار چې په قياس کښې نۀ راځي د پام فکر نه اوچت ، د ګمان نه باهر</meaning></meanings></int></entry><entry><word>له اول نه</word><int><pron></pron><gram></gram><poem></poem><meanings><meaning>(اص) د شروع نه، د ابتداء نه، د مخکښې نه، د سره</meaning></meanings></int></entry></words>
