<?xml version="1.0" encoding="UTF-8"?>
<words>
  <entry>
    <word>مهر</word>
    <int>
      <pron>( ــــــــ م+ مه+ر )</pron>
      <gram>[ عپ تر، اس ، مذ ، ج ـــــــ ونه ]</gram>
      <poem></poem>
      <meanings>
        <meaning>هغه حق مهر (ولور) کوم چې مخې سره نۀ ادا کېږي بلکې وروستو بل وخت ته پرېښودے شي د ٫٫معجل، ، ضد دے په نېټه کړے شوے، او معجل نغد ته وائي</meaning>
      </meanings>
    </int>
  </entry>
</words>
