<?xml version="1.0" encoding="UTF-8"?>
<words>
  <entry>
    <word>مراتب</word>
    <int>
      <pron>( م+را+تب )</pron>
      <gram>[ع ، اس ، ج ]</gram>
      <poem/>
      <meanings>
        <meaning>د ٫٫ مرتبه، ، جمع ده</meaning>
      </meanings>
    </int>
  </entry>
<entry><word>مراثي</word><int><pron>( م+را+ثي )</pron><gram>[ع، اس، ج]</gram><poem/><meanings><meaning>د ٫٫ مرثيه، ، جمع ده مرثيې، ساندې</meaning></meanings></int></entry><entry><word>مراجحه</word><int><pron>( م+را+ج+ح )</pron><gram>[ع، اس، مو، ج حې]</gram><poem/><meanings><meaning>ترجيح ورکول، غوره ګڼل، يو څيز د بل په مقابله کښې ښۀ ګڼل</meaning></meanings></int></entry><entry><word>مراجع</word><int><pron>( م+را+جع )</pron><gram>[ع، اس، ج]</gram><poem/><meanings><meaning>د ٫٫ مرجع، ، جمع ده د روج کولو ځايونه، د راګرځېدلو ځايونه</meaning></meanings></int><int><pron>( م+را+جع )</pron><gram>[ ع ، اس ، مذ ، ج ـــــــــ ين ]</gram><poem/><meanings><meaning>مراجعت کوونکے، بېرته راګرځېدونکے، راستنېدونکے</meaning></meanings></int></entry><entry><word>مراجعت</word><int><pron>( م+را+ج+عت )</pron><gram>[ ع ، اس ، مذ ، ج ـــــــــ ونه ]</gram><poem/><meanings><meaning>رجوع کول، راتلل، واپسي، بېرته راګرځېدنه، بېرته راتلل</meaning></meanings></int></entry><entry><word>مراحل</word><int><pron>( م+را+حل )</pron><gram>[ع،اس ، ج ]</gram><poem/><meanings><meaning>د٫٫ مرحله، ، جمع ده مرحلې، منزلونه</meaning></meanings></int></entry><entry><word>مراحم</word><int><pron>( م+را+حم )</pron><gram>[ع ، اس ، ج ]</gram><poem/><meanings><meaning>د ٫٫ مرحمت، ، جمع ده مهربانۍ، ښېګړه، نېکي 
مرام</meaning></meanings></int></entry><entry><word>مراد</word><int><pron>( مُ+را+د )</pron><gram>[ع ، اس ، مذ ، ج ـــــــ ونه ]</gram><poem/><meanings><meaning>د کوم څيز چې اراده وکړے شي نيت کړے شوے مقصد، خواهش، مطلب، مدعا، غرض منښته، نذر، مطلب، مفهوم، د نارينه ؤ په نومونو کښې هم راځي لکه مراد خان</meaning></meanings></int></entry><entry><word>مرادونه</word><int><pron>( م+را+دو+نه )</pron><gram>[عپ، تر، اس، ج]</gram><poem/><meanings><meaning>د ٫٫ مراد، ، جمع ده</meaning></meanings></int></entry><entry><word>مرادف</word><int><pron>( م+را+دف  )</pron><gram>[ع ، اس ، مذ ، ج ــــ ونه / ات ]</gram><poem/><meanings><meaning>د بل شاته کښېناستونکے يا سورېدونکے، هم معنٰى يو مطلب لرونکي الفاظ، لکه آټا او اوړۀ لکه : هله به خبر شې چې آټه درته اوړۀ کړمه (متل)</meaning></meanings></int></entry><entry><word>مراسله</word><int><pron>( م+را+س+ل )</pron><gram>[ ع ،اس،مو،ج ـــــ لې / ات ]</gram><poem/><meanings><meaning>خط، چټۍ، ليک</meaning></meanings></int></entry><entry><word>مراسلات</word><int><pron>( م+را+س+ لا +ت )</pron><gram>[ ع،اس،ج ]</gram><poem/><meanings><meaning>د مراسله جمع ده</meaning></meanings></int></entry><entry><word>مراسلت</word><int><pron>( م+را+س+لت )</pron><gram>[ ع ، اس ، مذ ]</gram><poem/><meanings><meaning>سره خط و کتابت کول، سره چيټۍ ليکل</meaning></meanings></int></entry><entry><word>مراسم</word><int><pron>( م+را+سم )</pron><gram>[ع ، اس ، ج ]</gram><poem/><meanings><meaning>د ٫٫ رسم، ، جمع ده رسمونه، دود دستور، قاعدې، تعلقات، (د رسوم په ځاے ٫٫ رسم، ، هم ددې د واحدپه طوراستعمالېږي سره ددې چې د ٫٫ مراسم، ، اصل جمع مراسيم او د ٫٫رسم، ، جمع ٫٫رسوم، ، ده)</meaning></meanings></int></entry><entry><word>مراعات</word><int><pron>( م+را+عا+ت )</pron><gram>[ع ، اس ، ج ]</gram><poem/><meanings><meaning>رعايتونه، سلوک، مروت، خيال يا لحاظ ساتل د څاروؤ يو ځاے څرېدنه په نظر کښې ساتنه، د سترګو په ګوښو کتنه، په ترڅ کتنه</meaning></meanings></int></entry><entry><word>مراعي</word><int><pron>( م+را+عي )</pron><gram>[ع ، اس ، ج ]</gram><poem/><meanings><meaning>د٫٫مرعې، ، جمع ده ورشوګانې، چراګاهونه، د څرن مېدانونه رعايتونه، لحاظونه</meaning></meanings></int></entry><entry><word>مراغبت</word><int><pron>( م+را+غ+بت )</pron><gram>[ ع ،اس ، مذ ]</gram><poem/><meanings><meaning>رغبت لرنه، خواهش لرنه، رغبت، خواهش</meaning></meanings></int></entry><entry><word>مرافعه</word><int><pron>( م+را+ف ، عه )</pron><gram>[ع ،اس ، مو ، ج ـــــ عې / ات ]</gram><poem/><meanings><meaning>اپيل، د لاندې عدالت د فېصلې خلاف اوچت عدالت ته درخواست</meaning></meanings></int></entry><entry><word>مرافقت</word><int><pron>( م+را+ف+قت )</pron><gram>[ ع ، اس ، مذ ، ج ـــــــــــ ونه ]</gram><poem/><meanings><meaning>سره ژوند کول، يو ځاے ناسته پاسته، رفاقت کول ملګرتيا</meaning></meanings></int></entry><entry><word>مراق</word><int><pron>( م+را+ق )</pron><gram>[ع ، اس ، مذ ]</gram><poem/><meanings><meaning>يو مرض دے ماليخوليا، لېونتوب، چې اکثره د دماغي کار د زياتوالي، ويرې يا په مقصد کښې د ناکاميابه کېدلو په وجه کېږي</meaning></meanings></int></entry><entry><word>مراقي</word><int><pron>( م+را+قي )</pron><gram>[ عف ، تر ، اس ، صف ]</gram><poem/><meanings><meaning>د ٫٫ مراق، ، په مرض اخته، (و مراق)</meaning></meanings></int></entry><entry><word>مراقبه</word><int><pron>( م+را+ق+به )</pron><gram>[ع ، اس ، مو ، ج ــــــ بې ]</gram><poem/><meanings><meaning>ځانله غلې سرکښته ناسته کښې ژور فکر کول داسې غور کول، تصور کول د تصوف په اصطلاح کښې په ذکر او ژور فکر کښې تللو ته وائي داسې چې د ګېر چاپېره دنيا نه بالکل بې پروا شي</meaning></meanings></int></entry><entry><word>مراقد</word><int><pron>( م+ر+قد )</pron><gram>[ ع ،اس ، ج  ]</gram><poem/><meanings><meaning>د ٫٫ مرقد، ، جمع ده مرقدونه، قبرونه</meaning></meanings></int></entry><entry><word>مراکب</word><int><pron>( م+را+کب )</pron><gram>[ ع ، اس ، ج ]</gram><poem/><meanings><meaning>د ٫٫ مرکب، ، جمع ده مرکبونه، سورلۍ، هغه څۀ چې پرې سورلي کولے شي سورلي</meaning></meanings></int></entry><entry><word>مراکز</word><int><pron>( م+را+کز )</pron><gram>[ ع ،اس ، ج ]</gram><poem/><meanings><meaning>د ٫٫ مرکز، ، جمع ده مرکزونه</meaning></meanings></int></entry><entry><word>مراکو</word><int><pron>( م+را+کو )</pron><gram>[اس، مذ]</gram><poem></poem><meanings><meaning>د بيزو يو قسم ښکلې او قيمتي څرمن چې پخوا به د مراکو ښار نه راتله</meaning></meanings></int></entry></words>
