<?xml version="1.0" encoding="UTF-8"?>
<words>
  <entry>
    <word>مېده مېده اوړۀ کول</word>
    <int>
      <pron></pron>
      <gram>(اف)</gram>
      <poem></poem>
      <meanings>
        <meaning>لُغ : اوړۀ ډېر زيات نري کېدل</meaning>
        <meaning>اص : زياته عاجزي او زاري کول</meaning>
        <meaning>د يرې په وجه ورو ورو او پستې پستې خبرې کول</meaning>
      </meanings>
    </int>
  </entry>
</words>
