<?xml version="1.0" encoding="UTF-8"?>
<words>
  <entry>
    <word>موجبات</word>
    <int>
      <pron>( مو+ج+با+ت )</pron>
      <gram>[ع ،اس مو،ج ]</gram>
      <poem/>
      <meanings>
        <meaning>د٫٫ موجب، ، جمع ده</meaning>
      </meanings>
    </int>
  </entry>
<entry><word>موجد</word><int><pron>( مو +جد)</pron><gram>[ ع ، اس ، صف ، مذ، ج ــــــ ان /ين]</gram><poem/><meanings><meaning>ايجاد کوونکے، نوې خبره راپېد کوونکے، اختراع کوونکے، د خپل طبيعت او دماغ په زور يونوےڅيز راپېدا کوونکے</meaning></meanings></int></entry><entry><word>موجده</word><int><pron>( مو+ج+د )</pron><gram>[ ع ، پ ،اس،مو ، ج ــــــ ې / انې ]</gram><poem/><meanings><meaning>د ٫٫ موجد، ، تانيث دے</meaning></meanings></int></entry><entry><word>موجز</word><int><pron>( مو+جز )</pron><gram>[ ع ، صف ، مذ ، موــــــ ه ]</gram><poem/><meanings><meaning>مختصر، لنډ، خلاصه لکه : موجز تقرير، د طب د يو پخواني مشهور کتاب نوم</meaning></meanings></int></entry><entry><word>موجود</word><int><pron>( مو+جو+د )</pron><gram>[ ع ، صف ، مذ ،مو ـــــــ ه ]</gram><poem/><meanings><meaning>وجود(ور) کړے شۀ، پېدا کړے شوے، حاضر، ظاهر</meaning></meanings></int></entry><entry><word>موجل</word><int><pron>(م + اَجْ + جَل)</pron><gram>[ع، اس، مف، مذ، مو ه]</gram><poem></poem><meanings><meaning>مهلت ورکړے شوے، بل وخت ته پاتې کړے شوے، ملتوي شوے</meaning></meanings></int></entry></words>
