<?xml version="1.0" encoding="UTF-8"?>
<words>
  <entry>
    <word>مات</word>
    <int>
      <pron>(ما+ ت)</pron>
      <gram>[صف، مذ، مو ه]</gram>
      <poem/>
      <meanings>
        <meaning/>
        <meaning>هغه څيز چې ثابت روغ نۀ وي ټوټې شوے شکسته</meaning>
        <meaning>شکست</meaning>
        <meaning>هغه چې ماتې ئې موندلې وي شکست خورد، مغلوب،</meaning>
        <meaning>رابرغډ</meaning>
      </meanings>
    </int>
  </entry>
<entry><word>ماتابه</word><int><pron>(ما+تا +به)</pron><gram>[اسم، صفت، مؤنث، پ]</gram><poem/><meanings><meaning>د ٫٫ ماه تابه، ، يا ٫٫ماهتابه، ، پښتو شکل دے د څوارلسمې سپوږمۍ</meaning></meanings></int></entry><entry><word>مات ګوډ</word><int><pron>(ما + ت + ګ + وډ)</pron><gram>[اسم صفت، مذه، واحد]</gram><poem/><meanings><meaning>ټوټې ټوټې، خراب حالت کښې بې کاره</meaning></meanings></int></entry><entry><word>ماتاوئ</word><int><pron>(ما + تا + و + ئ)</pron><gram>[اس، مو]</gram><poem/><meanings><meaning>ماتابۍ، ماهتابۍ، د اتش بازۍ يو بارودي څيزدے شُرشرۍ شتۍ ٫٫ب، ، او ٫٫و، ، دوه شونډيځ فونيمونه دي څوک يو وائي او څوک دغه بل</meaning></meanings></int></entry><entry><word>ماتحت</word><int><pron>(ما + ت + ت)</pron><gram>[اسم صفت]</gram><poem/><meanings><meaning>د لاس لاندې، د حکم تابع، لاندې</meaning></meanings></int></entry><entry><word>ماتحته</word><int><pron>( ما+ت+ح+ت )</pron><gram>[ عپ تر ، اس مو ، ج ـــــ تې ]</gram><poem/><meanings><meaning>د ٫٫ماتحت، ، تانيث دے</meaning></meanings></int></entry><entry><word>ماتحتي</word><int><pron>( ما+ت+ح+تي )</pron><gram>[ اس، مو ]</gram><poem/><meanings><meaning>د بل د حکم تر لاندې حالت، نائبت، نيابت</meaning></meanings></int></entry><entry><word>ماتر</word><int><pron>( ما+تر )</pron><gram>[ اسم ، واحد ، مذ ]</gram><poem/><meanings><meaning>لو نه پس درمند کښې د غوبلونو دپاره د جوړ کړي شوي ټوپ يا ډېري نه را بېل کړي شوي هغه غنم چې پرې څاروي ګرځولے شي د تازه تازه وادۀ شوي زلمي او د هغه د سخرانې تر ميانځه هغه پرده کومه چې د دريمې په موقع د هغۀ خواښې کره په ورتللو ماته شي پښتو محاوره کښې دغه پردې ماتېدو ته ماتر ماتيدل وائي او بيا زلمے دغلته ورتلو کښې شرم نۀ محسوسوي</meaning></meanings></int></entry><entry><word>ماتره</word><int><pron>( ما+ت+را )</pron><gram>[ اس ، مع ]</gram><poem/><meanings><meaning>د افريدو د علاقې د يو غر نوم دے 
 د ماتري غاښے نېغ درومي اسمان ته 
 په خاتۀ خاتۀ لنډېږي باندې سپينې  (خوشحال)</meaning></meanings></int></entry><entry><word>ماتم</word><int><pron>( ما+تم )</pron><gram>[ اسم ، واحد ، مذ ، فعل، جم، ماتميا ]</gram><poem/><meanings><meaning>مصيبت، غم، افت، وير، واوېلا</meaning></meanings></int></entry><entry><word>ماتمي</word><int><pron>( ما +ت+مي )</pron><gram>[ اسم ، صفت ، حالت فاعلي ]</gram><poem/><meanings><meaning>غم لړلے، وير لړلے، ماتم کوونکے</meaning></meanings></int></entry><entry><word>ماتو</word><int><pron>( ما+تو )</pron><gram>[اس، مو، ج ګانې]</gram><poem/><meanings><meaning>مېرمن، بي بي، د کور مالکه</meaning></meanings></int></entry><entry><word>ماتوالے</word><int><pron>( ما+ت+وا+لے )</pron><gram>[ اسم صفت ، واحد ، مذ ]</gram><poem/><meanings><meaning>د مات نه مشتق دے بدحالي، بې وسي</meaning></meanings></int></entry><entry><word>ماتے</word><int><pron>( ما+تے )</pron><gram>[ اسم ، واحد ، مذکر ]</gram><poem></poem><meanings><meaning>هورهورکے، جګنو</meaning></meanings></int></entry></words>
