<?xml version="1.0" encoding="UTF-8"?>
<words>
  <entry>
    <word>مړے امانت کول</word>
    <int>
      <pron></pron>
      <gram>(اص)</gram>
      <poem></poem>
      <meanings>
        <meaning>مړے مزکې ته د امانت په طور سپارل ، په مسافرۍ کښې چې څوک مړ شي نو د څۀ خاص مودې دپاره هغه مزکې ته امانت وسپارلے شي او بياروستو د هغۀ لاش خپل وطن ته يوړے شي</meaning>
      </meanings>
    </int>
  </entry>
</words>
