<?xml version="1.0" encoding="UTF-8"?>
<words>
  <entry>
    <word>ماټ</word>
    <int>
      <pron>( ما+ټ )</pron>
      <gram>[اسم واحد، ه]</gram>
      <poem/>
      <meanings>
        <meaning/>
        <meaning>خُم</meaning>
        <meaning>غټه چاټۍ يا غټ منګے</meaning>
        <meaning>د هندوستان د متهرې نومې ضلعې نوم دے او ددغه ضلعې دارالخلافه هم ده</meaning>
      </meanings>
    </int>
  </entry>
<entry><word>ماټر</word><int><pron>( ما+ټر )</pron><gram>[اسم، ظرف]</gram><poem></poem><meanings><meaning>د هندوستان په ضلع کيره کښې د يو ښاريې نوم دے
ماځو</meaning></meanings></int></entry></words>
