<?xml version="1.0" encoding="UTF-8"?>
<words>
  <entry>
    <word>مخ اړول</word>
    <int>
      <pron/>
      <gram>(اص)</gram>
      <poem/>
      <meanings>
        <meaning/>
        <meaning>بې پروائي ظاهرول ، چا ته مدد نۀ ورکول ، د چا د مدد نه لاس اخستل ، بې وفائي کول</meaning>
        <meaning>د چا پام بل پلؤ کول ، د لښکر يا حملې رُخ بدلول ، او بۀ په بل طرف ګرځول</meaning>
        <meaning>په چا ښېګړه يا احسان کول</meaning>
      </meanings>
    </int>
  </entry>
<entry><word>مخ استر کول</word><int><pron></pron><gram>(اص)</gram><poem></poem><meanings><meaning>مخ ملازه کول ، رُورعايت کول ، په چا احسان خېژول</meaning></meanings></int></entry></words>
