<?xml version="1.0" encoding="UTF-8"?>
<words>
  <entry>
    <word>مودب</word>
    <int>
      <pron>(مُ+اد+د+ ب )</pron>
      <gram>[ ع،صف ،مذ،مو ــــــــ ه ]</gram>
      <poem/>
      <meanings>
        <meaning>ادب ورښودلے شوے، ادب کولو واله، مهذب، ښۀ ؤ اخلاقو واله</meaning>
      </meanings>
    </int>
  </entry>
<entry><word>مودت</word><int><pron>( م+و +دت )</pron><gram>[ع ،اس ، مذ ، ج ــــــ ونه ]</gram><poem/><meanings><meaning>خپلو کښې سره دوستي، مينه، محبت، اخلاص</meaning></meanings></int></entry><entry><word>مودزئ</word><int><pron>(مو+د+ زئ )</pron><gram>[اس،مع ]</gram><poem/><meanings><meaning>د مير زئيو څانګه ده (ميرزي، بابړ) شيراني دي</meaning></meanings></int></entry><entry><word>موده</word><int><pron>( مو+ده)</pron><gram>[اس ، مو ، ج ـــــــ دې ]</gram><poem></poem><meanings><meaning>وخت، زمانه، دوران</meaning></meanings></int></entry></words>
