<?xml version="1.0" encoding="UTF-8"?>
<words>
  <entry>
    <word>موحد</word>
    <int>
      <pron>( م+و+ح+حد )</pron>
      <gram>[ ع،اس،مذ،ج ــــ ان / ين ]</gram>
      <poem/>
      <meanings>
        <meaning>د خداے پاک د وحدانيت (يو والي) عقيده لرونکے، د يوخداے منونکے، مسلم، مسلمان</meaning>
      </meanings>
    </int>
  </entry>
<entry><word>موحش</word><int><pron>(م+و+ح+حِش )</pron><gram>[ ع ، اس ، صف ، مذ ، مو ـــــــ ه ]</gram><poem></poem><meanings><meaning>وحشت پېدا کوونکے، دهشت غم پېدا کوونکے، فکر مند کوونکے</meaning></meanings></int></entry></words>
