<?xml version="1.0" encoding="UTF-8"?>
<words>
  <entry>
    <word>موخه</word>
    <int>
      <pron>( مو+خه )</pron>
      <gram>[ اس،مو،ج ــــــ خې ]</gram>
      <poem/>
      <meanings>
        <meaning>هدف، ګل زيرے، نشانه 
  درسته موخه تير انداز سړے خطاکا
 د ټکۍ په سر د اوړکي لګي تير  (خوشحال)
 د غشو د ويشتلو يوه زدکړه او مشق کوم چې تر اوسه د يوې لوبې په توګه د يوسفزئيو په علاقه کښې کولے شي</meaning>
      </meanings>
    </int>
  </entry>
<entry><word>موخۍ</word><int><pron>( مو+خۍ )</pron><gram>[ اس، مو ]</gram><poem></poem><meanings><meaning>د يو بوټي نوم دے چې د کونځلو په شان دانې کوي د لوڼو په بدل کښې ورونه</meaning></meanings></int></entry></words>
