<?xml version="1.0" encoding="UTF-8"?>
<words>
  <entry>
    <word>مورد</word>
    <int>
      <pron>(م +و+ رِد)</pron>
      <gram>( ع،اس، ج )</gram>
      <poem/>
      <meanings>
        <meaning/>
        <meaning/>
        <meaning/>
      </meanings>
    </int>
  <int><pron>( مو + ر + د )</pron><gram>[ ع،اس،مذ،ج ــــ ونه / موارد]</gram><poem></poem><meanings><meaning>هغه ځاےچېرته   چې څوک تېرېږي ـ  د تېرېدلو ځاے ـ  د ورننوتلو ځاے ، د کوزېدلو ځاے ، تالاؤ، ډنډ،چېرته   چې بنيادم يا ځناور اوبۀ څښي ،چينه ، واقعه ، موقع ـ</meaning></meanings></int></entry>
<entry><word>مورخه</word><int><pron>( م+ا+ر +خه )</pron><gram>( اس ، مو ، ج ـــــ خې / انې )</gram><poem/><meanings><meaning>د ٫٫ مورخ، ، تانيث دے</meaning></meanings></int></entry></words>
