<?xml version="1.0" encoding="UTF-8"?>
<words>
  <entry>
    <word>منځلے</word>
    <int>
      <pron>( مَ+ن+ځ+لے )</pron>
      <gram>[ پ تر،اس،مذ ]</gram>
      <poem/>
      <meanings>
        <meaning>په مېنځ کښې راتلونکے،  مېنځګړے، خپل سره خپل شي، منځ ليانو به مخ تور شي (متل)
 يا خپل به سره خپل شي پردي به په کښې غُل شي</meaning>
      </meanings>
    </int>
  </entry>
<entry><word>منځ</word><int><pron>( مَ + مَنْ + ځ )</pron><gram>[ اس،مذ ، ج ــــــــ  ونه ]</gram><poem></poem><meanings><meaning>مېنځنۍ حصه ، درميان ، وسط ، درون ، وقفه ـ  ( ښکنځل ) کُس ، فرج ، ( محاورتاً ) ـ</meaning></meanings></int></entry></words>
