<?xml version="1.0" encoding="UTF-8"?>
<words>
  <entry>
    <word>مقدم</word>
    <int>
      <pron>( م+قد+دم ــــــــــ )</pron>
      <gram>[ع ، تر، اس ]</gram>
      <poem></poem>
      <meanings>
        <meaning>وړاندې ورستو مخکښېنے څيز ورستو (کونه) او ورستنے څيز وړاندې (کونه) عموماً الفاظ د خپل اصل ځائې نه په دې ډول بدلونه تقديم تاخير</meaning>
      </meanings>
    </int>
  </entry>
</words>
