<?xml version="1.0" encoding="UTF-8"?>
<words>
  <entry>
    <word>نويس</word>
    <int>
      <pron>( ــــــ ن+وي +س )</pron>
      <gram>[ عف تر ، اس ، مذ ، ج ــــــ ان ]</gram>
      <poem/>
      <meanings>
        <meaning>د جنګونو واقعات او د پېښو ليکونکے په نړۍ کښې د پېښېدونکو واقعاتو ليکونکے نامه نګار، اخبار نويس</meaning>
      </meanings>
    </int>
  </entry>
<entry><word>نويسي</word><int><pron>( ــــــــ ن+وي+سي )</pron><gram>[عف ، تر ، اس ، مو ]</gram><poem></poem><meanings><meaning>د جنګ د پېښو ليکونکے، د جنګونو د واقعاتو ليکونکے په نړۍ کښې د پېښېدونکو واقعاتو، حادثاتو وغېره خبرونه ورکولو، اخبار نويسي</meaning></meanings></int></entry></words>
