<?xml version="1.0" encoding="UTF-8"?>
<words>
  <entry>
    <word>نرے آواز</word>
    <int>
      <pron/>
      <gram>(اص)</gram>
      <poem/>
      <meanings>
        <meaning/>
        <meaning>په معمولي ږغ ،په لږ شک</meaning>
        <meaning>په نري اواز خلق ځان سره سندرې وائي</meaning>
      </meanings>
    </int>
  </entry>
<entry><word>نرے اور</word><int><pron></pron><gram></gram><poem></poem><meanings><meaning>(اص) هغه اور چې رو رو مزې سره بلېږي</meaning></meanings></int></entry></words>
