<?xml version="1.0" encoding="UTF-8"?>
<words>
  <entry>
    <word>نيستي په اشخار نۀ ډېرېږي</word>
    <int>
      <pron></pron>
      <gram>(اف مح)</gram>
      <poem></poem>
      <meanings>
        <meaning>چې څوک حرص کوي او معمولي معمولي څيز جمع کوي او د بخيلۍ نه کار اخلي نو بل ورته وائي چې ’’نيستي په اشخار نۀ ډېرېږي ‘‘</meaning>
      </meanings>
    </int>
  </entry>
</words>
