<?xml version="1.0" encoding="UTF-8"?>
<words>
  <entry>
    <word>هسكه غاړه</word>
    <int>
      <pron>(هـَ+س+كَ—)</pron>
      <gram/>
      <poem/>
      <meanings>
        <meaning>غاړه اوچته نيولې- سر اوچت نيولے. په عزت سره- په فخر سره.</meaning>
      </meanings>
    </int>
  </entry>
<entry><word>هسك غاړڤ</word><int><pron>(هـَ+سْ+كْ+—)</pron><gram></gram><poem></poem><meanings><meaning>و_______________ لك غاړے.</meaning></meanings></int></entry></words>
