<?xml version="1.0" encoding="UTF-8"?>
<words>
  <entry>
    <word>هراتي غالۍ</word>
    <int>
      <pron>(هـِ+را+تَ+تي+—)</pron>
      <gram/>
      <poem/>
      <meanings>
        <meaning>د هرات په ښهر كښې جوړ شوے قالين- اعلٰى او غوره قالين.</meaning>
      </meanings>
    </int>
  </entry>
<entry><word>هراس</word><int><pron>( هه+راس )</pron><gram>[ اسم،واحد،مذکر ]</gram><poem/><meanings><meaning>يره، خوف (م فارسي)</meaning></meanings></int></entry><entry><word>هراسان</word><int><pron>( هه+را+سان)</pron><gram>[صفت ]</gram><poem/><meanings><meaning>تريدلے، نا امېد، خوف زده، ويريدلے 
 (م فارسي)</meaning></meanings></int></entry><entry><word>هراسم</word><int><pron>( هه+را+سم )</pron><gram>[اسم ، واحد ، مذکر ]</gram><poem/><meanings><meaning>ويره ترهه، هراس (فارسي)</meaning></meanings></int></entry><entry><word>هراند</word><int><pron>( هه + راند )</pron><gram>[صفت ]</gram><poem></poem><meanings><meaning>بزدله ، يرندونکے ، ډرپوک ـ</meaning></meanings></int></entry></words>
