<?xml version="1.0" encoding="UTF-8"?>
<words>
  <entry>
    <word>واده</word>
    <int>
      <pron>( وا + دَ )</pron>
      <gram>[اس،مو،ج ـــــ دې ]</gram>
      <poem/>
      <meanings>
        <meaning>٫٫ وعده ،، بدل شکل  دے ـ ( و ـــــ وع</meaning>
      </meanings>
    </int>
  </entry>
<entry><word>وادي</word><int><pron>( وا+دي )</pron><gram>[ف،اس،مو،ج ـــــ انې ]</gram><poem></poem><meanings><meaning>د دوه ؤ غرونو ياد غرونو دسلسلو په مېنځ مېداني يا څۀ قدرې هواره علاقه (ددې جمع وادئ او وادي ګانې هم راځي)</meaning></meanings></int></entry></words>
