<?xml version="1.0" encoding="UTF-8"?>
<words>
  <entry>
    <word>وقف</word>
    <int>
      <pron>( و + ق + ف )</pron>
      <gram>[ع ، اس ، مذ ، ج ــــــ ونه /اوقات]</gram>
      <poem/>
      <meanings>
        <meaning>ودرېدنه ، ولاړه ، توقف ، هغه جائداد کوم چې د خداے په نامه ورکړے شي ـ چې د اولس د ښېګړې دپاره په کار راوستے شي ـ  د ساکن توري (حرف) نه وروستو د داسې توري (حرف) راتلۀ چې هېڅ حرکت نۀ لري ـ  په کوم کار کښې ډېر مصروف ـ هغه دمه کومه چې د قرآن پاک د لوستلو په وخت په مقرره ځايونو کولے شي</meaning>
      </meanings>
    </int>
  </entry>
<entry><word>وقفه</word><int><pron>( و+ق+فَ )</pron><gram>[ع ، اس ، مو، ج ـــــــ فې ]</gram><poem></poem><meanings><meaning>د مقرره وخت دپاره د کوم کار اټالونه د روان کار د ودرولو او څۀ وخت پس بيا د جاري کولو تر مينځه وخت د قرآن پاک د تلاوت په وخت په مقرره ځايونو دمه کونه</meaning></meanings></int></entry></words>
