<?xml version="1.0" encoding="UTF-8"?>
<words>
  <entry>
    <word>ورځ اړول</word>
    <int>
      <pron></pron>
      <gram>(اص)</gram>
      <poem></poem>
      <meanings>
        <meaning></meaning>
        <meaning>ورځ تېرول</meaning>
        <meaning>په مزدورۍ کښې د يوې ورځې مزدوري پوره کول يا دياړي نغدول</meaning>
        <meaning>وخت تېرول ، وخت ته ديکه ورکول ، هسې ساعت تېرول ، وخت ته ټېله ورکول ، وخت ته ګاسه ورکول  په هغه دغه ساعت تېرول</meaning>
        <meaning>د وخت تېرولو دپاره بې مطلبه شغل کول</meaning>
      </meanings>
    </int>
  </entry>
</words>
