<?xml version="1.0" encoding="UTF-8"?>
<words>
  <entry>
    <word>ورور عزيز</word>
    <int>
      <pron>(و+رو+رْ+—)</pron>
      <gram>[عپ تر-اس-مذ]</gram>
      <poem/>
      <meanings>
        <meaning>ورور يا رشته دار- د نزدې رشته يا د لرې رشته- ټول رشته داران.</meaning>
      </meanings>
    </int>
  </entry>
<entry><word>وروستڤ عقل</word><int><pron>(وَ+رو+سْ+تَے+—)</pron><gram>[عپ تر-اس-مذ]</gram><poem></poem><meanings><meaning>هغه عقل يا پوهه كومه چې د يو كار د خرابېدونه پس سړي ته راشي. كاش دا وروستے عقل وړومبے وے!</meaning></meanings></int></entry></words>
