<?xml version="1.0" encoding="UTF-8"?>
<words>
  <entry>
    <word>والا</word>
    <int>
      <pron>( ــــــــــ وا+لا )</pron>
      <gram>[ عپ ،تر،صف ]</gram>
      <poem/>
      <meanings>
        <meaning>هغه چې وقار لري، دروند، عزتمند</meaning>
      </meanings>
    </int>
  </entry>
<entry><word>والد</word><int><pron>( وا+ل+ د )</pron><gram>[ع ، اس ، فا ]</gram><poem/><meanings><meaning>زېږوونکے سړے، پلار، پدر</meaning></meanings></int></entry><entry><word>والده</word><int><pron>( وا+ل+دَ )</pron><gram>[ع ، اس ، مو ، ج ــ ې ]</gram><poem/><meanings><meaning>مور، مادر، ابۍ</meaning></meanings></int></entry><entry><word>والدين</word><int><pron>( وا +ل+دې+ن )</pron><gram>[ع ، اس ، تثنيه ]</gram><poem/><meanings><meaning>مور او پلار، والد او والده</meaning></meanings></int></entry><entry><word>والدعا</word><int><pron>( و+دْ+دُ+عا )</pron><gram>[ ع ، جمله ]</gram><poem/><meanings><meaning>او دعا دې وي يا دعا دې درورسي دعائيه جمله ده چې عموماً وړو ته د خط په اخر کښې ليکلے شي</meaning></meanings></int></entry><entry><word>والسلام</word><int><pron>( و + سْ + سَ + لا + م )</pron><gram>[ ع ،تر،جمله ]</gram><poem></poem><meanings><meaning>او سلام دې وي ـ يا سلام دې در ورورسي ـ  ( عموماً د خطونو په اخر ليکلے شي يا د تقرير د ختمولو په وخت وئيلے شي ـ د خبر ې په ختمولو وئيلے شي ـ
والګۍ</meaning></meanings></int></entry></words>
