<?xml version="1.0" encoding="UTF-8"?>
<words>
  <entry>
    <word>وقت</word>
    <int>
      <pron>( و+ق+ت )</pron>
      <gram>[ع ، اس ، ظر ، ج ـــــــ ونه / اوقات ]</gram>
      <poem/>
      <meanings>
        <meaning>وخت، زمانه، ساعت، ګړۍ، شېبه، ورځ مياشت، کال، د وخت دا ټولې ټکړې په دې کښې شاملې دي ژوند، عمر مرګ، د مرګي ګړۍ تکليف، مصيبت، موسم فرصت، مهلت، (د ٫٫ وقت، ، سره تړلې محاورې د ٫٫وخت، ، تر لاندې وګورئ)</meaning>
      </meanings>
    </int>
  </entry>
<entry><word>وقتاً</word><int><pron>( و + ق + ت + ن )</pron><gram>[ع ، تف ]</gram><poem/><meanings><meaning>وقتي طور سره ، عارضي طور سره ـ</meaning></meanings></int></entry><entry><word>وقتي</word><int><pron>( و+ق+تي )</pron><gram>[عف، تر، صف]</gram><poem></poem><meanings><meaning>وخت سره تعلق لرونکے، وقت سره مناسب عارضي (ددې لفظ معنا ٫٫وختي، ، ونۀ ليکلې شوه چې دې لفظ په پښتو کښې د راتلو نه پس خپلې معنې بدلې کړي دي بخاري)</meaning></meanings></int></entry></words>
