<?xml version="1.0" encoding="UTF-8"?>
<words>
  <entry>
    <word>وابستګي</word>
    <int>
      <pron>( وا+ب+س+ت+ګي )</pron>
      <gram>[ ف تر ، اس ، مو ]</gram>
      <poem/>
      <meanings>
        <meaning>تړون، سره تعلق، واسطه</meaning>
      </meanings>
    </int>
  </entry>
<entry><word>وابسته</word><int><pron>( وا+ب+س+تَ )</pron><gram>[ف تر ، صف، اس، ج ـــ ګان ]</gram><poem></poem><meanings><meaning>سره تړلے، سره تعلق لرونکے، يو بل سره تړلے، متعلق 
وابسته</meaning></meanings></int></entry></words>
