<?xml version="1.0" encoding="UTF-8"?>
<words>
  <entry>
    <word>واقعاً</word>
    <int>
      <pron>( وا+ق+ع+ن )</pron>
      <gram>[ ع ، تف ]</gram>
      <poem/>
      <meanings>
        <meaning>په واقع کښې، د حقيقت په طور، په حقيقت کښې</meaning>
      </meanings>
    </int>
  </entry>
<entry><word>واقعات</word><int><pron>( وا+ق+عا+ت )</pron><gram>[ع ، اس ، ج]</gram><poem/><meanings><meaning>د ٫٫ واقعه، ، جمع ده، پېښې حادثې</meaning></meanings></int></entry><entry><word>واقعه</word><int><pron>( وا+ق+ع )</pron><gram>[ ع،اس،مو،ج ـــــ عې / ات ]</gram><poem/><meanings><meaning>پېښه، واقع کېدونکې خبره، حادثه واردات</meaning></meanings></int></entry><entry><word>واقعي</word><int><pron>( وا+ق+عي )</pron><gram>[ عف ، تر ، تف ]</gram><poem/><meanings><meaning>په واقع کښې، په رښتيا، په حقيقت کښې</meaning></meanings></int></entry><entry><word>واقعيت</word><int><pron>( وا+ق+عي+ي+ت )</pron><gram>[ ع ، اس ، مذ ]</gram><poem/><meanings><meaning>حقيقت، رښتيا والے، رښتيا</meaning></meanings></int></entry><entry><word>واقف</word><int><pron>( وا + ق + ف )</pron><gram>[ع ، اس ، فا و مذ ، ج ـــ ان / ين ]</gram><poem></poem><meanings><meaning>وقوف لرونکے،اګاه ، خبر، شناسا، پېژندوي،اشنا،بلد ـ</meaning></meanings></int></entry></words>
