<?xml version="1.0" encoding="UTF-8"?>
<words>
  <entry>
    <word>وکر</word>
    <int>
      <pron>( و+ک+ر )</pron>
      <gram>[اس ، مذ ]</gram>
      <poem/>
      <meanings>
        <meaning/>
      </meanings>
    </int>
  </entry>
<entry><word>وکري</word><int><pron>( و+ک+ري )</pron><gram>[ هـ ، اس ،مو ]</gram><poem></poem><meanings><meaning>د دوکان د څيزونو د خرڅېدلو يوميه ګټه د خرڅون امدن</meaning></meanings></int></entry></words>
