<?xml version="1.0" encoding="UTF-8"?>
<words>
  <entry>
    <word>واپس</word>
    <int>
      <pron>( وا + پ + س )</pron>
      <gram>[ف ، اس ، ط ]</gram>
      <poem/>
      <meanings>
        <meaning>بېرته ، پستنه ـ</meaning>
      </meanings>
    </int>
  </entry>
<entry><word>واپسي</word><int><pron>( وا+پ+سي )</pron><gram>[ف تر ، اس ، مو ]</gram><poem></poem><meanings><meaning>بېرته ستنيدنه، بېرته راتلنه</meaning></meanings></int></entry></words>
