<?xml version="1.0" encoding="UTF-8"?>
<words>
  <entry>
    <word>وقار</word>
    <int>
      <pron>( و+قا +ر )</pron>
      <gram>[ع،اس،مذ،ج ـــــــ ونه ]</gram>
      <poem/>
      <meanings>
        <meaning>دروند والے، درنښت سنجيدګي، متانت، قدرمنزلت د نارينه ؤ او د زنانه ؤ په نومونو کښې راځي</meaning>
      </meanings>
    </int>
  </entry>
<entry><word>وقائع</word><int><pron>(و + قا + ئې + ع)</pron><gram>[ع، اس، ج]</gram><poem></poem><meanings><meaning>د ٫٫ وقيعه، ، جمع ده پېښېدونکي واقعات، حالات، د جنګ خبرونه، حادثې، پېښې، وارداتونه</meaning></meanings></int></entry></words>
