<?xml version="1.0" encoding="UTF-8"?>
<words>
  <entry>
    <word>ولي</word>
    <int>
      <pron>( و+لي )</pron>
      <gram>[فعل ]</gram>
      <poem/>
      <meanings>
        <meaning>د ٫٫ ولل، ، مصدر نه د حال فعل (د غائب جمع واحد صيغه)</meaning>
      </meanings>
    </int>
  <int><pron>( و+لي )</pron><gram>[ اس ، مو ، ج ـــ ګانې ]</gram><poem></poem><meanings><meaning>د تار يا د رېښمو غونډارے ګولۍ کوړکه</meaning></meanings></int></entry>
</words>
