<?xml version="1.0" encoding="UTF-8"?>
<words>
  <entry>
    <word>يهود</word>
    <int>
      <pron>( يه+هو+د )</pron>
      <gram>( اسم،جمع، مذکر )</gram>
      <poem/>
      <meanings>
        <meaning>د حضرت موسٰى عليه السلام امتيان</meaning>
      </meanings>
    </int>
  </entry>
<entry><word>يهوديت</word><int><pron>( يه+هو+ديت )</pron><gram>( اسم،واحد،مذکر )</gram><poem></poem><meanings><meaning>د يهوديانو مذهب</meaning></meanings></int></entry></words>
