<?xml version="1.0" encoding="UTF-8"?>
<words>
  <entry>
    <word>يخې اوبۀ پرې اچول</word>
    <int>
      <pron/>
      <gram>(اص)</gram>
      <poem/>
      <meanings>
        <meaning/>
        <meaning>شرمنده کول، شرمول</meaning>
        <meaning>خاموشه ياغلے کول، د چا سړول</meaning>
      </meanings>
    </int>
  </entry>
<entry><word>يخې اوبۀ پرې اړول</word><int><pron></pron><gram>(ګن)</gram><poem></poem><meanings><meaning>(و يخې اوبۀ پرې اچول)</meaning></meanings></int></entry></words>
