<?xml version="1.0" encoding="UTF-8"?>
<words>
  <entry>
    <word>يو اډے</word>
    <int>
      <pron></pron>
      <gram>(اص)</gram>
      <poem></poem>
      <meanings>
        <meaning>هغه ماشوم چې ډېر پهلوان وي د داسې ماشوم د لاس نلۍ يوه وي د زنانؤ عقيده ده چې يو هډے هلک ډېر کم ژوندے پاتې کېږي د کوم ماشوم چې د لاس ليندۍ يوه وي پېدائشي پهلوان ، مادرزاد پهلوان</meaning>
      </meanings>
    </int>
  </entry>
</words>
