<?xml version="1.0" encoding="UTF-8"?>
<words>
  <entry>
    <word>ټکړه اچول</word>
    <int>
      <pron></pron>
      <gram>(اص)</gram>
      <poem></poem>
      <meanings>
        <meaning></meaning>
        <meaning>سپي يا پېشو ته ډوډۍ نوړۍ غورځول ، ګپه غورځول ، اړتاوول يا تريل</meaning>
        <meaning>جامو لتو زړوکي ته د مرمت دپاره يوه ټکړه لګول ، پېوند لګول ، ټاکۍ لګول</meaning>
      </meanings>
    </int>
  </entry>
</words>
