<?xml version="1.0" encoding="UTF-8"?>
<words>
  <entry>
    <word>ټول عمر</word>
    <int>
      <pron>(ټو+لْ+—)</pron>
      <gram/>
      <poem/>
      <meanings>
        <meaning>تمام عمر- تېر شوے يا راتلونكے ټول ژوند. دا د ماضي اومستقبل دواړو دپاره راځي. لكه: درست عمر مې په عبادت كښې تېر شۀ. يا درست عمر بۀ په عبادت كښې تېر كړم.</meaning>
      </meanings>
    </int>
  <int><pron></pron><gram></gram><poem></poem><meanings><meaning>د درست عمر- د ټول عمر دپاره- ټول عمر سره تړون لرونكے.</meaning></meanings></int></entry>
</words>
