<?xml version="1.0" encoding="UTF-8"?>
<words>
  <entry>
    <word>ټيز اچول</word>
    <int>
      <pron></pron>
      <gram></gram>
      <poem></poem>
      <meanings>
        <meaning>لغ : باد پرېښول ، اص : شکست منل ، پړ کېدل ، ماتې منل</meaning>
        <meaning></meaning>
        <meaning>د خبرې يا لوظ نه اوړېدل ، خپله کړې خبره پرېښول</meaning>
        <meaning>خپل ضد پرېښول</meaning>
      </meanings>
    </int>
  </entry>
</words>
