<?xml version="1.0" encoding="UTF-8"?>
<words>
  <entry>
    <word>پنجه اچول</word>
    <int>
      <pron>( پَنْ+جَ+اَچول )</pron>
      <gram>[پ اص ]</gram>
      <poem></poem>
      <meanings>
        <meaning>جوړ تازه کول ، ستړي مشي دپاره لاس ورکول</meaning>
        <meaning>اقرار کول،لوظ کول ، قول کول</meaning>
        <meaning>جنګ کول لاس اچول، نښلېدل ، لاس لګول ، نُوکارې کول خاپړې لګول</meaning>
      </meanings>
    </int>
  </entry>
</words>
