<?xml version="1.0" encoding="UTF-8"?>
<words>
  <entry>
    <word>پښې پرې اړول</word>
    <int>
      <pron></pron>
      <gram>(اص)</gram>
      <poem></poem>
      <meanings>
        <meaning></meaning>
        <meaning>بې عزته کول ، د چا عزت او شرم حيا اخستل</meaning>
        <meaning>راپرزول ، راغورځول ، لکې خانګې راګذارول</meaning>
        <meaning>په دوستۍ کښې ټګي کول ، په اتبار کښې چاته نقصان رسول</meaning>
        <meaning>څوک وژل ، شکست ورکول ، پړ کول</meaning>
        <meaning>جنسي اصطلاح</meaning>
      </meanings>
    </int>
  </entry>
</words>
