<?xml version="1.0" encoding="UTF-8"?>
<words>
  <entry>
    <word>په عتبا كښې راتلل</word>
    <int>
      <pron/>
      <gram/>
      <poem/>
      <meanings>
        <meaning>د چا د قهر لاندې راتلل- د چا د غصې نتيجه يا تاؤ موندل- د چا په عذاب يا تكليف كښې راتلل.</meaning>
      </meanings>
    </int>
  </entry>
<entry><word>په عجز سره</word><int><pron/><gram/><poem/><meanings><meaning>په عاجزۍ سره- په خاكسارۍ سره.</meaning></meanings></int></entry><entry><word>په عجلت سره</word><int><pron>(—+سَ+رَ)</pron><gram/><poem/><meanings><meaning>په تادۍ- په تندۍ- په تلوار.</meaning></meanings></int></entry><entry><word>په عدت كښې كېناستل</word><int><pron/><gram/><poem/><meanings><meaning>د عدت ورځې د شرعې مطابق تېرول.</meaning></meanings></int></entry><entry><word>په عذاب كول</word><int><pron/><gram/><poem/><meanings><meaning>تكليف ور رسول- دُكهـ وررسول- په تكليف كښې اچول.(د استعمال د كثرت له كبله ((يا خرابول)) هم وايي- ځكه چې د ((ع)) اواز په پښتو عموماً سپكوالے يا بېخي غورځولے شي)</meaning></meanings></int></entry><entry><word>په عروج ((بودل))</word><int><pron/><gram/><poem/><meanings><meaning>په اوچتو پايو بودل- په ترقۍ ((بودل)) لوړ مقام ته رسېدل.</meaning></meanings></int></entry><entry><word>په عزت كښې فرق راتلل</word><int><pron/><gram/><poem/><meanings><meaning>په كوم كار يا خبره كښې د چا په عزت كښې كمے راتلل- په شان كښې فرق راتلل.</meaning></meanings></int></entry><entry><word>په عقب كښې</word><int><pron/><gram/><poem/><meanings><meaning>وروستو وروستو- چاپسې (تلل-راتلل).</meaning></meanings></int></entry><entry><word>په عقل بوړ</word><int><pron/><gram/><poem>سړے چې زړو شي ورنځ ته جوړ شي&lt;br/&gt;كه ډېر هوښيار وي په عقل بوړ شي&lt;br/&gt;(خوشحال)</poem><meanings><meaning>بې عقله- وارخطا.</meaning></meanings></int></entry><entry><word>په عقل پړدې پرېوتل</word><int><pron/><gram/><poem/><meanings><meaning>عقل په پړدو كښې نغښتې كېدل- مجازاً عقل نۀ پاتې كېدل- احمق كېدل- د بېوقوفانو په شان كارونه يا خبرې كول.</meaning></meanings></int></entry><entry><word>په عقل پُوره</word><int><pron/><gram/><poem/><meanings><meaning>پوره عقلمند- هوښيار- ښۀ پوهان.</meaning></meanings></int></entry><entry><word>په عقل توره شپه غوړېدل</word><int><pron/><gram/><poem/><meanings><meaning>په عقل پړدې پرېوتل- څه معاملې ته سوچ فكر نۀ رسېدل.</meaning></meanings></int></entry><entry><word>په عقل كښې راتلل</word><int><pron/><gram/><poem/><meanings><meaning>په پوهه كښې راتلل- پوهېدل-</meaning><meaning>داسې كار يا خبره چې د چا عقل يې نۀ مني- د عقل نه بهر خبره يا كار.</meaning></meanings></int></entry><entry><word>په عقل نېمګړڤ</word><int><pron>(—+نې+مْ+ګَ+ړے)</pron><gram/><poem/><meanings><meaning>هغه چې عقل يې پوره نه وي- كم عقل- ناپوهه- بېوقوف.</meaning></meanings></int></entry><entry><word>په عكس د</word><int><pron/><gram/><poem/><meanings><meaning>برخلاف- په ضد- مخالف- برعكس.</meaning></meanings></int></entry><entry><word>په علاقه كښې</word><int><pron/><gram/><poem/><meanings><meaning>په خاص رقبه كښې- په ملك كښې.</meaning></meanings></int></entry><entry><word>په عمل كښې راتلل</word><int><pron/><gram/><poem/><meanings><meaning>يو تجويز- منصوبه يا خيال په عملي ښكل كښ ښكاره كېدل.</meaning></meanings></int></entry><entry><word>په عمل كښې راوستل</word><int><pron/><gram/><poem/><meanings><meaning>استعمالول- كوم تجويز- منصوبه وغېره- په عملي شكل كښې راوستل.</meaning></meanings></int></entry><entry><word>په عملي توګه</word><int><pron/><gram/><poem/><meanings><meaning>د عمل په طور- عملاً- د مشق په طور.</meaning></meanings></int></entry><entry><word>په عوض كښې</word><int><pron>(پَ+—+كې+ښې)</pron><gram/><poem/><meanings><meaning>په بدل كښې- د يو څيز په ځائے بل څيز- د يو كار په ځائے بل كار.</meaning></meanings></int></entry><entry><word>په عوض وركول</word><int><pron/><gram/><poem/><meanings><meaning>په بدل وركول- په بدله كښې وركول- سره بدلول.</meaning></meanings></int></entry><entry><word>په عهد كښې</word><int><pron/><gram/><poem/><meanings><meaning>په زمانه كښې- په وخت كښې د حكومت وغېره په دوران كښې.</meaning></meanings></int></entry><entry><word>په عېن جنګ كښې</word><int><pron/><gram/><poem/><meanings><meaning>بېخي د جنګ په دوران كښې- هغه وخت چې ښۀ تود جنګ روان ؤ.</meaning></meanings></int></entry><entry><word>په عېن ځوانۍ كښې</word><int><pron/><gram/><poem/><meanings><meaning>بېخي د ځوانۍ په وخت كښې- تيك د ځوانۍ په دروان كښې.</meaning></meanings></int></entry><entry><word>په عېن زمان كښې</word><int><pron/><gram/><poem/><meanings><meaning>په ټيك وخت- ان په موقع- په صحيح وخت كښې.</meaning></meanings></int></entry><entry><word>په غاړو غاړو ژړل</word><int><pron/><gram/><poem/><meanings><meaning>په زوره زوره ژړا كول- په چغو ژړل.</meaning></meanings></int></entry><entry><word>په غاړو غرونو ګرزېدل</word><int><pron/><gram/><poem/><meanings><meaning>په غرونو او سېدانونو ګرزېدل- په غرونو او بيديا ګانو ګرزېدل- خوشې ګرزېدل- اواره ګرزېدل.</meaning><meaning>په هر ځائے كښې ګرزېدل.</meaning></meanings></int></entry><entry><word>په غاړه</word><int><pron/><gram/><poem/><meanings><meaning>په ذمه.</meaning><meaning>اغوستے.</meaning><meaning>په څنډه- په كناره.</meaning></meanings></int></entry><entry><word>په لوړه غاړه</word><int><pron>(پَ-لو-لُ+ړَ+—)</pron><gram/><poem/><meanings><meaning>په اوچت آواز- په زوره.</meaning><meaning>و________ هسكه غاړه)</meaning></meanings></int></entry><entry><word>په هسكه غاړه</word><int><pron>(پَ+هـَ+سْ+كَ+—)</pron><gram/><poem/><meanings><meaning>په فخر سره- په غزت ابرو سره- په اوچتو سترګو.</meaning></meanings></int></entry><entry><word>په غاړه اغېستل - په غاړه اخېستل</word><int><pron/><gram/><poem/><meanings><meaning>په ذمه اخېستل- د څۀ كار ذمه داري قبلول- ځان جواب ده كول.</meaning></meanings></int></entry><entry><word>په غاړه اېښل- اېښودل، دچا</word><int><pron/><gram/><poem/><meanings><meaning>په ذمه كول- (څوك د څۀ كار) ذمه دار ګرځول.</meaning></meanings></int></entry><entry><word>په غاړه تلل</word><int><pron/><gram/><poem/><meanings><meaning>په ژئ تلل- په څنډه تلل.</meaning></meanings></int></entry><entry><word>په غاړه كښې ورلوئېدل</word><int><pron/><gram/><poem/><meanings><meaning>تر غاړه وتل.</meaning></meanings></int></entry><entry><word>په غاړه كښې لوئېدل</word><int><pron/><gram/><poem/><meanings><meaning>غاړې سره نښتل- د څۀ كار دپاره مجبورول.</meaning><meaning>پرزول كول- څپړې لګلو- جنګ جګړه كول.</meaning></meanings></int></entry><entry><word>په غاړه كښې پرېوتول- د چا يا چاته</word><int><pron/><gram/><poem/><meanings><meaning>په ذمه كېدل- د چا ذمه داري ګرځېدل.</meaning><meaning>مجبورول.</meaning></meanings></int></entry><entry><word>په غاړه كښې اوبۀ ښكاره كېدل</word><int><pron/><gram/><poem/><meanings><meaning>مرۍ يې دومره ښكلې او شفافه ده، چې اوبۀ څښكي نو هغه د بهر نه ښكاري. د معشوقې د صفت په طور شاعرانه بيان دے.</meaning></meanings></int></entry><entry><word>په غاړه غاړه</word><int><pron>(پَ+—+غا+ړَ)</pron><gram>[پ تر-تصف]</gram><poem/><meanings><meaning>په ژۍ ژۍ- په څنډه څنډه- (د سړك- ولې يا د سيند وغېره).</meaning></meanings></int></entry><entry><word>په غاړه كول</word><int><pron/><gram/><poem/><meanings><meaning>اغوستل- په غاړه كښې اچول.</meaning></meanings></int></entry><entry><word>په غاړه كول، د چا</word><int><pron/><gram/><poem/><meanings><meaning>چاته سپارل- حواله كول- په حواله كول- د چا په ذمه كول.</meaning></meanings></int></entry><entry><word>په غاړه كېدل</word><int><pron/><gram/><poem/><meanings><meaning>په ذمه كېدل.</meaning><meaning>په حواله كېدل- سپارلے كېدل.</meaning><meaning>اغوستلے كېدل.</meaning></meanings></int></entry><entry><word>په لڼد عبارت</word><int><pron/><gram/><poem/><meanings><meaning>په مختصر طور سره- مختصراً.</meaning></meanings></int></entry><entry><word>په لنډ عبارت</word><int><pron/><gram/><poem/><meanings><meaning>په مختصر طور سره- مختصراً.</meaning></meanings></int></entry><entry><word>په عادلانه ډول</word><int><pron/><gram/><poem/><meanings><meaning>په عدل سره- د انصفا په طريقه</meaning></meanings></int></entry><entry><word>په عادي طور</word><int><pron/><gram/><poem/><meanings><meaning>عادةً- عادتاً- دعادت مطابق د خوۍ خصلت مطابق.</meaning></meanings></int></entry><entry><word>په عارضي ډول</word><int><pron/><gram/><poem/><meanings><meaning>د څۀ وخت دپاره- وقتي طور سره. (د مستقل ډول مند دے)</meaning></meanings></int></entry><entry><word>په عاقبت كښې پكارېدل</word><int><pron/><gram/><poem/><meanings><meaning>په آخرت كښې پكارېدل- قه قيامت كښې په كار راتلل.</meaning></meanings></int></entry><entry><word>په عالم كښې</word><int><pron/><gram/><poem/><meanings><meaning>په دنيا كښې، په جهان كښې.</meaning><meaning>په حالت كښې.</meaning></meanings></int></entry><entry><word>په عالم كښې نشر كېدل</word><int><pron/><gram/><poem/><meanings><meaning>په دنيا كښې خورېدل- مشهورېدل- (څۀ خبر وغېره) عامو خلقو ته رسېدل.</meaning></meanings></int></entry><entry><word>په عام ډول سره</word><int><pron/><gram/><poem/><meanings><meaning>عام طور سره- عموماً- عمومي انداز كښې.</meaning></meanings></int></entry><entry><word>په بل عبارت سره</word><int><pron/><gram/><poem/><meanings><meaning>په بل مطلب كښې- په بله طريقه (د بيان سره) په بل انداز.</meaning></meanings></int></entry><entry><word>په ابجدو کښې خبرې کول</word><int><pron/><gram>(اص)</gram><poem/><meanings><meaning>په اشارو کښې غږېدل ، صفا خبرې نۀ کول</meaning></meanings></int></entry><entry><word>په اپ او دوپ برابرول</word><int><pron/><gram>( اص )</gram><poem/><meanings><meaning/><meaning>يو څيز د يو بل طرف نه په کړاؤ برابرول</meaning><meaning>په چل ول يو څيز تر لاسَ کول</meaning></meanings></int></entry><entry><word>په اپه تلل</word><int><pron/><gram>(اص)</gram><poem/><meanings><meaning/><meaning>په تلاش کښې وتلل، د لټون دپاره تلل</meaning><meaning>چغه کول، په غلو پسې په هېړ وتل</meaning></meanings></int></entry><entry><word>په اپيمو را اوړېدل</word><int><pron/><gram>(اص)</gram><poem/><meanings><meaning>په اپيمو عادت کېدل ، د اپيمو عمل کېدل</meaning></meanings></int></entry><entry><word>په پردي  اتڼ کښېوتل</word><int><pron/><gram>(اص)</gram><poem/><meanings><meaning>په پردۍ خبره کښې ځان ورګډول  د چا په خبرو کښې خامخا ځان ورګډول  په پردو معاملو کښې ګوتې و هل</meaning></meanings></int></entry><entry><word>په اتو کول</word><int><pron>(پَ+اتو+کَ+و،ل)</pron><gram>[ پ (سو) اص ]</gram><poem/><meanings><meaning>( و  اته کول )</meaning></meanings></int></entry><entry><word>په اټاله ورکول</word><int><pron/><gram>(اص)</gram><poem/><meanings><meaning>په توک مال ورکول ،په يوځاے مال خرڅول،په سټله مال ورکول</meaning></meanings></int></entry><entry><word>په اجاره خوړل</word><int><pron/><gram>(اص)</gram><poem/><meanings><meaning>څۀ زمکه د اجارې په ډول په قبضه کښې ساتل او د هغې آمدن خوړل</meaning></meanings></int></entry><entry><word>په ډډه  اچول</word><int><pron/><gram>(اص)</gram><poem/><meanings><meaning/><meaning>يو خوا ته کول ، څۀ څيز يو خوا ته کښېښول</meaning><meaning>په يو اړخ کښېښول ، په څنګ کول ، يو طرف ته کول</meaning></meanings></int></entry><entry><word>په سر  اچول</word><int><pron/><gram>(اص)</gram><poem/><meanings><meaning/><meaning>څادر يا پړونے يا لوپټه په سر کول يا د سر دپاسه اچول ،</meaning><meaning>چاته کار سپارل ، څۀ کار د چا په ذمه کول</meaning><meaning>څوک د څۀ خبرې دپاره ذمه وار ګرځول ، په بل باندې غوړه اچول</meaning></meanings></int></entry><entry><word>په سر خاورې اچول</word><int><pron/><gram>(اص)</gram><poem/><meanings><meaning/><meaning>خواري مزدوري کول ، در غريبي کول،</meaning><meaning>د کونډې ښځې دوېم ځل نکاح کول</meaning></meanings></int></entry><entry><word>په لمن کښې اچول</word><int><pron/><gram>(اص)</gram><poem/><meanings><meaning/><meaning>په ځولۍ يا جولۍ کښې ګذارول ،</meaning><meaning>په امان کښې ورکول ، چاته سپارل لکه : ’’ پام کوه ، ګوره ستا په لمن کښې مې اچولے دے خيال ئې ساته ‘‘</meaning></meanings></int></entry><entry><word>په اچه پاتې کېدل</word><int><pron/><gram>(اص)</gram><poem/><meanings><meaning/><meaning>بې برخې پاتې کېدل</meaning><meaning>باران نۀ کېدل سوکړه ، سوکالي</meaning></meanings></int></entry><entry><word>په اچه ډاګه</word><int><pron/><gram/><poem/><meanings><meaning>لُغ: په اُچ مېدان اص : بې اسرې، بې کومکه ، بې مدته</meaning></meanings></int></entry><entry><word>په اچه شرمندګۍ</word><int><pron/><gram>(ص)</gram><poem/><meanings><meaning>ډېر په زور ، بېخي په شرمولو ، لکه :’’ په اُچه شرمندګۍ مې ترې څۀ حصه واخسته ،،</meaning></meanings></int></entry><entry><word>په اړخ اوړېدل</word><int><pron/><gram>(اص)</gram><poem/><meanings><meaning/><meaning>په څنګ اوړېدل ،په څنګ اوښتل ، په انډ اوښتل ، څنګ بدلول ، اړخ بدلول ، ډډه بدلول ، په يو طرف اوړېدل</meaning><meaning>په ډډه څملاستل ، په يو اړخ څملاستل ، په يو خوا څملاستل ، په يو پلؤ څملاستل ، په ترخ څملاستل</meaning></meanings></int></entry><entry><word>په اړخ تلل</word><int><pron/><gram>(اص)</gram><poem/><meanings><meaning/><meaning>په څنګ څنګ تلل ، کوږ کوږ تلل ، په غاړه غاړه تلل ، په څنډه تلل ، په چرمه تلل ، په ترڅ تلل ، بې لارې تلل بچ بچ تلل</meaning><meaning>ګوډ ګوډ تلل ، انګوُش وهل ، بې تولې کېدل ، په الګوډو تلل</meaning></meanings></int></entry><entry><word>په بل مخ  اړول</word><int><pron/><gram>(اص)</gram><poem/><meanings><meaning/><meaning>اُلټا کول ، نسکورول</meaning><meaning>ورانول ، ړنګول راغوزارول</meaning><meaning>زيات تلاش کول ،ډېره غوښته کول</meaning><meaning>په څۀ څيزپسې هله ګُله جوړول، وير ټنډ ورکول</meaning></meanings></int></entry><entry><word>په چا مخ اړول</word><int><pron/><gram>(اص)</gram><poem/><meanings><meaning>په چا احسان کول ، په چا د بل دوستي زبادول په چا ځان درنول ، په چا ښېګړه يا نېکي زبادول</meaning></meanings></int></entry><entry><word>په اړو کښې مالګه</word><int><pron/><gram>(اص)</gram><poem/><meanings><meaning>ډېر کم ، بېخي کم ، معمولي شان ، لږ بېخي لږ ، هيله په شک</meaning></meanings></int></entry><entry><word>په اړخ</word><int><pron/><gram>(اص)</gram><poem/><meanings><meaning>په څنګ څنګ ، په غاړه غاړه ، په غوړه غوړه ، په مورګه مورګه ، په څنډه څنډه ، په پلؤ پلؤ ، په چرمه چرمه ، په خوا خوا ، په ډډه ډډه ، په بريد بريد ، په پُوله پُوله</meaning><meaning>په څنګ ، په ډډه ، يو خوا ته ، يو لور ته ، يو طرف ته ، يوې مخې ته ، يو پلؤ ته ، يوې غاړې ته</meaning></meanings></int></entry><entry><word>په نس کښې اړيکې درلودل</word><int><pron/><gram>(اف، مخ)</gram><poem/><meanings><meaning>په خېټه کښې مرض لرل ، په خېټه کښې اړ لرل ، د خېټې بيماري لري نس خوږے ، د خېټې تاؤ لرل</meaning></meanings></int></entry><entry><word>په ازار او په بازار کېدل</word><int><pron/><gram>(اف، اص)</gram><poem/><meanings><meaning>شرمېدل او د هغې له کبله سخته سزا موندل ، د تکليف رسولو په وجه په ټول عالم کښې شرمېدل ، سپکوے موندل</meaning></meanings></int></entry><entry><word>په ازار آزار</word><int><pron/><gram>(اص)</gram><poem/><meanings><meaning>په تکليف کښې ، په مصيبت کښې نښتے ، په غم دړد کښې</meaning></meanings></int></entry><entry><word>په ازار آزار کول</word><int><pron/><gram>(اص)</gram><poem/><meanings><meaning>په تکليف کښې اچول ، تنګول ، عذابول کړول ، زورول</meaning></meanings></int></entry><entry><word>په حلوا کښې ازغي کېدل</word><int><pron/><gram>(اص)</gram><poem/><meanings><meaning>سخته بدنصيبي راتلل ، خوږو کښې تراخۀ راتلل ، د اوښ په شا د سپي خوړل</meaning></meanings></int></entry><entry><word>په سترګو کښې ازغي غړېدل</word><int><pron/><gram>(اص)</gram><poem/><meanings><meaning>د سترګو لېچن کېدل ، د سترګو زيات خوږېدل</meaning></meanings></int></entry><entry><word>په ازګي وئيل</word><int><pron/><gram>(اف، اص)</gram><poem/><meanings><meaning>آسمان</meaning><meaning>د حرکاتو په تلفظ سره يو لفظ وئيل يو لفظ په تکئى (وز) يا په جوړ (ګن) وئيل په ټکو وئيل په زور ، زېر، پېښ وئيل په پې زې وئيل لکه : الف مد : آ ، سين موقوف :س ، ميم الف : ما، نون موقوف : ن ْ</meaning></meanings></int></entry><entry><word>په ازل</word><int><pron/><gram>(اص)</gram><poem/><meanings><meaning>د ازل په ورځ</meaning></meanings></int></entry><entry><word>په اسره ساتل</word><int><pron/><gram>(اص)</gram><poem/><meanings><meaning>په اُمېد ساتل ، په طمع ساتل ، په هېله ساتل</meaning></meanings></int></entry><entry><word>په اسره کول</word><int><pron/><gram>(اص)</gram><poem/><meanings><meaning>په اُمېد کول ، په طمعه کول ، هيله ورکول</meaning></meanings></int></entry><entry><word>په اسرهت کېدل</word><int><pron/><gram>(اف، اص)</gram><poem/><meanings><meaning>په ارام کېدل ، دمه خوړل ، ويسا کېدل عېش عشرت ته رسېدل ، ښۀ ژوندون موندل</meaning></meanings></int></entry><entry><word>په اشارت</word><int><pron/><gram>(اص)</gram><poem>هغې هم په اشارت اوکړې خبرې&lt;br/&gt;چې په ما باندې بلېږي اور د شرې            (نعمت الله)&lt;br/&gt;په اشارت به دي راغواړم&lt;br/&gt;په زلمو روڼو به دې پړوکي پړوکي کړمه! (ټپه)</poem><meanings><meaning>په بهانې ، په ټګۍ لکه:"د هغۀ په اشارت په ما دعوٰی کوي۔"</meaning><meaning>د اشارې په ذريعه،په معمولي وېنا، په نار</meaning><meaning>د چا په وېنا ، د چا په لمسه ، لکه : ’’ د هغۀ په اشارت په ما دعوٰى کوي ‘‘</meaning><meaning/></meanings></int></entry><entry><word>په اصل</word><int><pron/><gram>(اص)</gram><poem/><meanings><meaning>په اصل کښې د اصل نه  د ذات نه ،د حسب نسب په لحاظ</meaning></meanings></int></entry><entry><word>په سترګو کښې اغزے کېدل</word><int><pron/><gram>(اص)</gram><poem>تر هغه حده په هورت بد سړے يم&lt;br/&gt;چې د درست جهان په سترګو کښې اغزے يم      (رحمٰن بابا)</poem><meanings><meaning>(و اغزے کېدل)</meaning></meanings></int></entry><entry><word>په زړۀ افګار</word><int><pron/><gram>(اص)</gram><poem>اورنګ زېب راته يو کال اوشو چې پروت دے&lt;br/&gt;په صورت حېران پرېشان په زړۀ افګار     (خوشحال)</poem><meanings><meaning>په زړۀ زخمي غمجن ، غم زپلے ،فکرمن،بريان ، سوے لوغړن ، ژوبل ، مايوس ، خفه ، بريده ، په زړۀ غوڅ غوڅ ۔</meaning></meanings></int></entry><entry><word>په اګۍ کښې چوڼېدل</word><int><pron/><gram>(اف مخ)</gram><poem/><meanings><meaning>لُغ : اګۍ کښې دننه خبرې کول اص : ډېر اوښيارتوب ، ډېره دانائي په کم عمر کښې ډېره پوهه ښکاره کول ډېر چالاک ، د غاښونو سره پېدا کېدل ، په منډه پېدا کېدل</meaning></meanings></int></entry><entry><word>په الا الا ګرځېدل</word><int><pron/><gram>(خل اص)</gram><poem/><meanings><meaning>تېز تېز ګرځېدل ، ګړندے او چاخ چاخ تلل ، په ټوپونو ټوپونو تلل ، په يو پښه ګرځېدل</meaning></meanings></int></entry><entry><word>په الاجو الاجي کېدل</word><int><pron/><gram>(اص)</gram><poem/><meanings><meaning>ډېر زيات وجود خوږېدل ، د تکليف او دړد د کبله اډوکي ماتېدل ، د درد نه اډوکي مات ګوډ کېدل ، دل کېدل ، دل دُول کېدل الاجي کېدل</meaning></meanings></int></entry><entry><word>په امان کول</word><int><pron/><gram>(اص)</gram><poem/><meanings><meaning>پناه ورکول ، په حفاظت کښې راوستل ، د جنګ جګړې نه خلاصول</meaning></meanings></int></entry><entry><word>په امان کېدل</word><int><pron/><gram>(اص)</gram><poem/><meanings><meaning>پناه کښې راتلل ، په حفاظت کېدل ، جنګ جګړې نه خلاصے بيا موندل</meaning></meanings></int></entry><entry><word>په الجه کښې</word><int><pron/><gram>(اص)</gram><poem/><meanings><meaning/><meaning>په شوک کښې په لوټ کښې ، په چور کښې</meaning><meaning>څۀ خبره په تنازعه کښې ، داسې خبره چې فېصله ئې نۀ وي شوې قضيه يا کشاله کښې ، په جګړه کښې ، په جد کښې ، په دوميرۍ کښې ، په مُربڼه کښې (سو)</meaning></meanings></int></entry><entry><word>په الف بې نۀ پوهېدل</word><int><pron/><gram>(اص)</gram><poem/><meanings><meaning>په هېڅ نۀ پوهېدل ، بېخي جهالت ، سکوټه کم عقلتيا ، په هېڅ شک رک نۀ کېدل</meaning></meanings></int></entry><entry><word>په الګوډے تلل</word><int><pron/><gram>(اص)</gram><poem/><meanings><meaning>په يوه پښه ټوپونه وهل،په ارګوډي تلل،اډے ګوډے</meaning></meanings></int></entry><entry><word>په نشه کښې الوتل</word><int><pron/><gram>(اص)</gram><poem/><meanings><meaning>لُغ : د زياتې نشې په وجه په خيال کښې په اسمان کښې ګرځېدل ، اص : زيات مغروره کېدل ، کبر کول ، دولت يا طاقت باندې غاوره کېدل</meaning></meanings></int></entry><entry><word>په اله اسانه</word><int><pron/><gram>(اص)</gram><poem/><meanings><meaning/><meaning>په اسانه ،په اساني،سوکه،</meaning><meaning>اص ، عموماً د څۀ کار کولو يا نۀ کولو په وخت وائي چې زۀ به ئې داسې په اله اسانه پرې ږدم</meaning></meanings></int></entry><entry><word>په امن کول</word><int><pron/><gram>(اص)</gram><poem/><meanings><meaning>په حفاظت کول ، په پناه کښې راوستل</meaning></meanings></int></entry><entry><word>په امن کېدل</word><int><pron/><gram>(اص)</gram><poem/><meanings><meaning/><meaning>پناه موندل ، په حفاظت کښې راتلل ، د جنګ جکړې نه خلاصے بيا موندل ، د شر فساد نه خلاصے موندل</meaning><meaning>د باد باران نه پناه موندل</meaning></meanings></int></entry><entry><word>په انبارو</word><int><pron/><gram/><poem/><meanings><meaning>(اص) په انبارونه ، ډېر زيات ، په دلو دلو ، کافي ، په ټوپونو ټوپونو، په بارونو ، په ټوپکو ټوپکو ، په رشو</meaning></meanings></int></entry><entry><word>په انچو پېمانو کار کول</word><int><pron/><gram/><poem/><meanings><meaning>(اص) په ناز نخرو کار کول ، په مکېز کار کول</meaning><meaning/><meaning>په يو کار کولو کښې د ډېر تحقيق نه کار اخستل</meaning></meanings></int></entry><entry><word>په انده رضا کار کول</word><int><pron/><gram>(اف)</gram><poem/><meanings><meaning>اص : په خپله خوښه کار کول ، بېخي په خپلې خوښې کار کول ، د خپل فکر په سمون يو کار کول ، دې ته د خپلې اندې کار کول هم وائي</meaning></meanings></int></entry><entry><word>په انډک کښېناستل</word><int><pron/><gram/><poem/><meanings><meaning>(اص) په کوناټي کښېناستل ، په داسې انداز کښېناستل چې د فخر او کبر پته ترې لګي ، کوږ يا په ترڅ کښېناستل</meaning></meanings></int></entry><entry><word>په يوۀ انډي کښېناستل</word><int><pron/><gram>(اف، اص)</gram><poem/><meanings><meaning>(و انډي لګول)</meaning></meanings></int></entry><entry><word>په انګل اخته کول</word><int><pron/><gram>(اف، اص)</gram><poem/><meanings><meaning>څوک په څۀ کشاله اخته کول ، په څۀ غم اخته کول</meaning></meanings></int></entry><entry><word>په انګولا کېدل</word><int><pron/><gram>(اف، اص)</gram><poem/><meanings><meaning/><meaning>فرياد کول ، ژړا انګولا کول ، وير کول</meaning><meaning>د سپي اونګا کول</meaning></meanings></int></entry><entry><word>په ژړا انګولا کښېوتل</word><int><pron/><gram>(اف، اص)</gram><poem/><meanings><meaning/><meaning>ژړا فرياد کول ، وير جوړول ، وير ټنډور جوړول ،</meaning><meaning>د سپي په خاص ډول غاپل</meaning></meanings></int></entry><entry><word>په او اوا کښې</word><int><pron/><gram/><poem/><meanings><meaning>(اص) په مزوکښې،په عېش عشرت کښې ، په چورُوت کښې ، په هُو هو کښې ، په ښۀ ورځ کښې</meaning></meanings></int></entry><entry><word>په اوبال کښې ورسره لوېدل</word><int><pron/><gram>(اف، اص)</gram><poem/><meanings><meaning>د چا سره په ګناه ازار يا بدکار کښې حصه اخستل ، په آزارۍ کار کښې شريکېدل ، يا اشرګندے جوړېدل</meaning></meanings></int></entry><entry><word>په بوسو کښې اوبۀ بوتلل يا بوول</word><int><pron/><gram>(اص)</gram><poem/><meanings><meaning/><meaning>څۀ کار په پټه کول ، د زړۀ خبره پټه ساتل</meaning><meaning>ټګي کول ، چاته کنده کنستل ، درغلي کول ، چل ول کول</meaning></meanings></int></entry><entry><word>په کمزوري ځاے اوبۀ اوړېدل</word><int><pron/><gram>(اص)</gram><poem/><meanings><meaning>بې وسه او کمزورے کس ګناهګارثابتول په کمزوري کس تور تړل يا پورې کول</meaning></meanings></int></entry><entry><word>په اوبو کرښې کښل</word><int><pron/><gram>(اف)</gram><poem/><meanings><meaning>لُغ : په اوبو باندې ليکې يا کرښې جوړول اص : بې هوده او فضول کار کول داسې کار کول چې بُود ئې نۀ وي لا حاصله کار کول</meaning></meanings></int></entry><entry><word>په اوبو تازه کېدل</word><int><pron/><gram/><poem/><meanings><meaning>(اص) د اوبو په وجه د څۀ ګل يا بوټي وده کېدل په اوبو ښېرازه کېدل</meaning></meanings></int></entry><entry><word>په اوبو نم کېدل</word><int><pron/><gram/><poem/><meanings><meaning>(اص) په اوبو وتره کېدل،په اوبو نوجن کېدل ، نمل</meaning></meanings></int></entry><entry><word>په اوده کول</word><int><pron/><gram>(اف، اص)</gram><poem/><meanings><meaning>د دم د لاندې راوستل</meaning></meanings></int></entry><entry><word>په اور</word><int><pron/><gram>(اص)</gram><poem/><meanings><meaning>د اور په ذريعه ، د اور په مدد ، په اور باندې</meaning></meanings></int></entry><entry><word>په اور اوبۀ اچول</word><int><pron/><gram/><poem/><meanings><meaning>لُغ په اور اوبۀ تلول ، اور مړ کول يا مړول</meaning><meaning>اص: غصه سړول</meaning><meaning>لانجه ، شر يا فساد ختمول</meaning></meanings></int></entry><entry><word>په اور بار کول</word><int><pron/><gram/><poem/><meanings><meaning>(اص) په اور انبارول ، په اور د لرګو ډېرے جوړول په اور لرګي کوټه کول</meaning></meanings></int></entry><entry><word>په اور بار کېدل</word><int><pron/><gram/><poem/><meanings><meaning>اص : په اور پخېدل ، د پخېدلو دپاره په اور کښې کښېښودل کېدل</meaning><meaning>لُغ په اور سوځېدل</meaning></meanings></int></entry><entry><word>په اور اور جوشول</word><int><pron/><gram>(اص)</gram><poem/><meanings><meaning>په اورباندې جوش ورکول ، په اور خوټکول</meaning></meanings></int></entry><entry><word>په اور ستي کول</word><int><pron/><gram>(اص)</gram><poem/><meanings><meaning>په اور سوځول،په اورسول،په اورلوخه پټه کول</meaning></meanings></int></entry><entry><word>په اور ستي کېدل</word><int><pron/><gram>(اص)</gram><poem/><meanings><meaning>په اور سوځېدل ، په اور لوخه پټه کېدل</meaning></meanings></int></entry><entry><word>په اور سول</word><int><pron/><gram/><poem/><meanings><meaning>لُغ په اور سوځول اص</meaning><meaning>زيات تنګول ، ډېر زورول، بې کچه کړول</meaning><meaning>د معشوقې په هجر کړول</meaning></meanings></int></entry><entry><word>په اور کباب کول</word><int><pron/><gram/><poem/><meanings><meaning>(و په اور ستي کول)</meaning></meanings></int></entry><entry><word>په اور کباب کېدل</word><int><pron/><gram/><poem/><meanings><meaning>(و اور ستي کېدل)</meaning></meanings></int></entry><entry><word>په اور کښې اوردول</word><int><pron/><gram>(اص)</gram><poem/><meanings><meaning/><meaning>په کړاؤ کښې اچول ، په تکليف کښې ګېرول</meaning><meaning>سخت انتظار کښې ساتل</meaning></meanings></int></entry><entry><word>په اور کښې اودرېدل</word><int><pron/><gram>(اص)</gram><poem/><meanings><meaning/><meaning>په کړاؤ يا تکليف کښې ګېرېدل</meaning><meaning>سخت انتظار کښې اوسېدل</meaning></meanings></int></entry><entry><word>په اور کښې پروت</word><int><pron/><gram>(اص)</gram><poem/><meanings><meaning/><meaning>په سخت کړون کښې ګېر شوے ، په زيات  تکليف کښې</meaning><meaning>په سخت انتظار کښې وخت تېروُونکے</meaning><meaning>په زياته ګرمۍ کښې ګېر</meaning></meanings></int></entry><entry><word>په اور کښې کښېنول</word><int><pron/><gram>(اص)</gram><poem/><meanings><meaning/><meaning>په اور کښې سوځل ، سول</meaning><meaning>په اور ايښل ، ګرمول ، پخول</meaning></meanings></int><int><pron/><gram>(اص)</gram><poem/><meanings><meaning/><meaning>اور ته اچول يا غورځول ، سوځول ، سول</meaning><meaning>کړاؤ کښې غورځول ، مصيبت کښې ګېرول</meaning></meanings></int></entry><entry><word>په اور کښې سوځول</word><int><pron/><gram/><poem/><meanings><meaning>لُغ : په اور کښې سوځول يا سول اص</meaning><meaning>ډېر زيات تکليف ورکول</meaning><meaning>په مينه کښې کړول يا ربړول</meaning><meaning>په سخت تاؤ يا ګرمۍ سوځول</meaning></meanings></int></entry><entry><word>په اور کښې سوځېدل</word><int><pron/><gram/><poem/><meanings><meaning>لُغ : په اور کښې سوځېدل يا سول</meaning><meaning>اص : په ډېر غم کښې خفه يا بې ارامه کېدل، په مينه کښې لوخړه کېدل</meaning><meaning>په سخت تاؤ يا ګرمۍ کښې سوځېدل</meaning></meanings></int></entry><entry><word>په اور کښې کښېناستل</word><int><pron/><gram>(اص)</gram><poem/><meanings><meaning/><meaning>سول کېدل ، بې قراره کېدل ، تړپېدل</meaning><meaning>په ګرم ځاے کښې کښېناستل</meaning></meanings></int></entry><entry><word>په اور کښې لو لپه کېدل</word><int><pron/><gram>(اص)</gram><poem/><meanings><meaning/><meaning>په اور کښې سوځېدل ، په اور کښې خمسوزه کېدل</meaning><meaning>په ګرمۍ کښې سوځېدل</meaning></meanings></int></entry><entry><word>په اور کښې وريتول</word><int><pron/><gram>(اص)</gram><poem/><meanings><meaning>(و په اور کښې سوځول)</meaning></meanings></int></entry><entry><word>په اور کښې وريتېدل</word><int><pron/><gram>(اص)</gram><poem/><meanings><meaning>(و  په اور کښې سوځېدل)</meaning></meanings></int></entry><entry><word>په اور نيول</word><int><pron/><gram>(اص)</gram><poem/><meanings><meaning>(و په اور کښې سوځول)</meaning></meanings></int></entry><entry><word>په اور ورګډول</word><int><pron/><gram/><poem/><meanings><meaning>اص : په غم اخته کول په کړاؤ کښې ګېرول</meaning><meaning>لُغ په اور ورننه ايستل</meaning></meanings></int></entry><entry><word>په اور يشول</word><int><pron/><gram/><poem/><meanings><meaning>لُغ : په اور جوش ورکول ، په اور خوټول ، په اور خُټکول</meaning><meaning>اص: ډېر په تکليف کښې ګېرول</meaning><meaning>په سخته ګرمۍ کښې په چا انتظار کول</meaning></meanings></int></entry><entry><word>په اور يشېدل</word><int><pron/><gram/><poem/><meanings><meaning>لُغ په اور خوټېدل يا خټکېدل ، په اور جوشېدل</meaning><meaning>اص: ډېر په تکليف کښې ګېرېدل</meaning><meaning>په ګرمۍ سوځېدل</meaning></meanings></int></entry><entry><word>په څۀ څيز يا په چا اور پورې کول</word><int><pron/><gram/><poem/><meanings><meaning>(اص) د څۀ څيز يا د چا نه وېزارېدل ، کرکه پېدا کېدل</meaning></meanings></int></entry><entry><word>په زړۀ اور بلول</word><int><pron/><gram/><poem/><meanings><meaning>لُغ زړۀ سوځول</meaning><meaning>اص: څۀ څيز ته ډېر زړۀ کېدل د خواهش او جذبې پېدا کول ، څۀ ته نوليدل يا پسخېدل</meaning><meaning>ډېر غمجنول ، زيات خفه کول</meaning></meanings></int></entry><entry><word>په زړۀ اور بلېدل</word><int><pron/><gram>(اص)</gram><poem/><meanings><meaning/><meaning>په مينه کښې زړۀ سول ، د اشنا په فراق کښې کړېدل</meaning><meaning>زيات غصه کېدل ، په يوه خبره ډېر قهرېدل</meaning><meaning>زيات تږے کېدل</meaning></meanings></int></entry><entry><word>په زړۀ اور لګېدل</word><int><pron/><gram>(اص)</gram><poem/><meanings><meaning>(و  په زړۀ اور بلېدل)</meaning></meanings></int></entry><entry><word>په سور اور ورګډېدل</word><int><pron/><gram/><poem/><meanings><meaning>اص : ډېر بې تابه کېدل ، په څۀ جګړه يا لانجه کښې شاملېدل</meaning><meaning>لُغ په سُور انګار ورننه وتل</meaning></meanings></int></entry><entry><word>په غر اور بلول</word><int><pron/><gram/><poem/><meanings><meaning>(اص) يو دستور دے چې خلق د غرونو په څوکو اور بل کړي او دغه شان د اختر د مياشتې د ليدو خبر لرې لرې رسوي</meaning></meanings></int></entry><entry><word>په هر څۀ اور لګول</word><int><pron/><gram>(اص)</gram><poem/><meanings><meaning/><meaning>هر څۀ تباه کول</meaning><meaning>د هر څۀ نه زړۀ اوچتول د هر څۀ نه دانګل</meaning><meaning>خپل پردي پرېښول ، د ننګ ناموس فکر نۀ کول</meaning></meanings></int></entry><entry><word>په اوربوز ګرځېدل</word><int><pron/><gram>(اف، اص)</gram><poem/><meanings><meaning>ډډه کول ، خفه کېدل</meaning></meanings></int></entry><entry><word>په سترګو اوره پرېوتل</word><int><pron/><gram>(اف)</gram><poem/><meanings><meaning>لُغ : په سترګو کښې ګل پېدا کېدل، په سترګو خړه پړده راتلل اص : ړندېدل، څۀ په نظر نۀ راتلل</meaning></meanings></int></entry><entry><word>په سترګو اوره راتلل</word><int><pron/><gram>(اف، اص)</gram><poem/><meanings><meaning>و په سترګو اوره پرېوتل</meaning></meanings></int></entry><entry><word>په اوړني کښې ويرول</word><int><pron/><gram/><poem/><meanings><meaning>(اص) څوک د وخته ويرولو، د چا په زړۀ کښې د ورکوټوالي نه ويره کښېنول</meaning></meanings></int></entry><entry><word>په اوړو کښې شګه درلودل</word><int><pron/><gram>(اف)</gram><poem/><meanings><meaning>لُغ : په اُوړو کښې د شګې موجودګي</meaning><meaning>اص : په څۀ څيز کښې شک لرل</meaning><meaning>څۀ مطلبي څيز په زړۀ کښې ياد ساتل</meaning></meanings></int></entry><entry><word>په اوړو کښې شګه لوېدل</word><int><pron/><gram>(اف)</gram><poem/><meanings><meaning>لُغ : په اُوړو کښې شګه پرېوتل اص : شک من کېدل</meaning></meanings></int></entry><entry><word>په بلا اوړېدل</word><int><pron/><gram/><poem/><meanings><meaning>لُغ : د بلا يا بؤ سره مخامخ کېدل</meaning><meaning>اص : په څۀ مصيبت اخته کېدل، په څۀ کشاله پېښېدل، د چا سره دښمنې پېدا کېدل</meaning><meaning>په ناکاره ښځه اوښتل</meaning></meanings></int></entry><entry><word>په چا اوړېدل</word><int><pron/><gram/><poem/><meanings><meaning>لغ : د چا د سر دپاسه ټوپ وهل</meaning><meaning>اص : په چا ناکاره کس اوښتل</meaning><meaning>ناڅاپي د چا سره مخامخ کېدل</meaning></meanings></int></entry><entry><word>په دېوال اوړېدل</word><int><pron/><gram/><poem/><meanings><meaning>(اص) د دېوال نه بل طرف ته ټوپ وهل، او کوزېدل، د څۀ څيز په بهېدو بهېدو په دېوال بل مخ ته تلل</meaning></meanings></int></entry><entry><word>په اوږه بار کېدل</word><int><pron/><gram/><poem/><meanings><meaning>لُغ : په اوږه پېټے کېدل</meaning><meaning>د بل په اسره  ژوندون تېرول، بې کاره کښېناستل او بل ته مصيبت جوړېدل، د خپلې ګټې وټې قابليت نۀ لرل</meaning><meaning>خپل کار په بل اچول</meaning></meanings></int></entry><entry><word>په اوږه ګرځول</word><int><pron/><gram/><poem/><meanings><meaning>اص : د چا ډېر زيات خدمت کول زيات اخلاص او مينه ښکاره کول د زوے په شان په ناز شورول</meaning><meaning>لُغ : په اوږه وړل</meaning></meanings></int></entry><entry><word>په اوږه وراچول</word><int><pron/><gram/><poem/><meanings><meaning>لُغ : په اوږه ورته کښېنول</meaning><meaning>چا ته کار سپارل، د کار ذمه داري په بل غورځول</meaning><meaning>په بل ورتپل</meaning></meanings></int></entry><entry><word>په اوږو اچول</word><int><pron/><gram/><poem/><meanings><meaning>اص : څادر، پټو يا کمبل په اوږو کښېنول</meaning><meaning>لُغ : په اوږو کښېنول</meaning></meanings></int></entry><entry><word>په خود</word><int><pron/><gram/><poem/><meanings><meaning>اِص، خپل په خپله</meaning></meanings></int></entry><entry><word>په قديمي ډول</word><int><pron>(— ډَو+ل)</pron><gram>[عپ تر]</gram><poem/><meanings><meaning>-د پخوا په شان-د پخواني وختونو په شان.</meaning></meanings></int></entry><entry><word>په  سره</word><int><pron>( پ ـــــــــ س+ر )</pron><gram>[ عپ ، تر ، تف ]</gram><poem/><meanings><meaning>په دروندوالي سره، په درنښت سره په سنجيدګۍ سره، په متانت سره</meaning></meanings></int></entry><entry><word>په اوغم کېدل</word><int><pron/><gram>(اف، اص)</gram><poem/><meanings><meaning>کبر کول، لوئي کول، بډائي کول، فخر کول، وياړ کول</meaning></meanings></int></entry><entry><word>په ځان پورې اوګارول</word><int><pron/><gram>(اف، اص)</gram><poem/><meanings><meaning>څوک په ځان کول، پرېشانول، څوک په خپل غم اخته کول</meaning></meanings></int></entry><entry><word>په اومۀ تار تړل</word><int><pron/><gram>(اف، اص)</gram><poem/><meanings><meaning/><meaning>په کچه تار تړ ل</meaning><meaning>څوک په طمعه او امېد کول</meaning></meanings></int></entry><entry><word>په اومړي سپڼسي تړل</word><int><pron/><gram>(اص)</gram><poem/><meanings><meaning/><meaning>په کچه يوستوي يا يستوي تار تړل</meaning><meaning>په اُميد کول، چاته طمع ورکول</meaning></meanings></int></entry><entry><word>په اوو کښې کېدل</word><int><pron/><gram>(وز مح)</gram><poem/><meanings><meaning>په اوا کښې کېدل، مغرورېدل، په غرور کښې کېدل</meaning></meanings></int></entry><entry><word>په اوو کښې ګرځېدل [ګرځېدل]</word><int><pron/><gram>(وز مح)</gram><poem/><meanings><meaning>په اوا کښې ګرځېدل، مغروره کېدل، مغرورېدل، مغروره ګرځېدل سر هوا کېدل</meaning></meanings></int></entry><entry><word>په اېبې شې سېيه کول</word><int><pron/><gram>(بنو اص)</gram><poem/><meanings><meaning>په اوبو کښې ساه کول، په اوبو کښې غوپه وهل په اوبو کښې ساه بندي</meaning><meaning>د هلکانو يوه لوبه</meaning><meaning/></meanings></int></entry><entry><word>په اېبې ګډول</word><int><pron/><gram>(مذ)</gram><poem/><meanings><meaning>اص : خطا کول، دوکه کول، غولول</meaning><meaning>لُغ : په اوبو ورګډول</meaning></meanings></int></entry><entry><word>په اېبې لمبول</word><int><pron/><gram>(وز)</gram><poem/><meanings><meaning>اص : ډېر زيات بې عزته کول</meaning><meaning>لُغ : په اوبو غسل ورکول يا لمبول</meaning></meanings></int></entry><entry><word>په اير اخته کېدل</word><int><pron></pron><gram>(اص)</gram><poem></poem><meanings><meaning></meaning><meaning>په ژړا انګولا سرکېدل</meaning><meaning>په څۀ لانجه يا معامله کښې ګېرېدل، په څۀ تکليف کښې کښېوتل، په غم اوړېدل، په بلا اخته کېدل</meaning></meanings></int></entry></words>
