<?xml version="1.0" encoding="UTF-8"?>
<words>
  <entry>
    <word>پر سرۀ انګار کړېدل</word>
    <int>
      <pron/>
      <gram>(اف، اص)</gram>
      <poem/>
      <meanings>
        <meaning>ډېر زيات کړېدل ، بې کچه تکليف او کړاؤ رسېدل</meaning>
      </meanings>
    </int>
  </entry>
<entry><word>پر خوا اوارېدل</word><int><pron/><gram>(اف، اص)</gram><poem/><meanings><meaning>څۀ خبره په طبيعت سمه راتلل ، داسې خبرې اورېدل چې زړۀ ئې واخلي ـ څۀ خبره اړخ ته پرېوتل ـ</meaning></meanings></int></entry><entry><word>پر اور اوبۀ اچول</word><int><pron/><gram>(اف، اص)</gram><poem/><meanings><meaning>لُغ : اور باندې اوبۀ تويول ، اور مړول  اص : شر او فساد لرې کول ، جوړه راوستل ، شرفساد رفع کول جنګ سړول</meaning></meanings></int></entry><entry><word>پر اور کړول</word><int><pron/><gram>(اف، اص)</gram><poem/><meanings><meaning/><meaning>اور ته په يو بل مخ اړول را اړول</meaning><meaning>ډېر عذابول ، زيات کړول ، .زيات تکليف ورکول</meaning></meanings></int></entry><entry><word>پر اور کړېدل</word><int><pron/><gram>(اف، اص)</gram><poem/><meanings><meaning>ډېر عذابېدل، زيات کړېدل ، زيات تکليف رسېدل</meaning></meanings></int></entry><entry><word>پر اوسېدل</word><int><pron></pron><gram>(اف، اص)</gram><poem></poem><meanings><meaning>د چا په کور دېره کېدل يا پنډېدل</meaning></meanings></int></entry></words>
