<?xml version="1.0" encoding="UTF-8"?>
<words>
  <entry>
    <word>پورې غاړه</word>
    <int>
      <pron>(پو+رې+—)</pron>
      <gram>[پ تر-اس-مؤ: ج:ړے]</gram>
      <poem/>
      <meanings>
        <meaning>د سيند- سړك وغېره نه په بل طرف.</meaning>
      </meanings>
    </int>
  </entry>
<entry><word>پور اړول</word><int><pron/><gram>(اص)</gram><poem/><meanings><meaning>قرض اړول چاته قرض ورکول</meaning><meaning>په چا د څۀ زياتي يا ظلم کولو خبره کول ، د چا د اړماتي ذمه وار کېدل ، چاته بدل اړول</meaning></meanings></int></entry><entry><word>پور اړېدل</word><int><pron></pron><gram>(اص)</gram><poem></poem><meanings><meaning></meaning><meaning>قرض اوښتل ، د چا مقروض کېدل</meaning><meaning>په چا د بل چا د وهلو ټکولو ، مرګ ژوبلې پور اوښتل ، د چا د اډ ماتي ذمه وار کېدل</meaning></meanings></int></entry></words>
