<?xml version="1.0" encoding="UTF-8"?>
<words>
  <entry>
    <word>پښه په پښه اچول</word>
    <int>
      <pron/>
      <gram>(اص)</gram>
      <poem/>
      <meanings>
        <meaning/>
        <meaning>يوه پښه په بلې اړول</meaning>
        <meaning>بې کاره کښېناستل ، بې غمه وخت تېرول ، کار نۀ کول</meaning>
      </meanings>
    </int>
  </entry>
<entry><word>پښه اړول</word><int><pron/><gram>(اص)</gram><poem/><meanings><meaning/><meaning>سورېدل ، په څيز پاس کښېناستل ، لکه:’’په اس پښه اړول ‘‘</meaning><meaning>په چا زور ورکېدل ، په چا برے موندل ، په چا بر کېدل</meaning><meaning>د ښېرو زيړو په معنې کښې استعمالېږي</meaning><meaning>د سپي بالغ کېدل ، سپے چې بلوغت ته ورسي نو بيا په اوچته پښه متيازې کوي</meaning></meanings></int></entry><entry><word>پښه په پښه اړول</word><int><pron></pron><gram>(اص)</gram><poem></poem><meanings><meaning>بې غمه کښېناستل ، بې فکره کښېناستل ، غم غچ نۀ لرم ، بې کاره کېدل ، لټ کېدل ، اوزګار کښېناستل کار نۀ کول ، تياره بغرۍ کښېناستل</meaning></meanings></int></entry></words>
