<?xml version="1.0" encoding="UTF-8"?>
<words>
  <entry>
    <word>ځلكول</word>
    <int>
      <pron>(د+ز+لْ+ك+و+ل)</pron>
      <gram>[پ-مص-مت]</gram>
      <poem/>
      <meanings>
        <meaning>-زلقول-برېښول-چڼكول-پړقول-ځلول-پڼكول.</meaning>
      </meanings>
    </int>
  </entry>
<entry><word>ځلكېدل</word><int><pron>(د+ز+لْ+كې+د+ل)</pron><gram>[پ-مص لا]</gram><poem></poem><meanings><meaning>-زلقېدل-پړق كول-چڼكېدل-برېښېدل-ځلېدل- پڼكېدل.</meaning></meanings></int></entry></words>
