<?xml version="1.0" encoding="UTF-8"?>
<words>
  <entry>
    <word>ځلبلاندول</word>
    <int>
      <pron>(دْ+زَ+لْ+ب+لا+نْ+د+و+لْ)</pron>
      <gram>[پ-مص مت]</gram>
      <poem/>
      <meanings>
        <meaning>-پرېشانه كول-بې ارامه كول-ناقلاره كول-غمجنول-ځلبلانول.</meaning>
      </meanings>
    </int>
  </entry>
<entry><word>ځلبلاندونه</word><int><pron>(دْ+زَ+ل+ب+لا+نْ+د+و+نه)</pron><gram>[پ-حمص]</gram><poem/><meanings><meaning>-پرېشان كونه-بې ارامه كونه-نا قلاره كونه- غمجنونه.
ځلونه</meaning></meanings></int></entry><entry><word>ځلبلاندوونكے</word><int><pron>(دْ+زَ+لْ+ب+لا+نْ+د+وُوْ+نْ+كے)</pron><gram>[پ-اِس-فاع-مذ-وا-ج: ځلبلاندوُونكي (مؤ: ځلبلاندووُنكې)]</gram><poem/><meanings><meaning>-پرېشانه كوونكے-غمجنوونكے.</meaning></meanings></int></entry><entry><word>ځلبلاندېدل</word><int><pron>(دْ+زَ+لْ+ب+لا+نْ+دې+د+لْ)</pron><gram>[پ-مص لا]</gram><poem/><meanings><meaning>-پرېشانه كېدل-غمجن كېدل-ځلبلازېدل.</meaning></meanings></int></entry><entry><word>ځلبلاندېدنه</word><int><pron>(دْ+زَ+لْ+ب+لا+نْ+دې+د+نه)</pron><gram>[پ-حمص]</gram><poem/><meanings><meaning>-پرېشانه كېدنه- ناقلاره كېدنه-بې ارامه كېدنه-غمجن كېدنه.</meaning></meanings></int></entry><entry><word>ځلبلاندېدونكے</word><int><pron>(دْ+ز+لْ+ب+لا+نْ+دې+دُوْ+نْ+كے)</pron><gram>[پ-مف-مذ-وا-ج: ځلبلاندېدُونكي-(مؤ: ځلبلاندېدُونكې)]</gram><poem/><meanings><meaning>-پرېشانه كېدُونكے-بې ارامه كېدُونكے-ناقلاره كېدُونكے-غمجن كېدُونكے.</meaning></meanings></int></entry><entry><word>ځلبلانول</word><int><pron>(دْ+ز+لْ+ب+لا+ن+و+لْ)[اَف:پ (قاموس)</pron><gram>[اَف:پ (قاموس)-مص مت]</gram><poem/><meanings><meaning>مص مت]و__ ځلبلاندول.</meaning></meanings></int></entry><entry><word>ځلبلانېدل</word><int><pron>(ر+ز+ل+ب+لا+نې+د+ل)</pron><gram>[اَف:پ (قاموس) مص لا]</gram><poem/><meanings><meaning>مص لا]و_ ځلبلاندېدل.</meaning></meanings></int></entry><entry><word>ځلبلے</word><int><pron>(د+ز+ل+ب+لے)</pron><gram>[اَف:پ (قاموس) اس ص-مذ-وا+ج: ځلبلي (مؤ: ځلبلۍ)]</gram><poem></poem><meanings><meaning>اس ص-مذ-وا+ج: ځلبلي (مؤ: ځلبلۍ)]-روښانه-پړقېدُونكے-چڼكېدُونكے-پڼكېدُونكے.</meaning></meanings></int></entry></words>
