<?xml version="1.0" encoding="UTF-8"?>
<words>
  <entry>
    <word>ځلمے</word>
    <int>
      <pron>(دْ+زَ+لْ+مے)</pron>
      <gram>[پ-اِس-مذ-وا-ج: ځلمي-ځلميان-(مؤ: وا: ځلمۍ-ج: ځلميانې)]</gram>
      <poem/>
      <meanings>
        <meaning>-</meaning>
        <meaning>ځوان-ځوانۍ ته نزدې-زېلے-زڼے- ژڼے</meaning>
        <meaning>وز-ساتلے شوے هلك.</meaning>
      </meanings>
    </int>
  </entry>
<entry><word>ځلميتوب</word><int><pron>(دْ+زَ+لْ+يْ+تو+ب)</pron><gram>[پ-اِس-مذ]</gram><poem></poem><meanings><meaning>-ځواني-زلميتوب-ځلمينه.</meaning></meanings></int></entry></words>
