<?xml version="1.0" encoding="UTF-8"?>
<words>
  <entry>
    <word>څرمنه کښې اډوکي ښکارېدل</word>
    <int>
      <pron></pron>
      <gram>(اص)</gram>
      <poem></poem>
      <meanings>
        <meaning>ډېرمانده کېدل ، ډېر کمزورے کېدل زيات ډنګرېدل د کمزورۍ له کبله اډوکي راوتل ، نرے کيرے کېدل ، نرے پيرے کېدل،اوچ کلک کېدل ، اوچه غنه يا اوچ لرګے کېدل ، ټپېدل</meaning>
      </meanings>
    </int>
  </entry>
</words>
