<?xml version="1.0" encoding="UTF-8"?>
<words>
  <entry>
    <word>چړا</word>
    <int>
      <pron>(چ+ړا)[اَن:پ (قاموس)</pron>
      <gram>[اَن:پ (قاموس)-ص-مذ-وا-ج: چړاګان]</gram>
      <poem/>
      <meanings>
        <meaning>ص-مذ-وا-ج: چړاګان]-</meaning>
        <meaning>ترتړے چاړا-نيم ژبے.</meaning>
        <meaning>ساده-كم عقل-</meaning>
        <meaning>تور مخي بنګړ يوال.</meaning>
      </meanings>
    </int>
  </entry>
<entry><word>چړات</word><int><pron>(چ+ړا+تْ)</pron><gram>[پ-اِس معرفه-مذ]</gram><poem/><meanings><meaning>- په سوات کښې د يو غر نوم.</meaning></meanings></int></entry><entry><word>چړاخ</word><int><pron>(چ+ړا+خ)[اَف:پ (قاموس)</pron><gram>[اَف:پ (قاموس)-اِس-مذ-وا- ج: چړاخونه]</gram><poem/><meanings><meaning>اِس-مذ-وا- ج: چړاخونه]ژور پرهر- لوے زخم.</meaning></meanings></int></entry><entry><word>چړاخول</word><int><pron>(چ+ړا+خ+و+لْ)[اَف:پ (قاموس)</pron><gram>[اَف:پ (قاموس) مص مت]</gram><poem/><meanings><meaning>مص مت] لوے زخم په کښې كول.</meaning></meanings></int></entry><entry><word>چړاخونه</word><int><pron>(چ+ړا+خَ+و+ن)[اَف: پ (قاموس)</pron><gram>[اَف: پ (قاموس)-حمص]</gram><poem/><meanings><meaning>حمص]- لوے زخم په کښې كونه.</meaning></meanings></int></entry><entry><word>چړاخوونكے</word><int><pron>(چ+ړا+خْ+وُوْ+نْ+كے)[اَف:پ (قاموس)فاغ-مذ-وا-ج: چړاخوونكي (مؤ: چړاخوونكې)</pron><gram/><poem/><meanings><meaning>لوے زخم په کښې كوونكے.</meaning></meanings></int></entry><entry><word>چړاخېدل</word><int><pron>(چ+ړا+خې+د+لْ)[اَف:پ (قاموس)</pron><gram>[اَف:پ (قاموس)-مص لا]</gram><poem/><meanings><meaning>مص لا]- زخمي كېدل- پرهرژلے كېدل- چړاخ كېدل.</meaning></meanings></int></entry><entry><word>چړاخېدنه</word><int><pron>(چ+ړا+خې+د+نه)[اَف:پ (قاموس)</pron><gram>[اَف:پ (قاموس) حمص]</gram><poem/><meanings><meaning>حمص]- زخمي كېدنه زيات پرهرژلے كېدنه.</meaning></meanings></int></entry><entry><word>چړاخېدونكے</word><int><pron>(چ+ړا+خې+دُو+ نْ+كے)[اَف: پ (قاموس)</pron><gram>[اَف: پ (قاموس)-مف-مذ-وا-ج: چړاخېدونكي-(مؤ: چړاخېدُونكے)]</gram><poem/><meanings><meaning>مف-مذ-وا-ج: چړاخېدونكي-(مؤ: چړاخېدُونكے)] زخمي كېدونكے. زيات پرهرژلے كېدونكے.</meaning></meanings></int></entry><entry><word>چړانشے</word><int><pron>(چ+ړا+نْ+شے)</pron><gram>[پ-اِس-مذ]</gram><poem/><meanings><meaning>-په دُوپجنه ډوډۍ جمع شوے پشم.</meaning></meanings></int></entry><entry><word>چړانګو</word><int><pron>(چ+ړا+نْ+ګو)[اَف:پ (قاموس)</pron><gram>[اَف:پ (قاموس)-اِس-مذ]</gram><poem/><meanings><meaning>اِس-مذ]-د باد رنګو او خربوزو وغېره جرړې.</meaning></meanings></int></entry><entry><word>چړاو</word><int><pron>(چ+ړا+ؤ)[اَف:پ (قاموس)</pron><gram>[اَف:پ (قاموس) اِس-مذ]</gram><poem/><meanings><meaning>اِس-مذ]-قتل عام-په سيلمې وژل- چړ.</meaning></meanings></int></entry><entry><word>چړاوه</word><int><pron>(چ+ړا+وَه)[اَف: پ (قاموس)</pron><gram>[اَف: پ (قاموس)-اِس-مؤ]</gram><poem/><meanings><meaning>اِس-مؤ]-د كارېز يا بند د تړلو نه پس چې لږې لږې اوبۀ د درياب نه راځي.</meaning></meanings></int></entry><entry><word>چړاوے</word><int><pron>(چ+ړا+وَے)[اَف:پ (قاموس)</pron><gram>[اَف:پ (قاموس)-اِس-مذ- (مؤ: چړاوې)]</gram><poem></poem><meanings><meaning>اِس-مذ- (مؤ: چړاوې)]- د سترګې غُنډاوے.</meaning></meanings></int></entry></words>
