<?xml version="1.0" encoding="UTF-8"?>
<words>
  <entry>
    <word>چړپ</word>
    <int>
      <pron>(چ+ړ+پ)</pron>
      <gram>[پ-اِس صو]</gram>
      <poem/>
      <meanings>
        <meaning>-</meaning>
        <meaning>د اُوبو د توئيدو اواز- چړپے- چړپا.</meaning>
        <meaning>د شونډو د يو ځاے كېدو اواز چې د څۀ خوږ څيز د خوړلو يا د ښكلولو په وخت راوځي.</meaning>
      </meanings>
    </int>
  </entry>
<entry><word>چړپا</word><int><pron>(چ+ړ+پا)</pron><gram>[پ-اِس-مؤ]</gram><poem/><meanings><meaning>- و_________ چړپ.</meaning></meanings></int></entry><entry><word>چړپن</word><int><pron>(چ+ړ+پ+ن)[اَف:پ (قاموس)</pron><gram>[اَف:پ (قاموس)-اِس ص-مذ (مؤ-وا: چړپنه-چ: چړپنې)]</gram><poem/><meanings><meaning>اِس ص-مذ (مؤ-وا: چړپنه-چ: چړپنې)]-</meaning><meaning>بكواسي-عبث ږغېدونكي. (2(د اُوبو نه ډك لوښے چې اوبۀ ترې نه بهر ته توئېږي. چړپند.</meaning></meanings></int></entry><entry><word>چړپند</word><int><pron>(چ+ړ+پ+ن+د)</pron><gram>[پ-ص-مذ]</gram><poem/><meanings><meaning>-و_________ چړپن.</meaning></meanings></int></entry><entry><word>چړپول</word><int><pron>(چ+ړَ+پ+و+لْ)</pron><gram>[پ-مص مت]</gram><poem/><meanings><meaning>-</meaning><meaning>په څۀ څيز باند خولۀ يا شونډې وهل-چوپل.</meaning><meaning>په اوبو کښې په لاس وهلو څپې را پېدا كول.</meaning><meaning>د اُوبو نه ډك لوښے خوزول چې اُوبۀ ترې بهر توئې شي.</meaning><meaning>نقصاني كول.</meaning></meanings></int></entry><entry><word>چړپولڤ</word><int><pron>(چ+ړ+پ+وَ+لے)</pron><gram>[پ مف-مذ-وا-ج: چړپولي (مؤ: چړپولې)]</gram><poem></poem><meanings><meaning>څۀ څيز په خولۀ  يا شونډو چوپكے.</meaning><meaning>څۀ لوښے داسې خوزولے چې اوبۀ ترې نه راتوئې شي.
چړچي</meaning></meanings></int></entry></words>
