<?xml version="1.0" encoding="UTF-8"?>
<words>
  <entry>
    <word>چاته مخ اړول</word>
    <int>
      <pron/>
      <gram>(اص)</gram>
      <poem/>
      <meanings>
        <meaning>چاته سوال کول ، نېکه مشوره ورکول ، سوال زاري کول ، څوک د بدو نه منع کول</meaning>
      </meanings>
    </int>
  </entry>
<entry><word>چاته اوبۀ لاندې کول</word><int><pron></pron><gram></gram><poem></poem><meanings><meaning>(اص) چاته څۀ چل جوړول ، چاته دوکه ورکول چا سره مکر فرېب کول ، چاته اوبۀ لاندې ايستل ، چاته زمکه ډډول</meaning></meanings></int></entry></words>
