<?xml version="1.0" encoding="UTF-8"?>
<words>
  <entry>
    <word>چخول</word>
    <int>
      <pron>(چِ+خ+و+لْ)</pron>
      <gram>[اَف:پ (قاموس)-مص مت]</gram>
      <poem/>
      <meanings>
        <meaning/>
        <meaning>سُوخول ننه كول- منډل.</meaning>
        <meaning>يو بل سره ښخول- جنګول- ورانول.</meaning>
      </meanings>
    </int>
  </entry>
<entry><word>چخو  لے</word><int><pron>(چِ+خ+وَ+لے)</pron><gram>[اَف:پ (قاموس)- مِف-مذ-وا-چ: چخولي (مؤ: چخولې)]</gram><poem/><meanings><meaning/><meaning>سُوخولے- منډلے- ننه ايستے.</meaning><meaning>جنګولے- ښخ كړے.</meaning></meanings></int></entry><entry><word>چخونكي</word><int><pron>(چِ+خُوْ+نْ+كي)</pron><gram>[اَف:پ (قاموس)- فاع-مذ-وا-ج: چخُونكي- (مؤ: چخوُنكې)]</gram><poem/><meanings><meaning>فاع-مذ-وا-ج: چخُونكي- (مؤ: چخوُنكې)] سُوخوونكے- منډونكے- ننه ايستوُنكے.</meaning></meanings></int></entry><entry><word>چخونګ</word><int><pron>(چِ+خ+وَ+نْ+ګْ)</pron><gram>[اَف:پ  (قاموس)- حمص]</gram><poem/><meanings><meaning>حمص]- و_____چخِونه.</meaning></meanings></int></entry><entry><word>چخونه</word><int><pron>(چ+خ+و+نه)</pron><gram>[اَف:پ (قاموس)-حمص]</gram><poem/><meanings><meaning>حمص]-چخِونګ- سُوخونه- ننه ايستنه- منډنه.</meaning></meanings></int></entry><entry><word>چخوونكے</word><int><pron>(چِ+خ+وُوْ+نْ+كے)</pron><gram>[اَف:پ (قاموس)-فاع-مذ-وا-ج: چخوُونكي-(مؤ: چخووُنكې)]</gram><poem/><meanings><meaning>فاع-مذ-وا-ج: چخوُونكي-(مؤ: چخووُنكې)].</meaning><meaning>سُوخوُنكے ننه كوُونكے- منډُونكے.</meaning><meaning>يو بل سره ښخوُونكے- جنګووُنكے-ورانووُنكے.</meaning></meanings></int></entry><entry><word>چخوڼيا</word><int><pron>(چِ+خُوْ+نْ+ړْ+يَا)</pron><gram>[اَف:پ (قاموس)-ص]</gram><poem></poem><meanings><meaning>ص]-شلېدلے-زوړ شوے- مښلے- دكار نه وتے.</meaning></meanings></int></entry></words>
