<?xml version="1.0" encoding="UTF-8"?>
<words>
  <entry>
    <word>ډول اچول</word>
    <int>
      <pron></pron>
      <gram>(اص)</gram>
      <poem></poem>
      <meanings>
        <meaning></meaning>
        <meaning>ډول غاړې ته اچول ، ډول غاړې ته کول ، د ژغولو دپاره د ډمانو ډولونه اخستل</meaning>
        <meaning>د کوهي نه د اوبو راويستلو دپاره بوقه وراچول</meaning>
      </meanings>
    </int>
  </entry>
</words>
