<?xml version="1.0" encoding="UTF-8"?>
<words>
  <entry>
    <word>کللتوب</word>
    <int>
      <pron>( ک+ل+ل+تو+ب )</pron>
      <gram>( اس ، مذ )</gram>
      <poem/>
      <meanings>
        <meaning>د دوو ځايونو تر مېنځه فاصلې تعين يا اندازه، کچوالے</meaning>
      </meanings>
    </int>
  <int><pron>( ک+ل+ل+تو+ب )</pron><gram>[ اس ، مذ ]</gram><poem/><meanings><meaning>د دوو ځايونو تر مېنځه فاصلې تعين يا اندازه، کچوالے</meaning></meanings></int></entry>
<entry><word>کللے</word><int><pron>( ک+ل+لے )کچ کړے ، پېمائش کړے، ( د کچ )</pron><gram>( اس ، مف ، مذ ، ج ـــــــــــــ لي )</gram><poem/><meanings><meaning>اندازه شوے</meaning></meanings></int><int><pron>( ک+ل+لے )کچ کړے ، پېمائش کړے، ( د کچ )</pron><gram>[ اس ، مف ، مذ ، ج ـــــــــــــ لي ]</gram><poem></poem><meanings><meaning>اندازه شوے</meaning></meanings></int></entry></words>
