<?xml version="1.0" encoding="UTF-8"?>
<words>
  <entry>
    <word>کښے</word>
    <int>
      <pron>( ک+خ / شے )</pron>
      <gram>[اس، مذ، ج ښي]</gram>
      <poem/>
      <meanings>
        <meaning>دهقان، زميندار، هغه دهقان چې پټي له اوبۀ ورکوي اوبۀ خور کوونکے</meaning>
      </meanings>
    </int>
  <int><pron>( ک+خ / شے )</pron><gram>[اس، مذ، ج ښي]</gram><poem/><meanings><meaning>خسي، پل، هغه چې خوټې نۀ لري</meaning></meanings></int><int><pron>( ک+خ / شے )</pron><gram>[اس، مذ، ج ښي]</gram><poem></poem><meanings><meaning>نابللے مېلمه، هغه کس چې نابللے د چا په ډوډۍ يا مېلمنو کښې شامل شي</meaning></meanings></int></entry>
</words>
