<?xml version="1.0" encoding="UTF-8"?>
<words>
  <entry>
    <word>کات</word>
    <int>
      <pron>( ک+ا+ت)</pron>
      <gram>[اس واحد مذ]</gram>
      <poem/>
      <meanings>
        <meaning>بياتي کاز قينچي</meaning>
      </meanings>
    </int>
  </entry>
<entry><word>کاتب</word><int><pron>(ک+ا+ت+ب)</pron><gram>[اسم صفت واحد مذ]</gram><poem/><meanings><meaning>خوشخط ليکونکے خوشنويس کتابت کوونکے جمع کاتبان مؤنث کاتبه</meaning></meanings></int></entry><entry><word>کاتبي</word><int><pron>(ک+ا+ت+ب+ي)</pron><gram>[اسم]</gram><poem/><meanings><meaning>١ دکتابت کار ٢ يوقسم واسکټ</meaning></meanings></int></entry><entry><word>کاتره</word><int><pron>(ک+ا+ت+ر+ه)</pron><gram>[اس واحد مؤ]</gram><poem/><meanings><meaning>کاترۍ غټه خمبه لوے کندو</meaning></meanings></int></entry><entry><word>کاترۍ</word><int><pron>(ک+ا+ت+ر+ۍ)</pron><gram>[اس واحد مؤ]</gram><poem/><meanings><meaning>وګورئ کاتره</meaning></meanings></int></entry><entry><word>کاتک</word><int><pron>(ک+ا+ت+ک)</pron><gram>[اس واحد مؤ]</gram><poem/><meanings><meaning>د هندي کال وومه مياشت کتک</meaning></meanings></int></entry><entry><word>کاتلے</word><int><pron>(ک+ا+ت+ل+ے)</pron><gram>[اس واحد مذ]</gram><poem/><meanings><meaning>شمشتۍ کشپ جمع کاتلي</meaning></meanings></int></entry><entry><word>کاته</word><int><pron>(ک+ا+ت+ه)</pron><gram>[اس+مو]</gram><poem></poem><meanings><meaning>د مردان په ضلع کښې يوه مشهوره قصبه ـ تاريخي لحاظ سره بابر په خپلو حملو کښې تر دغې ځايه رارسېدلے ؤ او يوسفزو سره ئې صلح کړې وه ـ</meaning></meanings></int></entry></words>
