<?xml version="1.0" encoding="UTF-8"?>
<words>
  <entry>
    <word>کتاب</word>
    <int>
      <pron/>
      <gram>[ک / کي + تا + ب]</gram>
      <poem/>
      <meanings>
        <meaning>کتاب ليکل، کتاب تصنيف کول</meaning>
      </meanings>
    </int>
  </entry>
<entry><word>کتاب ــــــــــــــ</word><int><pron></pron><gram>[ ک / کي + تا + ب ـــــــــــ ]</gram><poem></poem><meanings><meaning>کتاب ليکل ، کتاب تصنيف کول</meaning></meanings></int></entry></words>
