<?xml version="1.0" encoding="UTF-8"?>
<words>
  <entry>
    <word>کار</word>
    <int>
      <pron>(کا+ر)</pron>
      <gram>[ ف ـ اس مذ، ج ـ ونه ]</gram>
      <poem/>
      <meanings>
        <meaning>١ـ چار ـ کار ٢ـ پېشه ـ شغل ٣ـ غرض ـ مقصد په چا کار نۀ لرل ٤ـ روزګار ـ مزدوري ـ  ٥ـ کسب</meaning>
      </meanings>
    </int>
  </entry>
<entry><word>کارتوس</word><int><pron>(کا+ر+تو+س)</pron><gram>[انګ ـ اس ـ ج ـ ونه ]</gram><poem/><meanings><meaning>کارتوس: چې په کښې بارود دارو چرې ډکې شوې وي دا  په توپک يا په تماچه کښې چلولے  شي)</meaning></meanings></int></entry><entry><word>کارفرما</word><int><pron>(کا+ر+ف+ر+ما)</pron><gram>[ف تر اس مذ]</gram><poem/><meanings><meaning>١ حکم کوونکے حکم چلوونکے ٢ کاراخستونکے په کار پوه</meaning></meanings></int></entry><entry><word>کارفهم</word><int><pron>(ک+ر+ف+ه+م)</pron><gram>[ف تر صف مذ، مو ه]</gram><poem/><meanings><meaning>په کار پوهېدونکے په کار پوهه تجربه کار کاردان</meaning></meanings></int></entry><entry><word>کارفهمي</word><int><pron>(کا+ر+ف+ه+ي)</pron><gram>[ف تر اس مو]</gram><poem/><meanings><meaning>په کار پوهېدنه تجربه کاري هوښياري کارداني</meaning></meanings></int></entry><entry><word>کارک</word><int><pron>(کا+ر+ک)</pron><gram>[انک اس مذ]</gram><poem/><meanings><meaning>کاک کاګ د ربړ په شان لچک واله څيز چې عموماً د بوتلونو د بندولو د پاره پکار ولے شي (عموماً خلک ورته کاک وائي)</meaning></meanings></int></entry><entry><word>کارکسب</word><int><pron>(ک+ر+که+س +ب)</pron><gram>[اسم واحد مذکر]</gram><poem/><meanings><meaning>زيست روزګار - دنده کار روزګار</meaning></meanings></int></entry><entry><word>کارکن</word><int><pron>(کا+ر+ک+ن)</pron><gram>[ف تر صف اس مذ، ج ان مو]</gram><poem/><meanings><meaning>١ چارندونکے، مزدور کارکوونکے کار ستونکے په کار کښې عملي برخه اخستونکے٢ محنتي خواري کښ</meaning></meanings></int></entry><entry><word>کارکوټے</word><int><pron>(کا+ر+کو+ټے)</pron><gram>[اس مذ]</gram><poem/><meanings><meaning>يوقسم ګياه ده چې د څاروو خوراک ده خلک ئې کچه د سلاد په توګه د ډوډۍ سره خوري</meaning></meanings></int></entry><entry><word>کارګا</word><int><pron>(کا+ر+ګا)</pron><gram>[ف تر اس مونث ج ونه]</gram><poem/><meanings><meaning>١ کډۍ ٢ د پرتوغاښونو دجوړو لوے فرېم د لرګي هغه فرېم چې زنانه پرې پرتوغاښونه جوړوي</meaning></meanings></int></entry><entry><word>کارګاه</word><int><pron>(کا+ر+ګا+ه)</pron><gram>[ف تر اسم ج ونه]</gram><poem/><meanings><meaning>١ د کارکولو ځاے هغه ځاے چرته چې (په ګڼه) څۀ کار کولے شي ورکشاپ کارخانه</meaning></meanings></int></entry><entry><word>کارګزاري</word><int><pron>(کا+ر+ګ+ز+ا+ري)</pron><gram>[ف تر مو]</gram><poem/><meanings><meaning>ښۀ کار کونه دښۀ کار کولو بيان د حکم يا تجويز وغېره په عمل کښې راوستنه ځينې خلک د فارسي په الفاظ کښې د ٫٫ذ، ، په ځاے ٫٫ز، ، ليکي د هغوي په خيال په فارسۍ کښې٫٫ ذ، ، نشته خو دا درسته نۀ ده د فارسۍ په پخواني الفاظو کښې ٫٫ذ، ، موجود دے</meaning></meanings></int></entry><entry><word>کارګر</word><int><pron>(کا+ر+ګ+ر)</pron><gram>[ف ترـ صفت مذ]</gram><poem/><meanings><meaning>١ـ اثرکوونکے ـ مؤثره ـ تاثر لرونکےـ ٢ـ فائده مند مفيد ـ فائده رسوونکےـ</meaning></meanings></int></entry><entry><word>کاريګر</word><int><pron>(کا+ري+ګ+ر)</pron><gram>[ف اس مذ، ج ان]</gram><poem/><meanings><meaning>١ کارکوونکے هنرمند هنري کارونه کوونکے ٣ لوهار اهنګر</meaning></meanings></int></entry><entry><word>کاريګري</word><int><pron>(کا+ري+ک+ري)</pron><gram>[ث +اس+مو]</gram><poem/><meanings><meaning>هنر مندي ـ په ښکلا او هنر سره کارکونه</meaning></meanings></int></entry><entry><word>کارنده</word><int><pron>(کا+ر+ر+ن+د)</pron><gram>[ف صف مذ مو]</gram><poem/><meanings><meaning>کارکوونکے د کارمړنے</meaning></meanings></int></entry><entry><word>کاروان</word><int><pron>(کا+ر+وا+ن)</pron><gram>[ف اس مذ ج ونه]</gram><poem/><meanings><meaning>د تاجرانو ياد مسافرانو په جمع سره په اُوښانو وغېره سفر کول قافله جوپه بهير</meaning></meanings></int></entry><entry><word>کاروان سالار</word><int><pron>(ـــــ سا+لا+ر)</pron><gram>[ف تر+اس +مذ]</gram><poem/><meanings><meaning>د کاروان مشر دقافلې سردار د قافلې مشر</meaning></meanings></int></entry><entry><word>کاروان سراۍ</word><int><pron>(ــــ س +را+ۍ)</pron><gram>[ف تر اس مو]</gram><poem/><meanings><meaning>هغه لوے عمارت چرته چې به پخوا کاروانونه ايسارېدل په دې کښې به د استوږنې نه علاوه د هغو د اوښانو، اسونو وغېره ځاے هم ؤ نورې اسانتياګانې به هم وې</meaning></meanings></int></entry><entry><word>کاروائي</word><int><pron>(کا+ر+وا+ئي)</pron><gram>[ف اس مو]</gram><poem/><meanings><meaning>١ په عمل کښې راوستنه په کار عمل کونه ٢ په يو حکم يا منصوبې دعمل درامد بيان يا روئداد تعجيل د کار عمل درامد</meaning></meanings></int></entry><entry><word>کاروبار</word><int><pron>(کا+رو+با+ر)</pron><gram>[ف تر اس مذ ج ونه]</gram><poem/><meanings><meaning>١ کارروزګار دنده ٢ بندوبست انتظام دروزګار ذريعه</meaning></meanings></int></entry><entry><word>کاروباري</word><int><pron>(کا+رو+با+ري)</pron><gram>[ف تر اس صفت مذ، ج ان]</gram><poem/><meanings><meaning>١ هغه کس چې څه کاروبار کوي کارروزګار کوونکے تجارت کوونکے ٢ کاروبار سره متعلق کاروبار ته منسوب لکه: کاروباري جرې</meaning></meanings></int></entry><entry><word>کاره</word><int><pron>(کا+ر)</pron><gram>[اس مو ج رې]</gram><poem/><meanings><meaning>١ لويه ارت خولې ټوکرۍ لويه ټوکره ٢ هغه ټوکرۍ چې پلن والے ئې کم وي د نلونو نه جوړه شوې وي دشنولختو يا د ډکوغټه ټوکرۍ</meaning></meanings></int><int><pron>(کا+ر)</pron><gram>[اس مو، ج ې]</gram><poem></poem><meanings><meaning>کاره کړېچۍ
د تن غوښه بې بلا سخته بوټۍ ده
چې لړبوس نه شوه دعشق په کاره</meaning></meanings></int></entry><entry><word>کارۍ</word><int><pron>(کا+ر+ۍ)</pron><gram>[اس ـ مو]</gram><poem/><meanings><meaning>١ـ هغه کجاوه چې په کښې انګور وړے شې          ٢ـ</meaning></meanings></int></entry></words>
