<?xml version="1.0" encoding="UTF-8"?>
<words>
  <entry>
    <word>کلمات</word>
    <int>
      <pron>( ک+ل+ما+ت )       لفظونه ، الفاظ ، جملې ـدخيل ــــــــــــ ( د+خي+ل ــــــــــــــــ )</pron>
      <gram>( ع ، اس ، ج )</gram>
      <poem/>
      <meanings>
        <meaning>هغه الفاظ کوم چې دکومې بلې ژبې نه د چا ژبې کښې داخل شوي وي او استعمالېږي بهراني الفاظ د غېرو ژبو الفاظ کوم چې يوه ژبه کښې استعمالېږي او د دغې ژبې برخه ګرځېدلي وي</meaning>
      </meanings>
    </int>
  </entry>
<entry><word>کلماغ</word><int><pron>( ک+ل+ما+غ )</pron><gram>( اس ، مذ ، مو ــــــــــــــ ه )</gram><poem/><meanings><meaning>په ناز و ادا قدمونه اخستونکے په کېځ مکېځ تلونکے، خرامانه خرامانه تلونکے</meaning></meanings></int></entry><entry><word>کلمتېن</word><int><pron>(ک + ل + م + تې + ن)</pron><gram>(ع، اس، تثنيه)</gram><poem/><meanings><meaning>دوه کلمې، يعني د کلمه طيبه دواړه برخې، لا اله الا الله او محمد رسول الله</meaning></meanings></int></entry><entry><word>کلمک</word><int><pron>( ک+ل+م+ک )</pron><gram>( اس ، جم )</gram><poem/><meanings><meaning>د انګورو يوه خاص قندهارے قسم چې سپين او ډېر نازک وي</meaning></meanings></int></entry><entry><word>کلمه</word><int><pron>( ک + ل / لي+ مَ )</pron><gram>[ ع ، اس ، مو ، ج ــــــــــ مې ]</gram><poem></poem><meanings><meaning>د ٫٫ حرف ،، په معنىٰ کښې هم استعمالېږي ـ لکه کلمه تاسف ـ</meaning></meanings></int></entry></words>
