<?xml version="1.0" encoding="UTF-8"?>
<words>
  <entry>
    <word>کابر</word>
    <int>
      <pron>(ک+ا+ب+ر)</pron>
      <gram>[اس واحد مذ]</gram>
      <poem/>
      <meanings>
        <meaning>د اسپنې اله چې د اوښ کته پرې له وښو او لوخې نه ډکولے شي</meaning>
      </meanings>
    </int>
  <int><pron>(ک+ا+ب+ر)</pron><gram>[اس واحد مذ]</gram><poem/><meanings><meaning>د اسپنې اله چې د اوښ کته پرې له وښو او لوخې نه ډکولے شي</meaning></meanings></int></entry>
<entry><word>کابک</word><int><pron>(ک+ا+ب+ک)</pron><gram>[اس واحد مذ]</gram><poem/><meanings><meaning>د کونترو د اوسېدو ځاے- هغه واړۀ واړۀ تاخونه چې کونترې په کښې ساتلے شي جمع کابکونه</meaning></meanings></int><int><pron>(ک+ا+ب+ک)</pron><gram>[اس واحد مذ]</gram><poem/><meanings><meaning>د کونترو د اوسېدو ځاے- هغه واړۀ واړۀ تاخونه چې کونترې په کښې ساتلے شي جمع کابکونه</meaning></meanings></int></entry><entry><word>کابوس</word><int><pron>(ک+ا+ب+و+س)</pron><gram>[اس واحد مو]</gram><poem/><meanings><meaning>خپسه خپسکه د يوې بيمارۍ نوم چې په خوب کښې راځي</meaning></meanings></int><int><pron>(ک+ا+ب+و+س)</pron><gram>[اس واحد مو]</gram><poem/><meanings><meaning>خپسه خپسکه د يوې بيمارۍ نوم چې په خوب کښې راځي</meaning></meanings></int></entry><entry><word>کابين</word><int><pron>(ک+ا+ب+ي+ن)</pron><gram>[اس ـ واحدـ مذ]</gram><poem/><meanings><meaning>وَلور ـ مَهرـ د مهر روپۍ</meaning></meanings></int><int><pron>(ک+ا+ب+ي+ن)</pron><gram>[اس واحد مذ]</gram><poem/><meanings><meaning>وَلور مَهر د مهر روپۍ</meaning></meanings></int></entry><entry><word>کابين نامه</word><int><pron>(ک+ا+ب+ي+ن+ن+ا+م+ه)</pron><gram>[اس واحد، مؤ]</gram><poem/><meanings><meaning>نکاح نامه مهرنامه دوادۀ د رجسټرۍ کاغذ</meaning></meanings></int></entry><entry><word>کابينه</word><int><pron>(ک+ا+ب+ي+ن+ه)</pron><gram>[اس واحد مؤ]</gram><poem></poem><meanings><meaning>د وزيرانو ټولګے د وزيرانو مجلس جمع کابينې</meaning></meanings></int></entry></words>
