<?xml version="1.0" encoding="UTF-8"?>
<words>
  <entry>
    <word>کلکين</word>
    <int>
      <pron>(ک + ل + کي + ن)</pron>
      <gram>[ت، اس، مذ]</gram>
      <poem/>
      <meanings>
        <meaning>کړکۍ، بارۍ و دريچه</meaning>
      </meanings>
    </int>
  </entry>
<entry><word>کلکے</word><int><pron>( ک+ل+کے )</pron><gram>[ اس ، مذ ، ج ــــــــــــ کي ]</gram><poem></poem><meanings><meaning>کپرۍ، کوپړۍ</meaning></meanings></int></entry></words>
