<?xml version="1.0" encoding="UTF-8"?>
<words>
  <entry>
    <word>کنډه اچول</word>
    <int>
      <pron></pron>
      <gram>(اص)</gram>
      <poem></poem>
      <meanings>
        <meaning>ژوبۍ اوچتول ، ژبۍ اوچتول ، د ماشوم چې ژبۍ شي نو د يوې نرۍ لښتې نه مالوچ تاؤ کړي سندور ، ويلنے يا ايره پرې اودړوي او د هغه ماشوم حلق ته ئې ورښکته کړي او ژبۍ ئې پورته کړي</meaning>
      </meanings>
    </int>
  </entry>
</words>
