<?xml version="1.0" encoding="UTF-8"?>
<words>
  <entry>
    <word>کم عقلي</word>
    <int>
      <pron>( ک +م+ع+ق+لي )</pron>
      <gram>[ اس ، مو ]</gram>
      <poem/>
      <meanings>
        <meaning>کم پوهي، د عقل کمے، د پوهې کمے</meaning>
        <meaning>بېوقوفي، حماقت، ناداني</meaning>
      </meanings>
    </int>
  </entry>
<entry><word>کم قدره</word><int><pron>( ک +م+ق+د+رَ )</pron><gram>[فپ، تر، صف، مذ، مو]</gram><poem/><meanings><meaning/><meaning>هغه کس يا څيز چې قدر ئې کم وي</meaning><meaning>بې قدره، هغه کس يا څيز چې قدر ئې بېخي نۀ کېږي</meaning></meanings></int></entry><entry><word>کم قدري</word><int><pron>( ک +م+ق+د+ري )</pron><gram>[ اس ، مو ]</gram><poem/><meanings><meaning>د قدر کمے، د عزت اکرام کمے</meaning><meaning>سپکوالے</meaning></meanings></int></entry><entry><word>کم قوته</word><int><pron>( ک +م+قو+و+تَ )</pron><gram>[ فپ ، تر ، صف ، مذ ، مو ]</gram><poem></poem><meanings><meaning>(و ـــــــــ کمزورے)</meaning></meanings></int></entry></words>
