<?xml version="1.0" encoding="UTF-8"?>
<words>
  <entry>
    <word>ک</word>
    <int>
      <pron>(کا+ف)</pron>
      <gram>[اسم ج ]</gram>
      <poem></poem>
      <meanings>
        <meaning>کاف د پښتو دوه دېرشم تورے دے د عربۍ دوه ويشتم، د فارسۍ پينځويشتم، د اردو اتۀ ويشتم تورے دے د هندۍ او سنسکرت اولنے تورے دے د قاف فرق دپاره په پښتو کښې ورته وړوکے کاف او کش دار کاف هم وائي د ٫٫ کلمن، ، (ابجدو يوه کلمه) کاف هم بللے شي د ٫٫ګ، ، نه د تميز دپاره ورته د عربۍ تازي کاف هم وائي په پښتو کښې ق په ک بدلېږي او ځينې قبيلې د ک په ځاے ق هم وائي د ابجدو په حساب کښې دا ئې شلم (٢٠) تورے دے په عربۍ کښې د جار تورے دے او د مثال په رنګ، په شان وغېره معنې ورکوي لکه ٫٫کالعدم، ، کالانعام وغېره</meaning>
      </meanings>
    </int>
  </entry>
</words>
