<?xml version="1.0" encoding="UTF-8"?>
<words>
  <entry>
    <word>کرپان</word>
    <int>
      <pron>(ک+ر+پا+ن)</pron>
      <gram>[ه اس مذ، ج ونه]</gram>
      <poem/>
      <meanings>
        <meaning>وړه توره يا لويه چاړه (عموماًسکهان
 او هندوان ئې استعما لوي)</meaning>
      </meanings>
    </int>
  </entry>
<entry><word>کرپتاوه</word><int><pron>(ک+ر+پ+تا+وَ)</pron><gram>[اس مو، ج وې]</gram><poem/><meanings><meaning>د کوهي بوقه بوکه</meaning></meanings></int></entry><entry><word>کرپړه</word><int><pron>(ک+ر+پ+ړ)</pron><gram>[اس مو، ج ړې]</gram><poem/><meanings><meaning>(و کرپوله)</meaning></meanings></int></entry><entry><word>کرپشن</word><int><pron>(ک+ر+ر+پ+ش+ن)</pron><gram>]انګ اس مذ]</gram><poem/><meanings><meaning>فساد خيرن توب ککړتوب- رشوت</meaning></meanings></int></entry><entry><word>کرپله</word><int><pron>(ک+ر+پ+لَ)</pron><gram>[اس مو، ج لې]</gram><poem/><meanings><meaning>يو قسم سبزي ده</meaning></meanings></int></entry><entry><word>کرپندے</word><int><pron>(ک+ر+پ+ن+دے)</pron><gram>[اس مذ، ج ي]</gram><poem/><meanings><meaning>١ هرهغه څيزچې دخوراک په وخت ئې دغا ښونو نه د کرپ کرپ اواز پېدا کېږي</meaning></meanings></int></entry><entry><word>کرپوله</word><int><pron>(ک+ر+پو+ل)</pron><gram>[اس مو]</gram><poem/><meanings><meaning>کوپړه کرپړه د دارو په طور استعمالېږي</meaning></meanings></int></entry><entry><word>کرپوونکے</word><int><pron>(ک+ر+پ+و+ن+کے)</pron><gram>[اس فا مذ، ج کي]</gram><poem></poem><meanings><meaning>کوم سخت شان څيز خوړونکے چې د خوراک په وخت ترې د کرپ کرپ اواز راځي په کرپ کرپ سره خوړونکے په خوراک کښې د کوم څيز نه د کرپ کرپ اواز اېستونکے</meaning></meanings></int></entry></words>
