<?xml version="1.0" encoding="UTF-8"?>
<words>
  <entry>
    <word>کنال</word>
    <int>
      <pron>( کُ+نا+ل )</pron>
      <gram>( اس ، مذ ، ج ـــــــــــ ونه )</gram>
      <poem/>
      <meanings>
        <meaning>د خاورو لوے کنډول، د لاندې نه غونډ ښانکے، پرات</meaning>
      </meanings>
    </int>
  <int><pron>( ک+نا+ل )</pron><gram>( انګ اس ، مذ )</gram><poem/><meanings><meaning>نهر</meaning></meanings></int></entry>
<entry><word>کنام</word><int><pron>( ک+نا+م )</pron><gram>(ف، مذ)</gram><poem/><meanings><meaning/><meaning>د حېواناتو د تود آرام ځاے</meaning><meaning>د مرغو مارغانو جاله</meaning><meaning>ځنګل، ورشو، چراګاه</meaning></meanings></int></entry><entry><word>کناوېز</word><int><pron>( ک+نا+وې+ز )</pron><gram>[اس، مذ]</gram><poem></poem><meanings><meaning>يو قسم قيمتي رېښمين ټوکے</meaning></meanings></int></entry></words>
