<?xml version="1.0" encoding="UTF-8"?>
<words>
  <entry>
    <word>کډه اړول</word>
    <int>
      <pron></pron>
      <gram>(اص)</gram>
      <poem></poem>
      <meanings>
        <meaning></meaning>
        <meaning>چېرته استوګن کېدل ، يو ځاے کښې مېشت کېدل ، په پړاؤ ارام کول</meaning>
        <meaning>کډه بار کول ،کډه روانول ، کوچ کول (ب ، خ) روانېدل ، کډه بارول</meaning>
      </meanings>
    </int>
  </entry>
</words>
