<?xml version="1.0" encoding="UTF-8"?>
<words>
  <entry>
    <word>کڼے</word>
    <int>
      <pron>( ک +ڼ+ے )</pron>
      <gram>[اس، مذ، ج ړي]</gram>
      <poem/>
      <meanings>
        <meaning>تنسته اودونکے</meaning>
      </meanings>
    </int>
  <int><pron>( ک +ڼ+ے )</pron><gram>[اس، مذ]</gram><poem/><meanings><meaning>بېرختونے، جنجره (د وښو يو قسم چې په نورو ونو خيژي)</meaning></meanings></int><int><pron>( ک +ڼ+ے )</pron><gram>[اس، مذ، ج ړي]</gram><poem></poem><meanings><meaning>وړه کاسه 
كوارټر</meaning></meanings></int></entry>
</words>
