<?xml version="1.0" encoding="UTF-8"?>
<words>
  <entry>
    <word>کا ختي</word>
    <int>
      <pron>(ک+ا+خ +ت+ي)</pron>
      <gram>[ف تر اس مذ ج ونه]</gram>
      <poem/>
      <meanings>
        <meaning>د قحط کال د سوکړې کال خشک سالي</meaning>
      </meanings>
    </int>
  </entry>
<entry><word>کا خۍ</word><int><pron>(کا+ خ+ۍ)</pron><gram>[اس مو]</gram><poem/><meanings><meaning>د با با خېلو څا نګه ده با با خېل د ګلېشاهي د برني شمن خېل محسود دي</meaning></meanings></int></entry><entry><word>کا دمڤ</word><int><pron>(کا+د+مے)</pron><gram>[ اس ـ مذ ]</gram><poem></poem><meanings><meaning>دافغانستان د وړو هلکانويوه لوبه</meaning></meanings></int></entry></words>
