<?xml version="1.0" encoding="UTF-8"?>
<words>
  <entry>
    <word>کاکول</word>
    <int>
      <pron>(کا+کو+ل)</pron>
      <gram>[اس مو]</gram>
      <poem/>
      <meanings>
        <meaning>په هزاره کښې يوځاے اېبټ اباد ته نزدې دے د فوځي افسرانو د تربيت لوے مرکز دے</meaning>
      </meanings>
    </int>
  </entry>
<entry><word>کاکوندے</word><int><pron>(کا+کو+ن+دے)</pron><gram>(و کارکونډے)</gram><poem/><meanings><meaning>يو خور وور بوټے چې ازغنې دانې لري</meaning></meanings></int></entry><entry><word>کاکي</word><int><pron>(کا+کي)</pron><gram>[ف صف]</gram><poem/><meanings><meaning>١ کاک سره تعلق لرونکے (و کاک) ٢ د حضرت قطب الدين بختيار لقب (و ک)</meaning></meanings></int></entry><entry><word>کاکيچ</word><int><pron>(کا+کي+چ)</pron><gram>[اس مذ]</gram><poem></poem><meanings><meaning>د هلکانو د يوې لوبې نوم دے ککچے، ګلي ډنډه</meaning></meanings></int></entry></words>
