<?xml version="1.0" encoding="UTF-8"?>
<words>
  <entry>
    <word>کپر(کوپر)</word>
    <int>
      <pron>(کُ ـ کو+پ+ر)</pron>
      <gram/>
      <poem/>
      <meanings>
        <meaning>د کفر بدل شکل دے</meaning>
      </meanings>
    </int>
  </entry>
<entry><word>کپرﻻ ښے</word><int><pron>(ک+پ+ر+لا+خے شے)</pron><gram>(پ تر اس مذ)</gram><poem/><meanings><meaning>د کافرو ګورستان دکافرانو مقبره</meaning></meanings></int></entry><entry><word>کپرلے</word><int><pron>(ک+پ+ر+لے)</pron><gram>(ق ـ اس ـ مذ،ج ـــــــ لى)</gram><poem/><meanings><meaning>يو قسم غونډ شکله بوټے دے چې سرۀ ازغي لري</meaning></meanings></int></entry><entry><word>کپر</word><int><pron>(کُ+پ+ر)</pron><gram/><poem/><meanings><meaning>د کفر بدل شکل دے</meaning></meanings></int></entry><entry><word>کپرﻻښے</word><int><pron>(ک+پ+ر+لا+خے شے)</pron><gram>(پ تر اس مذ)</gram><poem></poem><meanings><meaning>د کافرو ګورستان دکافرانو مقبره</meaning></meanings></int></entry></words>
