<?xml version="1.0" encoding="UTF-8"?>
<words>
  <entry>
    <word>کاد</word>
    <int>
      <pron>(کا+د)</pron>
      <gram>[ف اس مذ ج ونه]</gram>
      <poem/>
      <meanings>
        <meaning>حرص طمع لالچ</meaning>
      </meanings>
    </int>
  </entry>
<entry><word>کادرے</word><int><pron>(کا +د+رے)</pron><gram>[اس مو ج ري]</gram><poem></poem><meanings><meaning>١ د چرګ چرګانو شا ټينګې ٢ د څاروو لرے</meaning></meanings></int></entry></words>
