<?xml version="1.0" encoding="UTF-8"?>
<words>
  <entry>
    <word>کده</word>
    <int>
      <pron>( ــــــــــ ک+د )</pron>
      <gram>[ف تر، اس، مظر، مو، ج ې]</gram>
      <poem></poem>
      <meanings>
        <meaning></meaning>
        <meaning>هغه ځاے چېرته چې د چا مړي ماتم روان وي د مړي کور</meaning>
        <meaning>د غم ځاے، د مصيبت ځاے 
ماتمي</meaning>
      </meanings>
    </int>
  </entry>
</words>
