<?xml version="1.0" encoding="UTF-8"?>
<words>
  <entry>
    <word>کاخ</word>
    <int>
      <pron>(کا+خ)</pron>
      <gram>[ف، اس، مذ، ج ونه]</gram>
      <poem/>
      <meanings>
        <meaning>محل ماڼۍ لوړ عمارت</meaning>
      </meanings>
    </int>
  </entry>
<entry><word>کاخت</word><int><pron>(کا+خ+ت)</pron><gram>[اس مذ ج ونه]</gram><poem/><meanings><meaning>قحط قحطي قات نۀ پېدا کېدونکے</meaning></meanings></int></entry><entry><word>کاختے</word><int><pron>(کا+خ+تے)</pron><gram>[اس مذ، ج تې]</gram><poem/><meanings><meaning>قحطي ګراني اړاي</meaning></meanings></int></entry><entry><word>کاختي</word><int><pron>(کا+خ+تي )</pron><gram>[اس مؤ]</gram><poem></poem><meanings><meaning>١ قحط قحطي سوکړه خشک سالى وچ کال ٢ تنګسيا قده</meaning></meanings></int></entry></words>
