<?xml version="1.0" encoding="UTF-8"?>
<words>
  <entry>
    <word>کڼۍ</word>
    <int>
      <pron>( ک +ڼ+ۍ )</pron>
      <gram>[اس، مو]</gram>
      <poem/>
      <meanings>
        <meaning>دښمني، مخالفت، دښني، ميرڅي</meaning>
      </meanings>
    </int>
  <int><pron>( ک +ڼ+ۍ )</pron><gram>[اس، مو]</gram><poem></poem><meanings><meaning>د لرګي پياله، لرګين کنډول، لرګينه کاسه</meaning></meanings></int></entry>
</words>
