<?xml version="1.0" encoding="UTF-8"?>
<words>
  <entry>
    <word>کاش</word>
    <int>
      <pron>(کا+ش)</pron>
      <gram>[اس+مذ+ج+ونه]</gram>
      <poem/>
      <meanings>
        <meaning>د ٫٫قاش، ، بدل شکل د ے د تماچې د کښېښودو دڅرمنې کڅوړه د تماچې تېکے</meaning>
      </meanings>
    </int>
  <int><pron>(کا+ش)</pron><gram>[اس مذ، ج ونه]</gram><poem/><meanings><meaning>د زين کا ټۍ په زين کښې لرګينه حصه</meaning></meanings></int></entry>
<entry><word>کاشان</word><int><pron>(کا+شا+ن)</pron><gram>[اس مو]</gram><poem/><meanings><meaning>په ايران کښې ديوښار نوم</meaning></meanings></int></entry><entry><word>کاشت</word><int><pron>(کا+ش+ت)</pron><gram>[ف اس مذ]</gram><poem/><meanings><meaning>کر کرنه کرکرونده</meaning></meanings></int></entry><entry><word>کاشت کار</word><int><pron>(ــــ کا+ر)</pron><gram>[ف تر اس مذ، ج ان]</gram><poem/><meanings><meaning>کرونکے کرکوونکے دهقان زميندار مزارع کسان</meaning></meanings></int></entry><entry><word>کاشت کاري</word><int><pron>(ــــ کا+ري)</pron><gram>[ف تر+اس ـ تو]</gram><poem/><meanings><meaning>د کرکروندې کار زمنيداري دهقاني کرکرونده</meaning></meanings></int></entry><entry><word>کاشعر</word><int><pron>(کا+ش+غ+ر)</pron><gram>[اس مو]</gram><poem/><meanings><meaning>د خېبر پښتونخوا قطب ته په چيني ترکستان کښې يو پخوانے ښار</meaning></meanings></int></entry><entry><word>کاشف</word><int><pron>(کا+ش+ف)</pron><gram>[ع اس صف مذ، ج ان]</gram><poem/><meanings><meaning>کشف کوونکے پرانستونکے څرګندوونکے ښکاره کوونکے</meaning></meanings></int></entry><entry><word>کاشفه</word><int><pron>(کا+ش+ف)</pron><gram>[عپ ترـ اس مو،ج ـــ فې]</gram><poem></poem><meanings><meaning>د کاشف تانيث دے</meaning></meanings></int></entry></words>
