<?xml version="1.0" encoding="UTF-8"?>
<words>
  <entry>
    <word>کڼې</word>
    <int>
      <pron>( ک +ڼ+ې )</pron>
      <gram>[اس، مذ، ج - ړې]</gram>
      <poem/>
      <meanings>
        <meaning>کډۍ، د اودلو کارګاه</meaning>
      </meanings>
    </int>
  <int><pron>( ک +ڼ+ې )</pron><gram>[اس، مو، ج]</gram><poem></poem><meanings><meaning></meaning><meaning>د ٫٫ کڼه، ، جمع</meaning><meaning>د ٫٫ کڼه، ، اضافي او مجروري وغېره (متغير) شکل</meaning></meanings></int></entry>
<entry><word>کڼېدل</word><int><pron/><gram>[ک + ڼ + ې + د + ل]</gram><poem/><meanings><meaning>(مص)کوڼ کېدل، د اورېدلو قوت کمېدل</meaning></meanings></int></entry><entry><word>کڼېدنګ</word><int><pron/><gram>[ک + ڼ + ې + د + ن + ګ]</gram><poem/><meanings><meaning>(و کڼېدنه)</meaning></meanings></int></entry><entry><word>کڼېدنه</word><int><pron/><gram>[ ک  + ڼ + ې + د+ ن ]</gram><poem/><meanings><meaning>( حمص )کوڼ کېدنه ، د اورېدلو قوت کمېدنه يا بېخي نۀ پاتې کېدنه ـ</meaning></meanings></int></entry></words>
