<?xml version="1.0" encoding="UTF-8"?>
<words>
  <entry>
    <word>ګشت</word>
    <int>
      <pron>( ګَ+شْ+ت)</pron>
      <gram>[اس، مذ، ج ونه]</gram>
      <poem/>
      <meanings>
        <meaning>وار، ځل لکه : دو ګشته کرايه راڅخه غواړي ؟ چې بل ګشت راته داسې ونۀ وائې</meaning>
      </meanings>
    </int>
  </entry>
<entry><word>ګشته</word><int><pron>( ګَ+شْ+تَ )</pron><gram>[ف، اس، مف]</gram><poem/><meanings><meaning>ګرځېدلے، پستنه شوے</meaning></meanings></int></entry><entry><word>ګشتي</word><int><pron>( ګَ + شْ + تِيْ )</pron><gram>[ ف ، صف ]</gram><poem></poem><meanings><meaning>ګرځېدونکے ، ګشت کوونکے ـ</meaning></meanings></int></entry></words>
