<?xml version="1.0" encoding="UTF-8"?>
<words>
  <entry>
    <word>ګوته په غاښ كېدل</word>
    <int>
      <pron/>
      <gram/>
      <poem/>
      <meanings>
        <meaning>حېرانېدل- د حېرانتيا له كبله خپله ګوته په خپلو غاښونو كښې نيول- ډېر زيات تعجب كول.</meaning>
      </meanings>
    </int>
  </entry>
<entry><word>ګوتې په غاښ نيول- كښېښودل</word><int><pron></pron><gram></gram><poem></poem><meanings><meaning>د حېرانتيا له كبله ګوتې په غاښونو كښې نيول- ډېر حېرانېدل.</meaning></meanings></int></entry></words>
