<?xml version="1.0" encoding="UTF-8"?>
<words>
  <entry>
    <word>ګوچۍ</word>
    <int>
      <pron>( ګو+چَ+ۍ )</pron>
      <gram>[اس، مو]</gram>
      <poem/>
      <meanings>
        <meaning>د خرېړو يو قسم چې په غرونو کښې کېږي 
ګوډالے</meaning>
      </meanings>
    </int>
  <int><pron>( ګو+چَ+ۍ )</pron><gram>[اس، مو]</gram><poem></poem><meanings><meaning>ګونډے، چلے، ادۍ، موڅ، ګونټه (د لوبو)(د لوبو هغه غونډې ټيکرې چې د ټيکرکو يا د کاڼو نه جوړولے شي)</meaning></meanings></int></entry>
</words>
