<?xml version="1.0" encoding="UTF-8"?>
<words>
  <entry>
    <word>ګردونه</word>
    <int>
      <pron>( ګَ+رْ+دُو+نَ )</pron>
      <gram>[اس، مو]</gram>
      <poem/>
      <meanings>
        <meaning>هغه ښځه چې دوه کسان ئې دعوېدار وي او درېم کس ته په نکاح کړے شي چې جګړه ختمه شي</meaning>
      </meanings>
    </int>
  </entry>
<entry><word>ګرده</word><int><pron>( ګ+رْ+دَ )</pron><gram>[صف، مو، ج دې]</gram><poem/><meanings><meaning>ټوله، همه، تمامي</meaning></meanings></int></entry><entry><word>ګردي</word><int><pron>( ګُ+رْ+دِي )</pron><gram>[صف]</gram><poem/><meanings><meaning>غونډ، مدور، ګول</meaning></meanings></int></entry><entry><word>ګردے</word><int><pron>( ګ+رْ+دَے )</pron><gram>[ صف ،مذ ، مو- ۍ ]</gram><poem/><meanings><meaning>غونډ، مدور</meaning><meaning>چيت، مندرے سړے</meaning><meaning>د پتون هډوکے</meaning></meanings></int></entry><entry><word>ګردېز</word><int><pron>( ګَ+رْ+دې+ز)</pron><gram>[اس، مع]</gram><poem></poem><meanings><meaning>په افغانستان کښې د يوې علاقې نوم</meaning></meanings></int></entry></words>
